<edmx:Edmx xmlns:edmx="http://schemas.microsoft.com/ado/2007/06/edmx"
	xmlns:m="http://schemas.microsoft.com/ado/2007/08/dataservices/metadata" xmlns:sap="http://www.sap.com/Protocols/SAPData" Version="1.0">
	<edmx:DataServices m:DataServiceVersion="2.0">
		<Schema xmlns="http://schemas.microsoft.com/ado/2008/09/edm" Namespace="ZODATA_OPPIDMAIN_DEAL_REQUEST_SRV" xml:lang="en"
			sap:schema-version="1">
			<EntityType Name="OPPORTUNITYID_MAINTAIN" sap:content-version="1">
				<Key><PropertyRef Name="OptId"/><PropertyRef Name="Bukrs"/></Key><Property Name="Mandt" Type="Edm.String" Nullable="false" MaxLength="3" sap:unicode="false" sap:label="Client" sap:creatable="false"
					sap:updatable="false" sap:sortable="false" sap:filterable="false"/><Property Name="OptId" Type="Edm.String" Nullable="false" MaxLength="30" sap:unicode="false" sap:label="Opportunity ID"
					sap:creatable="false" sap:updatable="false" sap:sortable="false"/><Property Name="Bukrs" Type="Edm.String" Nullable="false" MaxLength="4" sap:unicode="false" sap:label="Company code" sap:creatable="false"
					sap:updatable="false" sap:sortable="false" sap:filterable="false"/><Property Name="OppidDes" Type="Edm.String" Nullable="false" MaxLength="60" sap:unicode="false" sap:label="Opp Description"
					sap:creatable="false" sap:updatable="false" sap:sortable="false" sap:filterable="false"/><Property Name="PerResp" Type="Edm.String" Nullable="false" MaxLength="8" sap:unicode="false" sap:label="Person Responsible"
					sap:creatable="false" sap:updatable="false" sap:sortable="false"/><Property Name="PrEmil" Type="Edm.String" Nullable="false" MaxLength="35" sap:unicode="false" sap:label="Per resp email"
					sap:creatable="false" sap:updatable="false" sap:sortable="false" sap:filterable="false"/><Property Name="FinAnl" Type="Edm.String" Nullable="false" MaxLength="8" sap:unicode="false" sap:label="Fin.analyst" sap:creatable="false"
					sap:updatable="false" sap:sortable="false"/><Property Name="FinEmil" Type="Edm.String" Nullable="false" MaxLength="35" sap:unicode="false" sap:label="Fin.Analyst Mail"
					sap:creatable="false" sap:updatable="false" sap:sortable="false" sap:filterable="false"/><Property Name="ActGm" Type="Edm.String" Nullable="false" MaxLength="8" sap:unicode="false" sap:label="Acc.General Mgnr"
					sap:creatable="false" sap:updatable="false" sap:sortable="false"/><Property Name="AgmEmil" Type="Edm.String" Nullable="false" MaxLength="35" sap:unicode="false" sap:label="AGM Email" sap:creatable="false"
					sap:updatable="false" sap:sortable="false" sap:filterable="false"/><Property Name="PerAsn" Type="Edm.String" Nullable="false" MaxLength="8" sap:unicode="false" sap:label="Per asn id" sap:creatable="false"
					sap:updatable="false" sap:sortable="false"/><Property Name="PerAsnEmail" Type="Edm.String" Nullable="false" MaxLength="35" sap:unicode="false" sap:label="Email" sap:creatable="false"
					sap:updatable="false" sap:sortable="false" sap:filterable="false"/><Property Name="OmpId" Type="Edm.String" Nullable="false" MaxLength="8" sap:unicode="false" sap:label="Person ID" sap:creatable="false"
					sap:updatable="false" sap:sortable="false" sap:filterable="false"/><Property Name="OmpEmail" Type="Edm.String" Nullable="false" MaxLength="35" sap:unicode="false" sap:label="Email" sap:creatable="false"
					sap:updatable="false" sap:sortable="false" sap:filterable="false"/><Property Name="NsalStage" Type="Edm.String" Nullable="false" MaxLength="3" sap:unicode="false" sap:label="New Sales Stage"
					sap:creatable="false" sap:updatable="false" sap:sortable="false" sap:filterable="false"/><Property Name="OsalStage" Type="Edm.String" Nullable="false" MaxLength="3" sap:unicode="false" sap:label="Old Sales Stage"
					sap:creatable="false" sap:updatable="false" sap:sortable="false" sap:filterable="false"/><Property Name="CrtdDate" Type="Edm.String" Nullable="false" MaxLength="10" sap:unicode="false" sap:label="Created on" sap:creatable="false"
					sap:updatable="false" sap:sortable="false"/><Property Name="CrtdTime" Type="Edm.Time" Nullable="false" Precision="0" sap:unicode="false" sap:label="Time" sap:creatable="false"
					sap:updatable="false" sap:sortable="false" sap:filterable="false"/><Property Name="ChangedOn" Type="Edm.String" Nullable="false" MaxLength="10" sap:unicode="false" sap:label="Date" sap:creatable="false"
					sap:updatable="false" sap:sortable="false" sap:filterable="false"/><Property Name="ChangedAt" Type="Edm.Time" Nullable="false" Precision="0" sap:unicode="false" sap:label="Time" sap:creatable="false"
					sap:updatable="false" sap:sortable="false" sap:filterable="false"/><Property Name="ChangedBy" Type="Edm.String" Nullable="false" MaxLength="12" sap:unicode="false" sap:label="Last Changed By"
					sap:creatable="false" sap:updatable="false" sap:sortable="false" sap:filterable="false"/><Property Name="Status" Type="Edm.String" Nullable="false" MaxLength="12" sap:unicode="false" sap:label="Status" sap:creatable="false"
					sap:updatable="false" sap:sortable="false" sap:filterable="false"/><Property Name="WiId" Type="Edm.String" Nullable="false" MaxLength="12" sap:unicode="false" sap:label="Work Item ID" sap:creatable="false"
					sap:updatable="false" sap:sortable="false" sap:filterable="false"/></EntityType>
			<EntityType Name="OPPORTUNITYID_NOTIFICATION" sap:content-version="1">
				<Key><PropertyRef Name="UniqId"/><PropertyRef Name="OptId"/></Key><Property Name="Mandt" Type="Edm.String" Nullable="false" MaxLength="3" sap:unicode="false" sap:label="Client" sap:creatable="false"
					sap:updatable="false" sap:sortable="false" sap:filterable="false"/><Property Name="UniqId" Type="Edm.String" Nullable="false" MaxLength="30" sap:unicode="false" sap:label="Unique ID" sap:creatable="false"
					sap:updatable="false" sap:sortable="false" sap:filterable="false"/><Property Name="OptId" Type="Edm.String" Nullable="false" MaxLength="30" sap:unicode="false" sap:label="Opportunity ID"
					sap:creatable="false" sap:updatable="false" sap:sortable="false"/><Property Name="Zzsolseid" Type="Edm.String" Nullable="false" MaxLength="6" sap:unicode="false" sap:label="Svc.Off/Segment"
					sap:creatable="false" sap:updatable="false" sap:sortable="false" sap:filterable="false"/><Property Name="SolTyp" Type="Edm.String" Nullable="false" MaxLength="18" sap:unicode="false" sap:label="Solution Type"
					sap:creatable="false" sap:updatable="false" sap:sortable="false" sap:filterable="false"/><Property Name="ContModl" Type="Edm.String" Nullable="false" MaxLength="40" sap:unicode="false" sap:label="Contract Model"
					sap:creatable="false" sap:updatable="false" sap:sortable="false" sap:filterable="false"/><Property Name="Zbukrs" Type="Edm.String" Nullable="false" MaxLength="4" sap:unicode="false" sap:label="Company code" sap:creatable="false"
					sap:updatable="false" sap:sortable="false"/><Property Name="CasesafeId" Type="Edm.String" Nullable="false" MaxLength="30" sap:unicode="false" sap:label="Case Safe ID"
					sap:creatable="false" sap:updatable="false" sap:sortable="false" sap:filterable="false"/><Property Name="PerResp" Type="Edm.String" Nullable="false" MaxLength="8" sap:unicode="false" sap:label="Person Responsible"
					sap:creatable="false" sap:updatable="false" sap:sortable="false" sap:filterable="false"/><Property Name="PerEmail" Type="Edm.String" Nullable="false" MaxLength="35" sap:unicode="false" sap:label="Per resp email"
					sap:creatable="false" sap:updatable="false" sap:sortable="false" sap:filterable="false"/><Property Name="FinAnl" Type="Edm.String" Nullable="false" MaxLength="8" sap:unicode="false" sap:label="Fin.analyst" sap:creatable="false"
					sap:updatable="false" sap:sortable="false" sap:filterable="false"/><Property Name="FinEmail" Type="Edm.String" Nullable="false" MaxLength="35" sap:unicode="false" sap:label="Fin.Analyst Mail"
					sap:creatable="false" sap:updatable="false" sap:sortable="false" sap:filterable="false"/><Property Name="ActGm" Type="Edm.String" Nullable="false" MaxLength="8" sap:unicode="false" sap:label="Acc.General Mgnr"
					sap:creatable="false" sap:updatable="false" sap:sortable="false" sap:filterable="false"/><Property Name="AgmEmail" Type="Edm.String" Nullable="false" MaxLength="35" sap:unicode="false" sap:label="AGM Email" sap:creatable="false"
					sap:updatable="false" sap:sortable="false" sap:filterable="false"/><Property Name="OmpId" Type="Edm.String" Nullable="false" MaxLength="8" sap:unicode="false" sap:label="Person ID" sap:creatable="false"
					sap:updatable="false" sap:sortable="false" sap:filterable="false"/><Property Name="OmpEmail" Type="Edm.String" Nullable="false" MaxLength="35" sap:unicode="false" sap:label="Email" sap:creatable="false"
					sap:updatable="false" sap:sortable="false" sap:filterable="false"/><Property Name="PerAsn" Type="Edm.String" Nullable="false" MaxLength="8" sap:unicode="false" sap:label="Per asn id" sap:creatable="false"
					sap:updatable="false" sap:sortable="false"/><Property Name="PerAsnEmail" Type="Edm.String" Nullable="false" MaxLength="35" sap:unicode="false" sap:label="Email" sap:creatable="false"
					sap:updatable="false" sap:sortable="false" sap:filterable="false"/><Property Name="TclVal" Type="Edm.String" Nullable="false" MaxLength="30" sap:unicode="false" sap:label="TCV (USD only)"
					sap:creatable="false" sap:updatable="false" sap:sortable="false" sap:filterable="false"/><Property Name="DisPos" Type="Edm.String" Nullable="false" MaxLength="30" sap:unicode="false" sap:label="Disposition" sap:creatable="false"
					sap:updatable="false" sap:sortable="false" sap:filterable="false"/><Property Name="DispChCmt" Type="Edm.String" Nullable="false" MaxLength="255" sap:unicode="false" sap:label="Disp.comments"
					sap:creatable="false" sap:updatable="false" sap:sortable="false" sap:filterable="false"/><Property Name="DoNotprs" Type="Edm.String" Nullable="false" MaxLength="1" sap:unicode="false" sap:label="Proc Indicator"
					sap:creatable="false" sap:updatable="false" sap:sortable="false" sap:filterable="false"/><Property Name="NotPrssCmt" Type="Edm.String" Nullable="false" MaxLength="255" sap:unicode="false" sap:label="Don't process"
					sap:creatable="false" sap:updatable="false" sap:sortable="false" sap:filterable="false"/><Property Name="PrjReqNo" Type="Edm.String" Nullable="false" MaxLength="10" sap:unicode="false" sap:label="Project/WBS Req.id"
					sap:creatable="false" sap:updatable="false" sap:sortable="false" sap:filterable="false"/><Property Name="Status" Type="Edm.String" Nullable="false" MaxLength="12" sap:unicode="false" sap:label="Status" sap:creatable="false"
					sap:updatable="false" sap:sortable="false"/><Property Name="WiId" Type="Edm.String" Nullable="false" MaxLength="12" sap:unicode="false" sap:label="Work Item ID" sap:creatable="false"
					sap:updatable="false" sap:sortable="false" sap:filterable="false"/><Property Name="CrtdOn" Type="Edm.DateTime" Nullable="false" Precision="7" sap:unicode="false" sap:label="Created on" sap:creatable="false"
					sap:updatable="false" sap:sortable="false"/><Property Name="CrtdAt" Type="Edm.Time" Nullable="false" Precision="0" sap:unicode="false" sap:label="Time" sap:creatable="false"
					sap:updatable="false" sap:sortable="false" sap:filterable="false"/><Property Name="ChangedOn" Type="Edm.DateTime" Nullable="false" Precision="7" sap:unicode="false" sap:label="Date" sap:creatable="false"
					sap:updatable="false" sap:sortable="false" sap:filterable="false"/><Property Name="ChangedAt" Type="Edm.Time" Nullable="false" Precision="0" sap:unicode="false" sap:label="Time" sap:creatable="false"
					sap:updatable="false" sap:sortable="false" sap:filterable="false"/></EntityType>
			<EntityContainer Name="ZODATA_OPPIDMAIN_DEAL_REQUEST_SRV_Entities" m:IsDefaultEntityContainer="true" sap:supported-formats="atom json xlsx"><EntitySet Name="OPPORTUNITYID_MAINTAINSet" EntityType="ZODATA_OPPIDMAIN_DEAL_REQUEST_SRV.OPPORTUNITYID_MAINTAIN" sap:creatable="false"
				sap:updatable="false" sap:deletable="false" sap:pageable="false" sap:content-version="1"/><EntitySet Name="OPPORTUNITYID_NOTIFICATIONSet" EntityType="ZODATA_OPPIDMAIN_DEAL_REQUEST_SRV.OPPORTUNITYID_NOTIFICATION"
				sap:creatable="false" sap:updatable="false" sap:deletable="false" sap:pageable="false" sap:content-version="1"/></EntityContainer><atom:link xmlns:atom="http://www.w3.org/2005/Atom" rel="self" href="./sap/ZODATA_OPPIDMAIN_DEAL_REQUEST_SRV/$metadata"/><atom:link xmlns:atom="http://www.w3.org/2005/Atom" rel="latest-version" href="./sap/ZODATA_OPPIDMAIN_DEAL_REQUEST_SRV/$metadata"/></Schema>
	</edmx:DataServices>
</edmx:Edmx>