{
	"1": {
		"segmentKey": "",
		"isSegmentDDEnable": true,
		"SegmentDD": []
	},
	"2": {
		"offeringFamilyKey": "",
		"isOfferingFamilyDDEnable": true,
		"OfferingFamilyDD": []
	},
	"3": {
		"majorOfferingKey": "",
		"isMajorOfferingDDEnable": true,
		"MajorOfferingDD": []
	},
	"4": {
		"offeringKey": "",
		"isOfferingDDEnable": false,
		"OfferingDD": []
	},
	"5": {
		"offeringLineKey": "",
		"isOfferingLineDDEnable": false,
		"OfferingLineDD": []
	},
	"6": {
		"contractTypeKey": "",
		"isContractTypeDDEnable": false,
		"ContractTypeDD": []
	},
	"7": {
		"materialKey": "",
		"isMaterialDDEnable": false,
		"MaterialDD": []
	}
}