{
	"iwoStr": {
		"status": "",
		"empId": "",
		"masterWBS": "",
		"sow": "",
		"sowFreeText": "",
		"startDate": "",
		"endDate": "",
		"profiCenter": "",
		"hours": "",
		"projectManager": "",
		"performingManager": "",
		"perCoCode": "",
		"financePOCOrgSide": "",
		"financePOCPefSide": ""
	},
	"emp": [{
		"empID": "23183473",
		"groupID": "C1",
		"empName": "Mayank Jain"
	}, {
		"empID": "23183474",
		"groupID": "C1",
		"empName": "Srinivasulu Vallepu"
	}, {
		"empID": "23183475",
		"groupID": "C1",
		"empName": "Srinivas Vaddiparthy"
	}, {
		"empID": "23183476",
		"groupID": "GSAP",
		"empName": "Szymon Glapiak"
	}, {
		"empID": "23183477",
		"groupID": "GSAP",
		"empName": "Naren Mondal"
	}],
	"HeaderData": {
		"TabIconNo": 1,
		"addiFildRowCont": "",
		"ReqID" :""
	},

	"SearchEmployee": [

	],
	"WBSAttachSet":[],
	"sowData": [],
	"empData": [],
	"iwoTab": [],
	"iwoTabNonTrack": [],
	"iwoTabTravel": [],
	"iwoMassChange": [],
	"laborData": [],
	"itemLaborData": [],
	"taskData": [],
	"revenueData": [],
	"wbsInternal":[],
	"wbsRevenue":[],
	"errorResults":[],
	"rowClickCountRev":[],
	"rowClickCountInt":[],
	"toOpprData": []
}