<edmx:Edmx xmlns:edmx="http://schemas.microsoft.com/ado/2007/06/edmx"
	xmlns:m="http://schemas.microsoft.com/ado/2007/08/dataservices/metadata" xmlns:sap="http://www.sap.com/Protocols/SAPData" Version="1.0">
	<edmx:Reference xmlns:edmx="http://docs.oasis-open.org/odata/ns/edmx"
		Uri="./IWFND/CATALOGSERVICE;v=2/Vocabularies(TechnicalName='%2FIWBEP%2FVOC_COMMON',Version='0001',SAP__Origin='S4MDG')/$value"><edmx:Include Namespace="com.sap.vocabularies.Common.v1" Alias="Common"/></edmx:Reference>
	<edmx:DataServices m:DataServiceVersion="2.0">
		<Schema xmlns="http://schemas.microsoft.com/ado/2008/09/edm" Namespace="ZC_GPRS_PS_REASSIGNID_CDS" xml:lang="en" sap:schema-version="1">
			<EntityType Name="ZC_GPRS_PS_REASSIGNIDType" sap:label="Project/WBS within scope for reassig" sap:content-version="1">
				<Key><PropertyRef Name="ERPSystem"/><PropertyRef Name="projectid"/><PropertyRef Name="wbsid"/><PropertyRef Name="contract"/><PropertyRef Name="itemsd"/><PropertyRef Name="fieldreassigned"/></Key><Property Name="ERPSystem" Type="Edm.String" Nullable="false" MaxLength="10" sap:display-format="UpperCase" sap:label="Request Number"
					sap:quickinfo="Target erp"/><Property Name="status" Type="Edm.String" MaxLength="1" sap:display-format="UpperCase" sap:label="Success or Failure in ERP"
					sap:quickinfo="Processing status"/><Property Name="messagelog" Type="Edm.String" MaxLength="255" sap:display-format="UpperCase" sap:label="Message Log"
					sap:quickinfo="Message log"/><Property Name="changedon" Type="Edm.DateTime" Precision="0" sap:display-format="Date" sap:label="Date" sap:quickinfo="Last Changed On"/><Property Name="changedat" Type="Edm.Time" Precision="0" sap:label="Time" sap:quickinfo="Last changed at"/><Property Name="projectid" Type="Edm.String" Nullable="false" MaxLength="24" sap:display-format="UpperCase" sap:label="Project ID"
					sap:quickinfo="Project Definition"/><Property Name="wbsid" Type="Edm.String" Nullable="false" MaxLength="24" sap:display-format="UpperCase" sap:label="WBS ID"
					sap:quickinfo="Work Breakdown Structure Element (WBS Element)"/><Property Name="contract" Type="Edm.String" Nullable="false" MaxLength="10" sap:display-format="UpperCase" sap:label="Contract No"/><Property Name="itemsd" Type="Edm.String" Nullable="false" MaxLength="6" sap:display-format="NonNegative" sap:label="SD Contract Line Item"
					sap:quickinfo="Item number of the SD document"/><Property Name="fieldreassigned" Type="Edm.String" Nullable="false" MaxLength="20" sap:display-format="UpperCase"
					sap:label="Field reassigned" sap:quickinfo="field reassigned"/><Property Name="oldvalue" Type="Edm.String" MaxLength="8" sap:display-format="UpperCase" sap:label="Old Value" sap:quickinfo="old value"/><Property Name="newvalue" Type="Edm.String" MaxLength="8" sap:display-format="UpperCase" sap:label="newvalue" sap:quickinfo="New Value"/><Property Name="timeapproval" Type="Edm.Decimal" Precision="15" Scale="0" sap:label="Timestamp of change"
					sap:quickinfo="Timestamp of Approval"/></EntityType>
			<EntityContainer Name="ZC_GPRS_PS_REASSIGNID_CDS_Entities" m:IsDefaultEntityContainer="true" sap:supported-formats="atom json xlsx"><EntitySet Name="ZC_GPRS_PS_REASSIGNID" EntityType="ZC_GPRS_PS_REASSIGNID_CDS.ZC_GPRS_PS_REASSIGNIDType" sap:creatable="false"
				sap:updatable="false" sap:deletable="false" sap:content-version="1"/></EntityContainer><atom:link xmlns:atom="http://www.w3.org/2005/Atom" rel="self" href="./sap/ZC_GPRS_PS_REASSIGNID_CDS/$metadata"/><atom:link xmlns:atom="http://www.w3.org/2005/Atom" rel="latest-version" href="./sap/ZC_GPRS_PS_REASSIGNID_CDS/$metadata"/></Schema>
	</edmx:DataServices>
</edmx:Edmx>