<edmx:Edmx xmlns:edmx="http://docs.oasis-open.org/odata/ns/edmx" Version="4.0">
	<edmx:Reference Uri="../../catalogservice;v=2/Vocabularies(TechnicalName='%2FIWBEP%2FVOC_COMMON',Version='0001',SAP__Origin='S4MDG')/$value"><edmx:Include Namespace="com.sap.vocabularies.Common.v1" Alias="Common"/></edmx:Reference>
	<edmx:Reference Uri="../../catalogservice;v=2/Vocabularies(TechnicalName='%2FIWBEP%2FVOC_UI',Version='0001',SAP__Origin='S4MDG')/$value"><edmx:Include Namespace="com.sap.vocabularies.UI.v1" Alias="UI"/></edmx:Reference>
	<edmx:Reference
		Uri="../../catalogservice;v=2/Vocabularies(TechnicalName='%2FIWBEP%2FVOC_COMMUNICATION',Version='0001',SAP__Origin='S4MDG')/$value"><edmx:Include Namespace="com.sap.vocabularies.Communication.v1" Alias="Communication"/></edmx:Reference>
	<edmx:Reference Uri="../../../sap/zc_gprs_ps_reassignid_cds/$metadata"><edmx:Include Namespace="ZC_GPRS_PS_REASSIGNID_CDS" Alias="SAP"/></edmx:Reference>
	<edmx:DataServices>
		<Schema xmlns="http://docs.oasis-open.org/odata/ns/edm" Namespace="zc_gprs_ps_reassignid_cds_van.v1">
			<Annotations Target="ZC_GPRS_PS_REASSIGNID_CDS.ZC_GPRS_PS_REASSIGNIDType">
				<Annotation Term="UI.LineItem">
					<Collection>
						<Record Type="UI.DataField"><PropertyValue Property="Value" Path="ERPSystem"/></Record>
						<Record Type="UI.DataField"><PropertyValue Property="Value" Path="projectid"/></Record>
						<Record Type="UI.DataField"><PropertyValue Property="Value" Path="wbsid"/></Record>
						<Record Type="UI.DataField"><PropertyValue Property="Value" Path="contract"/></Record>
						<Record Type="UI.DataField"><PropertyValue Property="Value" Path="oldvalue"/></Record>
						<Record Type="UI.DataField"><PropertyValue Property="Value" Path="newvalue"/></Record>
					</Collection>
				</Annotation>
				<Annotation Term="UI.SelectionFields">
					<Collection>
						<PropertyPath>ERPSystem</PropertyPath>
						<PropertyPath>projectid</PropertyPath>
						<PropertyPath>wbsid</PropertyPath>
						<PropertyPath>contract</PropertyPath>
						<PropertyPath>oldvalue</PropertyPath>
						<PropertyPath>itemsd</PropertyPath>
						<PropertyPath>newvalue</PropertyPath>
						<PropertyPath>fieldreassigned</PropertyPath>
						<PropertyPath>timeapproval</PropertyPath>
						<PropertyPath>status</PropertyPath>
						<PropertyPath>messagelog</PropertyPath>
					</Collection>
				</Annotation>
			</Annotations>
		</Schema>
	</edmx:DataServices>
</edmx:Edmx>