<edmx:Edmx xmlns:edmx="http://schemas.microsoft.com/ado/2007/06/edmx"
	xmlns:m="http://schemas.microsoft.com/ado/2007/08/dataservices/metadata" xmlns:sap="http://www.sap.com/Protocols/SAPData" Version="1.0">
	<edmx:DataServices m:DataServiceVersion="2.0">
		<Schema xmlns="http://schemas.microsoft.com/ado/2008/09/edm" Namespace="ZODATA_AUTO_WBS_CLOSURE_CO_SRV_01" xml:lang="en"
			sap:schema-version="1">
			<EntityType Name="cocode" sap:content-version="1">
				<Key><PropertyRef Name="SysId"/><PropertyRef Name="Bukrs"/></Key><Property Name="SysId" Type="Edm.String" Nullable="false" MaxLength="10" sap:unicode="false" sap:label="System ID" sap:creatable="false"
					sap:updatable="false" sap:sortable="false" sap:filterable="false"/><Property Name="Bukrs" Type="Edm.String" Nullable="false" MaxLength="4" sap:unicode="false" sap:label="Company Code" sap:creatable="false"
					sap:updatable="false" sap:sortable="false" sap:filterable="false"/></EntityType>
			<EntityType Name="PER_RES" sap:content-version="1">
				<Key><PropertyRef Name="SysId"/><PropertyRef Name="Zposid"/><PropertyRef Name="Wbsowner1"/></Key><Property Name="SysId" Type="Edm.String" Nullable="false" MaxLength="10" sap:unicode="false" sap:label="System ID" sap:creatable="false"
					sap:updatable="false" sap:sortable="false" sap:filterable="false"/><Property Name="Zposid" Type="Edm.String" Nullable="false" MaxLength="24" sap:unicode="false" sap:label="WBS ID" sap:creatable="false"
					sap:updatable="false" sap:sortable="false" sap:filterable="false"/><Property Name="Wbsowner1" Type="Edm.String" Nullable="false" MaxLength="8" sap:unicode="false" sap:label="Person Responsible"
					sap:creatable="false" sap:updatable="false" sap:sortable="false" sap:filterable="false"/></EntityType>
			<EntityType Name="Fin_ana" sap:content-version="1">
				<Key><PropertyRef Name="SysId"/><PropertyRef Name="Zposid"/><PropertyRef Name="FinApp"/></Key><Property Name="SysId" Type="Edm.String" Nullable="false" MaxLength="10" sap:unicode="false" sap:label="System ID" sap:creatable="false"
					sap:updatable="false" sap:sortable="false" sap:filterable="false"/><Property Name="Zposid" Type="Edm.String" Nullable="false" MaxLength="24" sap:unicode="false" sap:label="WBS ID" sap:creatable="false"
					sap:updatable="false" sap:sortable="false" sap:filterable="false"/><Property Name="FinApp" Type="Edm.String" Nullable="false" MaxLength="8" sap:unicode="false" sap:label="Finance Analyst ID"
					sap:creatable="false" sap:updatable="false" sap:sortable="false" sap:filterable="false"/></EntityType>
			<EntityType Name="Proj_id" sap:content-version="1">
				<Key><PropertyRef Name="SysId"/><PropertyRef Name="Zpspid"/></Key><Property Name="SysId" Type="Edm.String" Nullable="false" MaxLength="10" sap:unicode="false" sap:label="System ID" sap:creatable="false"
					sap:updatable="false" sap:sortable="false"/><Property Name="Zpspid" Type="Edm.String" Nullable="false" MaxLength="24" sap:unicode="false" sap:label="ZPSPID" sap:creatable="false"
					sap:updatable="false" sap:sortable="false"/></EntityType>
			<EntityType Name="ZCDS_AUTO_WBS_CLS" sap:content-version="1">
				<Key><PropertyRef Name="SysId"/><PropertyRef Name="Zposid"/></Key><Property Name="Sydatum" Type="Edm.String" MaxLength="10" sap:unicode="false" sap:label="Run Date" sap:creatable="false"
					sap:updatable="false" sap:sortable="false" sap:filterable="false"/><Property Name="SysId" Type="Edm.String" Nullable="false" MaxLength="10" sap:unicode="false" sap:label="System ID" sap:creatable="false"
					sap:updatable="false" sap:sortable="false"/><Property Name="ErrMsg" Type="Edm.String" Nullable="false" MaxLength="150" sap:unicode="false" sap:label="Return msg" sap:creatable="false"
					sap:updatable="false" sap:sortable="false" sap:filterable="false"/><Property Name="Zposid" Type="Edm.String" Nullable="false" MaxLength="24" sap:unicode="false" sap:label="WBS ID" sap:creatable="false"
					sap:updatable="false" sap:sortable="false"/><Property Name="ChangedBy" Type="Edm.String" Nullable="false" MaxLength="12" sap:unicode="false" sap:label="Last Changed By"
					sap:creatable="false" sap:updatable="false" sap:sortable="false" sap:filterable="false"/><Property Name="Zpspid" Type="Edm.String" Nullable="false" MaxLength="24" sap:unicode="false" sap:label="Project ID" sap:creatable="false"
					sap:updatable="false" sap:sortable="false" sap:filterable="false"/><Property Name="ChangedOn" Type="Edm.String" MaxLength="10" sap:unicode="false" sap:label="Date" sap:creatable="false" sap:updatable="false"
					sap:sortable="false" sap:filterable="false"/><Property Name="F" Type="Edm.String" Nullable="false" MaxLength="4" sap:unicode="false" sap:label="Company Code" sap:creatable="false"
					sap:updatable="false" sap:sortable="false" sap:filterable="false"/><Property Name="AutoClsd" Type="Edm.String" Nullable="false" MaxLength="1" sap:unicode="false" sap:label="Auto Close Stat"
					sap:creatable="false" sap:updatable="false" sap:sortable="false"/><Property Name="ChangedAt" Type="Edm.Time" Nullable="false" Precision="0" sap:unicode="false" sap:label="Time" sap:creatable="false"
					sap:updatable="false" sap:sortable="false" sap:filterable="false"/><Property Name="AuclDate" Type="Edm.String" MaxLength="10" sap:unicode="false" sap:label="Closed Date" sap:creatable="false"
					sap:updatable="false" sap:sortable="false" sap:filterable="false"/><Property Name="Systatusline" Type="Edm.String" Nullable="false" MaxLength="40" sap:unicode="false" sap:label="System Status"
					sap:creatable="false" sap:updatable="false" sap:sortable="false" sap:filterable="false"/><Property Name="Ustatusline" Type="Edm.String" Nullable="false" MaxLength="40" sap:unicode="false" sap:label="User Status"
					sap:creatable="false" sap:updatable="false" sap:sortable="false" sap:filterable="false"/><Property Name="Stufe" Type="Edm.Byte" Nullable="false" sap:unicode="false" sap:label="WBS Level" sap:creatable="false"
					sap:updatable="false" sap:sortable="false" sap:filterable="false"/><Property Name="Wbsowner1" Type="Edm.String" Nullable="false" MaxLength="8" sap:unicode="false" sap:label="Person Responsible"
					sap:creatable="false" sap:updatable="false" sap:sortable="false" sap:filterable="false"/><Property Name="FinApp" Type="Edm.String" Nullable="false" MaxLength="8" sap:unicode="false" sap:label="Finance Analyst ID"
					sap:creatable="false" sap:updatable="false" sap:sortable="false" sap:filterable="false"/><Property Name="PrjAc" Type="Edm.String" Nullable="false" MaxLength="8" sap:unicode="false" sap:label="Project Admin" sap:creatable="false"
					sap:updatable="false" sap:sortable="false" sap:filterable="false"/><Property Name="Zzpgid" Type="Edm.String" Nullable="false" MaxLength="24" sap:unicode="false" sap:label="Program/Contract Id"
					sap:creatable="false" sap:updatable="false" sap:sortable="false" sap:filterable="false"/><Property Name="Zkunnr" Type="Edm.String" Nullable="false" MaxLength="10" sap:unicode="false" sap:label="Client ID" sap:creatable="false"
					sap:updatable="false" sap:sortable="false" sap:filterable="false"/><Property Name="Plakz" Type="Edm.String" Nullable="false" MaxLength="1" sap:unicode="false" sap:label="Plan Indicator" sap:creatable="false"
					sap:updatable="false" sap:sortable="false" sap:filterable="false"/><Property Name="Belkz" Type="Edm.String" Nullable="false" MaxLength="1" sap:unicode="false" sap:label="Acc.Ass Ind" sap:creatable="false"
					sap:updatable="false" sap:sortable="false" sap:filterable="false"/><Property Name="Fakkz" Type="Edm.String" Nullable="false" MaxLength="1" sap:unicode="false" sap:label="Bill Indicator" sap:creatable="false"
					sap:updatable="false" sap:sortable="false" sap:filterable="false"/><Property Name="PoCheck" Type="Edm.String" Nullable="false" MaxLength="1" sap:unicode="false" sap:label="No Open PO" sap:creatable="false"
					sap:updatable="false" sap:sortable="false" sap:filterable="false"/><Property Name="SoCheck" Type="Edm.String" Nullable="false" MaxLength="1" sap:unicode="false" sap:label="No Open SO" sap:creatable="false"
					sap:updatable="false" sap:sortable="false" sap:filterable="false"/><Property Name="FinCheck" Type="Edm.String" Nullable="false" MaxLength="1" sap:unicode="false" sap:label="No Fin Act" sap:creatable="false"
					sap:updatable="false" sap:sortable="false" sap:filterable="false"/><Property Name="TimCheck" Type="Edm.String" Nullable="false" MaxLength="1" sap:unicode="false" sap:label="Timesheets" sap:creatable="false"
					sap:updatable="false" sap:sortable="false" sap:filterable="false"/><Property Name="FaCheck" Type="Edm.String" Nullable="false" MaxLength="1" sap:unicode="false" sap:label="No Fixed Ats" sap:creatable="false"
					sap:updatable="false" sap:sortable="false" sap:filterable="false"/><Property Name="BalCheck" Type="Edm.String" Nullable="false" MaxLength="1" sap:unicode="false" sap:label="Balances" sap:creatable="false"
					sap:updatable="false" sap:sortable="false" sap:filterable="false"/><Property Name="UrCheck" Type="Edm.String" Nullable="false" MaxLength="1" sap:unicode="false" sap:label="No Unbuild Rev"
					sap:creatable="false" sap:updatable="false" sap:sortable="false" sap:filterable="false"/><Property Name="AlsCheck" Type="Edm.String" Nullable="false" MaxLength="1" sap:unicode="false" sap:label="Lean Stafing"
					sap:creatable="false" sap:updatable="false" sap:sortable="false" sap:filterable="false"/><Property Name="ActSord" Type="Edm.String" Nullable="false" MaxLength="1" sap:unicode="false" sap:label="Service Order"
					sap:creatable="false" sap:updatable="false" sap:sortable="false" sap:filterable="false"/><Property Name="ChkAgain" Type="Edm.String" MaxLength="10" sap:unicode="false" sap:label="Check" sap:creatable="false" sap:sortable="false"
					sap:filterable="false"/><Property Name="IgFurun" Type="Edm.String" Nullable="false" MaxLength="1" sap:unicode="false" sap:label="Future Runs" sap:creatable="false"
					sap:sortable="false" sap:filterable="false"/><Property Name="AskPm" Type="Edm.String" Nullable="false" MaxLength="1" sap:unicode="false" sap:label="Ask PM" sap:creatable="false"
					sap:sortable="false" sap:filterable="false"/><Property Name="CldComnt" Type="Edm.String" Nullable="false" MaxLength="255" sap:unicode="false" sap:label="Comments" sap:creatable="false"
					sap:updatable="false" sap:sortable="false" sap:filterable="false"/><Property Name="Open_iwo" Type="Edm.String" Nullable="false" MaxLength="1" sap:unicode="false" sap:label="Open IWO" sap:creatable="false"
					sap:updatable="false" sap:sortable="false" sap:filterable="false"/></EntityType>
			<EntityType Name="proj_def" sap:content-version="1">
				<Key><PropertyRef Name="SysId"/><PropertyRef Name="Zpspid"/></Key><Property Name="SysId" Type="Edm.String" Nullable="false" MaxLength="10" sap:unicode="false" sap:label="System ID" sap:creatable="false"
					sap:updatable="false" sap:sortable="false"/><Property Name="Zpspid" Type="Edm.String" Nullable="false" MaxLength="24" sap:unicode="false" sap:label="Project ID" sap:creatable="false"
					sap:updatable="false" sap:sortable="false"/><Property Name="Zposid" Type="Edm.String" Nullable="false" MaxLength="24" sap:unicode="false" sap:label="WBS ID" sap:creatable="false"
					sap:updatable="false" sap:sortable="false" sap:filterable="false"/><Property Name="Wbsowner1" Type="Edm.String" Nullable="false" MaxLength="8" sap:unicode="false" sap:label="Person Responsible"
					sap:creatable="false" sap:updatable="false" sap:sortable="false" sap:filterable="false"/><Property Name="FinApp" Type="Edm.String" Nullable="false" MaxLength="8" sap:unicode="false" sap:label="Finance Analyst ID"
					sap:creatable="false" sap:updatable="false" sap:sortable="false" sap:filterable="false"/></EntityType>
			<EntityContainer Name="ZODATA_AUTO_WBS_CLOSURE_CO_SRV_01_Entities" m:IsDefaultEntityContainer="true" sap:supported-formats="atom json xlsx"><EntitySet Name="cocodeSet" EntityType="ZODATA_AUTO_WBS_CLOSURE_CO_SRV_01.cocode" sap:creatable="false" sap:updatable="false"
				sap:deletable="false" sap:pageable="false" sap:content-version="1"/><EntitySet Name="PER_RESSet" EntityType="ZODATA_AUTO_WBS_CLOSURE_CO_SRV_01.PER_RES" sap:creatable="false" sap:updatable="false"
				sap:deletable="false" sap:pageable="false" sap:content-version="1"/><EntitySet Name="Fin_anaSet" EntityType="ZODATA_AUTO_WBS_CLOSURE_CO_SRV_01.Fin_ana" sap:creatable="false" sap:updatable="false"
				sap:deletable="false" sap:pageable="false" sap:content-version="1"/><EntitySet Name="Proj_idSet" EntityType="ZODATA_AUTO_WBS_CLOSURE_CO_SRV_01.Proj_id" sap:creatable="false" sap:updatable="false"
				sap:deletable="false" sap:pageable="false" sap:content-version="1"/><EntitySet Name="ZCDS_AUTO_WBS_CLSSet" EntityType="ZODATA_AUTO_WBS_CLOSURE_CO_SRV_01.ZCDS_AUTO_WBS_CLS" sap:creatable="false"
				sap:updatable="false" sap:deletable="false" sap:pageable="false" sap:content-version="1"/><EntitySet Name="proj_defSet" EntityType="ZODATA_AUTO_WBS_CLOSURE_CO_SRV_01.proj_def" sap:creatable="false" sap:updatable="false"
				sap:deletable="false" sap:pageable="false" sap:content-version="1"/></EntityContainer><atom:link xmlns:atom="http://www.w3.org/2005/Atom" rel="self" href="./sap/ZODATA_AUTO_WBS_CLOSURE_CO_SRV_01/$metadata"/><atom:link xmlns:atom="http://www.w3.org/2005/Atom" rel="latest-version" href="./sap/ZODATA_AUTO_WBS_CLOSURE_CO_SRV_01/$metadata"/></Schema>
	</edmx:DataServices>
</edmx:Edmx>