<edmx:Edmx xmlns:edmx="http://schemas.microsoft.com/ado/2007/06/edmx"
	xmlns:m="http://schemas.microsoft.com/ado/2007/08/dataservices/metadata" xmlns:sap="http://www.sap.com/Protocols/SAPData" Version="1.0">
	<edmx:DataServices m:DataServiceVersion="2.0">
		<Schema xmlns="http://schemas.microsoft.com/ado/2008/09/edm" Namespace="ZODATA_ZWBSOPPID_GROUP_REQUEST_SRV" xml:lang="en"
			sap:schema-version="1">
			<EntityType Name="OPPID_GROUP" sap:content-version="1">
				<Key><PropertyRef Name="UniqId"/></Key><Property Name="Mandt" Type="Edm.String" Nullable="false" MaxLength="3" sap:unicode="false" sap:label="Client" sap:creatable="false"
					sap:updatable="false" sap:sortable="false" sap:filterable="false"/><Property Name="UniqId" Type="Edm.String" Nullable="false" MaxLength="35" sap:unicode="false" sap:label="Unique GUI ID"
					sap:creatable="false" sap:updatable="false" sap:sortable="false" sap:filterable="false"/><Property Name="OptId" Type="Edm.String" Nullable="false" MaxLength="30" sap:unicode="false" sap:label="Opportunity ID"
					sap:creatable="false" sap:updatable="false" sap:sortable="false"/><Property Name="Zzsolseid" Type="Edm.String" Nullable="false" MaxLength="6" sap:unicode="false" sap:label="Svc.Off/Segment"
					sap:creatable="false" sap:updatable="false" sap:sortable="false" sap:filterable="false"/><Property Name="SolTyp" Type="Edm.String" Nullable="false" MaxLength="18" sap:unicode="false" sap:label="Solution Type"
					sap:creatable="false" sap:updatable="false" sap:sortable="false" sap:filterable="false"/><Property Name="ContModl" Type="Edm.String" Nullable="false" MaxLength="40" sap:unicode="false" sap:label="Contract Type"
					sap:creatable="false" sap:updatable="false" sap:sortable="false" sap:filterable="false"/><Property Name="Zbukrs" Type="Edm.String" Nullable="false" MaxLength="4" sap:unicode="false" sap:label="Company code" sap:creatable="false"
					sap:updatable="false" sap:sortable="false" sap:filterable="false"/><Property Name="SafecaseId" Type="Edm.String" Nullable="false" MaxLength="30" sap:unicode="false" sap:label="Safecase Id"
					sap:creatable="false" sap:updatable="false" sap:sortable="false" sap:filterable="false"/><Property Name="OptManag" Type="Edm.String" Nullable="false" MaxLength="8" sap:unicode="false" sap:label="opp.Manager" sap:creatable="false"
					sap:updatable="false" sap:sortable="false"/><Property Name="FinAnl" Type="Edm.String" Nullable="false" MaxLength="8" sap:unicode="false" sap:label="Fin.analyst" sap:creatable="false"
					sap:updatable="false" sap:sortable="false"/><Property Name="PerResp" Type="Edm.String" Nullable="false" MaxLength="8" sap:unicode="false" sap:label="Person Responsible"
					sap:creatable="false" sap:updatable="false" sap:sortable="false" sap:filterable="false"/><Property Name="TcvVal" Type="Edm.String" Nullable="false" MaxLength="30" sap:unicode="false" sap:label="TCV (USD only)"
					sap:creatable="false" sap:updatable="false" sap:sortable="false" sap:filterable="false"/><Property Name="DisPos" Type="Edm.String" Nullable="false" MaxLength="30" sap:unicode="false" sap:label="Disposition" sap:creatable="false"
					sap:updatable="false" sap:sortable="false" sap:filterable="false"/><Property Name="CrtdDate" Type="Edm.DateTime" Precision="7" sap:unicode="false" sap:label="Created on" sap:creatable="false"
					sap:updatable="false" sap:sortable="false" sap:filterable="false"/><Property Name="CrtdTime" Type="Edm.Time" Nullable="false" Precision="0" sap:unicode="false" sap:label="Time" sap:creatable="false"
					sap:updatable="false" sap:sortable="false" sap:filterable="false"/><Property Name="ChangedOn" Type="Edm.DateTime" Precision="7" sap:unicode="false" sap:label="Date" sap:creatable="false"
					sap:updatable="false" sap:sortable="false" sap:filterable="false"/><Property Name="ChangedAt" Type="Edm.Time" Nullable="false" Precision="0" sap:unicode="false" sap:label="Time" sap:creatable="false"
					sap:updatable="false" sap:sortable="false" sap:filterable="false"/><Property Name="ReqNum" Type="Edm.String" Nullable="false" MaxLength="10" sap:unicode="false" sap:label="Req.Number" sap:creatable="false"
					sap:updatable="false" sap:sortable="false" sap:filterable="false"/><Property Name="DispChCmt" Type="Edm.String" Nullable="false" MaxLength="255" sap:unicode="false" sap:label="Disposition"
					sap:creatable="false" sap:updatable="false" sap:sortable="false" sap:filterable="false"/><Property Name="Status" Type="Edm.String" Nullable="false" MaxLength="12" sap:unicode="false" sap:label="Status" sap:creatable="false"
					sap:updatable="false" sap:sortable="false"/><Property Name="PerAsn" Type="Edm.String" Nullable="false" MaxLength="8" sap:unicode="false" sap:label="Person Assigned"
					sap:creatable="false" sap:updatable="false" sap:sortable="false"/><Property Name="NotPrssCmt" Type="Edm.String" Nullable="false" MaxLength="255" sap:unicode="false" sap:label="Don't process"
					sap:creatable="false" sap:updatable="false" sap:sortable="false" sap:filterable="false"/></EntityType>
			<EntityContainer Name="ZODATA_ZWBSOPPID_GROUP_REQUEST_SRV_Entities" m:IsDefaultEntityContainer="true" sap:supported-formats="atom json xlsx"><EntitySet Name="OPPID_GROUPSet" EntityType="ZODATA_ZWBSOPPID_GROUP_REQUEST_SRV.OPPID_GROUP" sap:creatable="false" sap:updatable="false"
				sap:deletable="false" sap:pageable="false" sap:content-version="1"/></EntityContainer><atom:link xmlns:atom="http://www.w3.org/2005/Atom" rel="self" href="./sap/ZODATA_ZWBSOPPID_GROUP_REQUEST_SRV/$metadata"/><atom:link xmlns:atom="http://www.w3.org/2005/Atom" rel="latest-version" href="./sap/ZODATA_ZWBSOPPID_GROUP_REQUEST_SRV/$metadata"/></Schema>
	</edmx:DataServices>
</edmx:Edmx>