<core:FragmentDefinition xmlns:core="sap.ui.core" xmlns="sap.m" xmlns:f="sap.ui.layout.form">
	<Dialog contentHeight="auto" contentWidth="850px" horizontalScrolling="true" showHeader="true" state="None" stretch="false"
		title="{i18n>Addrec}" type="Standard" verticalScrolling="true" id="idadddialog" draggable="true" resizable="true">
		<content>
			<f:SimpleForm id="idWBSAddFields" editable="true" layout="ResponsiveGridLayout" title="" labelSpanXL="2" labelSpanL="2" labelSpanM="2"
				labelSpanS="12" adjustLabelSpan="true" emptySpanXL="0" emptySpanL="0" emptySpanM="0" emptySpanS="0" columnsXL="1" columnsL="1" columnsM="1"
				singleContainerFullSize="false">
				<f:content align="center">
					<!--<Label text="{i18n>Sequenceno}"/>-->
					<!--<Input value="{WbsElem>/Zz_bpa}" width="180px" id="idBPO" type="Number" maxLength="2"/>-->
					<!--<Input value="{ZODATA_WBS_HELP_SRV>Seq_num}" id="idseq" enabled="true" visible="true" width="180px"></Input>-->
					<Label text="{i18n>Description}"/>
					<!--<Input value="" id="iddesc" enabled="true" visible="true" width="auto"></Input>-->
					<TextArea id="iddesc" value="" showExceededText="true" maxLength="150" width="80%" liveChange="handleLiveChange" editable="true"
						valueLiveUpdate="true" rows="3" />
						<!--<TextArea id="iddesc" value="" showExceededText="true" maxLength="150" width="100%" liveChange="handleLiveChange" editable="true"-->
						<!--valueLiveUpdate="true"  height="140px"/>-->
				</f:content>
			</f:SimpleForm>
		</content>
		<beginButton/>
		<buttons>
			<Button text="{i18n>XBUT_Save}" type="Default" id="idSavePopUpBtn" iconFirst="true" width="auto" enabled="true" visible="true"
				iconDensityAware="false" press="onSaveAdd"/>
			<Button text="{i18n>XBUT_CAN}" type="Default" iconFirst="true" width="auto" enabled="true" visible="true" iconDensityAware="false"
				press="onCancel"/>
		</buttons>
		<customHeader/>
		<endButton/>
		<subHeader/>
	</Dialog>
</core:FragmentDefinition>