{
"Oppurtunity Header":[
    {
    "Opportunity ID":"CDE786542",    
    "Unique ID":"CTEA896A",
    "Company Code":"1571",
    "Opportunity Type":"ZRME",
"Project Definition":"ABC CAP Projects",
"Sold-To Customer and Customer ID":"1000000015",
"Start Date":"02/20/2019",
"End Date":"03/20/2020",
"Person Responsible": "80044940",
"Program Contract Identifier": "CTE786542A",
"Lead Practice":"XXX",
"Opportunity Manager":"00908765-Murali",
"Contract Award Date (yyyymmdd)":"02/10/2019",
 "Account General Manager":"00435628-David",
 "Bundle Flag":"XXX",
"Sales Stage":"XXX",
"Validation Flag":"XXX",
"Validation Status":"XXX",
"Validation Date":"04/20/2020",
"Timestamp":"XXX",
"Delete Indicator":"XXX"

 },
    {
    	"Opportunity ID":"CDE796572",
    	"Unique ID":"CTEA572A",
    	"Company Code":"1572",
    	"Opportunity Type":"ZRME",
        "Project Definition":"ABC CAP-186 Projects",
"Sold-To Customer and Customer ID":"1000000015-AALINE",
"Start Date":"03/08/2019",
"End Date":"04/08/2020",
"Person Responsible": "80044940",
"Program Contract Identifier":"CTE796572A",
"Lead Practice":"XXX",
"Opportunity Manager":"00908765-Murali",

"Contract Award Date (yyyymmdd)":"03/10/2019",
 "Account General Manager":"00435628-David",
 "Bundle Flag":"XXX",
"Sales Stage":"XXX",

"Validation Flag":"XXX",
"Validation Status":"XXX",

"Validation Date":"04/20/2020",

"Timestamp":"XXX",
"Delete Indicator":"XXX"
    }
    ],
	
"Opportunity item":[{
	"WBS Description":"AA Lines SAP TM",
 "Service Offering":"Executive support",
"Opportunity ID":"CDE786542",
"Contract Type":"ZTME",
"WBS Start Date":"02/10/2019",
"WBS Finish Date":"03/28/2020",
"Timestamp":"XXX",
"Unique ID":"CTEA896A",
"Delete Indicator":"XXX"


}, {
	"WBS Description":"AA Lines SAP TM-2",
 "Service Offering":"Executive support",
"Opportunity ID":"CDE786542",
"Contract Type":"ZTME",
"WBS Start Date":"02/10/2019",
"WBS Finish Date":"03/30/2020",
"Timestamp":"XXX",
"Unique ID":"CTEA896A",
"Delete Indicator":"XXX"
},
{
	"WBS Description":"AA CAP Lines SAP TM",
 "Service Offering":"Executive support",
"Opportunity ID":"CDE796572",
"Contract Type":"ZTME",
"WBS Start Date":"03/10/2019",
"WBS Finish Date":"04/12/2020",
"Timestamp":"XXX",
"Unique ID":"CTEA572A",
"Delete Indicator":"XXX"


}, {
	"WBS Description":"AA CAP Lines SAP TM-2",
 "Service Offering":"Executive support",
"Opportunity ID":"CDE796572",
"Contract Type":"ZTME",
"WBS Start Date":"03/10/2019",
"WBS Finish Date":"04/15/2020",
"Timestamp":"XXX",
"Unique ID":"CTEA572A",
"Delete Indicator":"XXX"

}


]

}