<edmx:Edmx xmlns:edmx="http://schemas.microsoft.com/ado/2007/06/edmx"
	xmlns:m="http://schemas.microsoft.com/ado/2007/08/dataservices/metadata" xmlns:sap="http://www.sap.com/Protocols/SAPData" Version="1.0">
	<edmx:Reference xmlns:edmx="http://docs.oasis-open.org/odata/ns/edmx"
		Uri="./IWFND/CATALOGSERVICE;v=2/Vocabularies(TechnicalName='%2FIWBEP%2FVOC_COMMON',Version='0001',SAP__Origin='LOCAL')/$value"><edmx:Include Namespace="com.sap.vocabularies.Common.v1" Alias="Common"/></edmx:Reference>
	<edmx:DataServices m:DataServiceVersion="2.0">
		<Schema xmlns="http://schemas.microsoft.com/ado/2008/09/edm" Namespace="ZODATA_AUTO_WBS_CLOSURE_CO_SRV_01" xml:lang="en"
			sap:schema-version="1">
			<EntityType Name="ZCDS_AUTO_WBS_CLSType" sap:label="CDS for Auto wbs close" sap:content-version="1">
				<Key><PropertyRef Name="wbs"/></Key><Property Name="wbs" Type="Edm.String" Nullable="false" MaxLength="24" sap:display-format="UpperCase" sap:label="WBS ID"/><Property Name="fa_check" Type="Edm.String" MaxLength="1" sap:display-format="UpperCase" sap:label="No Fixed Assets"/><Property Name="bal_check" Type="Edm.String" MaxLength="1" sap:display-format="UpperCase" sap:label="Balances"
					sap:quickinfo="No Open Balances"/><Property Name="systemid" Type="Edm.String" MaxLength="10" sap:display-format="UpperCase" sap:label="System ID"/><Property Name="zbukrs" Type="Edm.String" MaxLength="4" sap:display-format="UpperCase" sap:label="Company Code"/><Property Name="wbsowner1" Type="Edm.String" MaxLength="10" sap:display-format="UpperCase" sap:label="Person Responsible"/><Property Name="fin_app" Type="Edm.String" MaxLength="10" sap:display-format="UpperCase" sap:label="Finance Analyst ID"/><Property Name="po_check" Type="Edm.String" MaxLength="1" sap:display-format="UpperCase" sap:label="No Open PO"/><Property Name="so_check" Type="Edm.String" MaxLength="1" sap:display-format="UpperCase" sap:label="No Open SO"/><Property Name="fin_check" Type="Edm.String" MaxLength="1" sap:display-format="UpperCase" sap:label="No Fin Act"
					sap:quickinfo="No Financial Activity"/><Property Name="tim_check" Type="Edm.String" MaxLength="1" sap:display-format="UpperCase" sap:label="Timesheets"
					sap:quickinfo="No Open Timesheets"/></EntityType>
			<EntityContainer Name="ZODATA_AUTO_WBS_CLOSURE_CO_SRV_01_Entities" m:IsDefaultEntityContainer="true" sap:supported-formats="atom json xlsx"><EntitySet Name="ZCDS_AUTO_WBS_CLS" EntityType="ZODATA_AUTO_WBS_CLOSURE_CO_SRV_01.ZCDS_AUTO_WBS_CLSType" sap:creatable="false"
				sap:updatable="false" sap:deletable="false" sap:content-version="1"/></EntityContainer><atom:link xmlns:atom="http://www.w3.org/2005/Atom" rel="self" href="./sap/ZODATA_AUTO_WBS_CLOSURE_CO_SRV_01/$metadata"/><atom:link xmlns:atom="http://www.w3.org/2005/Atom" rel="latest-version" href="./sap/ZODATA_AUTO_WBS_CLOSURE_CO_SRV_01/$metadata"/></Schema>
	</edmx:DataServices>
</edmx:Edmx>