<core:FragmentDefinition xmlns:core="sap.ui.core" xmlns="sap.m">
	<Dialog contentHeight="auto" contentWidth="auto" horizontalScrolling="true" showHeader="true" state="None" stretch="false" title="Settings"
		type="Standard" verticalScrolling="true" id="idDialog">
		<subHeader></subHeader>
		<content>
			<List mode="SingleSelectMaster" width="auto" headerText="Info: Please select max 8 columns for better view!!!" footerText=""
				backgroundDesign="Solid" showSeparators="All" growing="true" growingThreshold="20" growingScrollToLoad="true" visible="true"
				id="settinglist">
				<infoToolbar/>
				<headerToolbar/>
				<items>
					<CustomListItem type="Active" selected="false" visible="true">
						<content>
							<HBox alignItems="Center" direction="Row" fitContainer="false" width="auto" height="auto" justifyContent="SpaceBetween" renderType="Div"
								visible="true" displayInline="false" class="sapUiSmallMarginBegin">
								<items>
									<CheckBox text="Request Number" selected="{/ReqNo}" id="a1"/>
								</items>
								<layoutData/>
							</HBox>
						</content>
					</CustomListItem>
					<CustomListItem type="Active" selected="false" visible="true">
						<content>
							<HBox alignItems="Center" direction="Row" fitContainer="false" width="auto" height="auto" justifyContent="SpaceBetween" renderType="Div"
								visible="true" displayInline="false" class="sapUiSmallMarginBegin">
								<items>
									<CheckBox text="Request Status" selected="{/Status}" id="a2"/>
								</items>
								<layoutData/>
							</HBox>
						</content>
					</CustomListItem>
					<CustomListItem type="Active" selected="false" visible="true">
						<content>
							<HBox alignItems="Center" direction="Row" fitContainer="false" width="auto" height="auto" justifyContent="SpaceBetween" renderType="Div"
								visible="true" displayInline="false" class="sapUiSmallMarginBegin">
								<items>
									<CheckBox text="Project Definition" selected="{/Zpspid}" id="a3"/>
								</items>
								<layoutData/>
							</HBox>
						</content>
					</CustomListItem>
					<CustomListItem type="Active" selected="false" visible="true">
						<content>
							<HBox alignItems="Center" direction="Row" fitContainer="false" width="auto" height="auto" justifyContent="SpaceBetween" renderType="Div"
								visible="true" displayInline="false" class="sapUiSmallMarginBegin">
								<items>
									<CheckBox text="Project Description" selected="{/Ktext}" id="a4"/>
								</items>
								<layoutData/>
							</HBox>
						</content>
					</CustomListItem>
					<CustomListItem type="Active" selected="false" visible="true">
						<content>
							<HBox alignItems="Center" direction="Row" fitContainer="false" width="auto" height="auto" justifyContent="SpaceBetween" renderType="Div"
								visible="true" displayInline="false" class="sapUiSmallMarginBegin">
								<items>
									<CheckBox text="Company Code" selected="{/Zbukrs}" id="a5"/>
								</items>
								<layoutData/>
							</HBox>
						</content>
					</CustomListItem>
					<CustomListItem type="Active" selected="false" visible="true">
						<content>
							<HBox alignItems="Center" direction="Row" fitContainer="false" width="auto" height="auto" justifyContent="SpaceBetween" renderType="Div"
								visible="true" displayInline="false" class="sapUiSmallMarginBegin">
								<items>
									<CheckBox text="Created By" selected="{/Changed_by}" id="a6"/>
								</items>
								<layoutData/>
							</HBox>
						</content>
					</CustomListItem>
					<CustomListItem type="Active" selected="false" visible="true">
						<content>
							<HBox alignItems="Center" direction="Row" fitContainer="false" width="auto" height="auto" justifyContent="SpaceBetween" renderType="Div"
								visible="true" displayInline="false" class="sapUiSmallMarginBegin">
								<items>
									<CheckBox text="Project Type" selected="{/projTypDesc}" id="a7"/>
								</items>
								<layoutData/>
							</HBox>
						</content>
					</CustomListItem>
					<CustomListItem type="Active" selected="false" visible="true">
						<content>
							<HBox alignItems="Center" direction="Row" fitContainer="false" width="auto" height="auto" justifyContent="SpaceBetween" renderType="Div"
								visible="true" displayInline="false" class="sapUiSmallMarginBegin">
								<items>
									<CheckBox text="Request Type" selected="{/ActType}" id="a8"/>
								</items>
								<layoutData/>
							</HBox>
						</content>
					</CustomListItem>
					<CustomListItem type="Active" selected="false" visible="true">
						<content>
							<HBox alignItems="Center" direction="Row" fitContainer="false" width="auto" height="auto" justifyContent="SpaceBetween" renderType="Div"
								visible="true" displayInline="false" class="sapUiSmallMarginBegin">
								<items>
									<CheckBox text="Client ID" selected="{/Zkunnr}" id="a9"/>
								</items>
								<layoutData/>
							</HBox>
						</content>
					</CustomListItem>
					<CustomListItem type="Active" selected="false" visible="true">
						<content>
							<HBox alignItems="Center" direction="Row" fitContainer="false" width="auto" height="auto" justifyContent="SpaceBetween" renderType="Div"
								visible="true" displayInline="false" class="sapUiSmallMarginBegin">
								<items>
									<CheckBox text="Prog/Contract ID" selected="{/Zpgid}" id="a10"/>
								</items>
								<layoutData/>
							</HBox>
						</content>
					</CustomListItem>
					<CustomListItem type="Active" selected="false" visible="true">
						<content>
							<HBox alignItems="Center" direction="Row" fitContainer="false" width="auto" height="auto" justifyContent="SpaceBetween" renderType="Div"
								visible="true" displayInline="false" class="sapUiSmallMarginBegin">
								<items>
									<CheckBox text="C1 Contract No" selected="{/Zvbeln}" id="a11"/>
								</items>
								<layoutData/>
							</HBox>
						</content>
					</CustomListItem>
					
					<CustomListItem type="Active" selected="false" visible="true">
						<content>
							<HBox alignItems="Center" direction="Row" fitContainer="false" width="auto" height="auto" justifyContent="SpaceBetween" renderType="Div"
								visible="true" displayInline="false" class="sapUiSmallMarginBegin">
								<items>
									<CheckBox text="Customer ID/C1 Sold-To Customer" selected="{/Soldto}" id="a12"/>
								</items>
								<layoutData/>
							</HBox>
						</content>
					</CustomListItem>
					<CustomListItem type="Active" selected="false" visible="true">
						<content>
							<HBox alignItems="Center" direction="Row" fitContainer="false" width="auto" height="auto" justifyContent="SpaceBetween" renderType="Div"
								visible="true" displayInline="false" class="sapUiSmallMarginBegin">
								<items>
									<CheckBox text="Start Date" selected="{/Guebg}" id="a13"/>
								</items>
								<layoutData/>
							</HBox>
						</content>
					</CustomListItem>
					<CustomListItem type="Active" selected="false" visible="true">
						<content>
							<HBox alignItems="Center" direction="Row" fitContainer="false" width="auto" height="auto" justifyContent="SpaceBetween" renderType="Div"
								visible="true" displayInline="false" class="sapUiSmallMarginBegin">
								<items>
									<CheckBox text="Finish Date" selected="{/Gueen}" id="a14"/>
								</items>
								<layoutData/>
							</HBox>
						</content>
					</CustomListItem>
					<CustomListItem type="Active" selected="false" visible="true">
						<content>
							<HBox alignItems="Center" direction="Row" fitContainer="false" width="auto" height="auto" justifyContent="SpaceBetween" renderType="Div"
								visible="true" displayInline="false" class="sapUiSmallMarginBegin">
								<items>
									<CheckBox text="Level 1 WBS System Status" selected="{/ProjStat}" id="a15"/>
								</items>
								<layoutData/>
							</HBox>
						</content>
					</CustomListItem>
					<CustomListItem type="Active" selected="false" visible="true">
						<content>
							<HBox alignItems="Center" direction="Row" fitContainer="false" width="auto" height="auto" justifyContent="SpaceBetween" renderType="Div"
								visible="true" displayInline="false" class="sapUiSmallMarginBegin">
								<items>
									<CheckBox text="Person Responsible" selected="{/Vernr}" id="a16"/>
								</items>
								<layoutData/>
							</HBox>
						</content>
					</CustomListItem>
					<CustomListItem type="Active" selected="false" visible="true">
						<content>
							<HBox alignItems="Center" direction="Row" fitContainer="false" width="auto" height="auto" justifyContent="SpaceBetween" renderType="Div"
								visible="true" displayInline="false" class="sapUiSmallMarginBegin">
								<items>
									<CheckBox text="Project Resp. CC" selected="{/Kostl}" id="a17"/>
								</items>
								<layoutData/>
							</HBox>
						</content>
					</CustomListItem>
					<CustomListItem type="Active" selected="false" visible="true">
						<content>
							<HBox alignItems="Center" direction="Row" fitContainer="false" width="auto" height="auto" justifyContent="SpaceBetween" renderType="Div"
								visible="true" displayInline="false" class="sapUiSmallMarginBegin">
								<items>
									<CheckBox text="Business Area" selected="{/Vgsbr}" id="a18"/>
								</items>
								<layoutData/>
							</HBox>
						</content>
					</CustomListItem>
					<CustomListItem type="Active" selected="false" visible="true">
						<content>
							<HBox alignItems="Center" direction="Row" fitContainer="false" width="auto" height="auto" justifyContent="SpaceBetween" renderType="Div"
								visible="true" displayInline="false" class="sapUiSmallMarginBegin">
								<items>
									<CheckBox text="Profit Center" selected="{/ProfitCenter}" id="a19"/>
								</items>
								<layoutData/>
							</HBox>
						</content>
					</CustomListItem>
					<CustomListItem type="Active" selected="false" visible="true">
						<content>
							<HBox alignItems="Center" direction="Row" fitContainer="false" width="auto" height="auto" justifyContent="SpaceBetween" renderType="Div"
								visible="true" displayInline="false" class="sapUiSmallMarginBegin">
								<items>
									<CheckBox text="Project Category" selected="{/Zpjcgid}" id="a20"/>
								</items>
								<layoutData/>
							</HBox>
						</content>
					</CustomListItem>
					<CustomListItem type="Active" selected="false" visible="true">
						<content>
							<HBox alignItems="Center" direction="Row" fitContainer="false" width="auto" height="auto" justifyContent="SpaceBetween" renderType="Div"
								visible="true" displayInline="false" class="sapUiSmallMarginBegin">
								<items>
									<CheckBox text="Industry Code" selected="{/Zzsoarincd}" id="a21"/>
								</items>
								<layoutData/>
							</HBox>
						</content>
					</CustomListItem>
					<CustomListItem type="Active" selected="false" visible="true">
						<content>
							<HBox alignItems="Center" direction="Row" fitContainer="false" width="auto" height="auto" justifyContent="SpaceBetween" renderType="Div"
								visible="true" displayInline="false" class="sapUiSmallMarginBegin">
								<items>
									<CheckBox text="Contract Term" selected="{/Zzcntrcd}" id="a22"/>
								</items>
								<layoutData/>
							</HBox>
						</content>
					</CustomListItem>
					<CustomListItem type="Active" selected="false" visible="true">
						<content>
							<HBox alignItems="Center" direction="Row" fitContainer="false" width="auto" height="auto" justifyContent="SpaceBetween" renderType="Div"
								visible="true" displayInline="false" class="sapUiSmallMarginBegin">
								<items>
									<CheckBox text="Lead Practice" selected="{/Zzldpcid}" id="a23"/>
								</items>
								<layoutData/>
							</HBox>
						</content>
					</CustomListItem>
					<CustomListItem type="Active" selected="false" visible="true">
						<content>
							<HBox alignItems="Center" direction="Row" fitContainer="false" width="auto" height="auto" justifyContent="SpaceBetween" renderType="Div"
								visible="true" displayInline="false" class="sapUiSmallMarginBegin">
								<items>
									<CheckBox text="Wbsowner1" selected="{/Wbsowner1}" id="a24"/>
								</items>
								<layoutData/>
							</HBox>
						</content>
					</CustomListItem>
					<CustomListItem type="Active" selected="false" visible="true">
						<content>
							<HBox alignItems="Center" direction="Row" fitContainer="false" width="auto" height="auto" justifyContent="SpaceBetween" renderType="Div"
								visible="true" displayInline="false" class="sapUiSmallMarginBegin">
								<items>
									<CheckBox text="Wbsowner2" selected="{/Wbsowner2}" id="a25"/>
								</items>
								<layoutData/>
							</HBox>
						</content>
					</CustomListItem>
					
					<!--<CustomListItem type="Active" selected="false" visible="true">-->
					<!--	<content>-->
					<!--		<HBox alignItems="Center" direction="Row" fitContainer="false" width="auto" height="auto" justifyContent="SpaceBetween" renderType="Div"-->
					<!--			visible="true" displayInline="false" class="sapUiSmallMarginBegin">-->
					<!--			<items>-->
					<!--				<CheckBox text="Project ID" selected="{/Zpspid}" id="a26"/>-->
					<!--			</items>-->
					<!--			<layoutData/>-->
					<!--		</HBox>-->
					<!--	</content>-->
					<!--</CustomListItem>-->
				</items>
			</List>
		</content>
		<beginButton/>
		<buttons>
			<Button text="OK" type="Default" iconFirst="true" width="auto" enabled="true" visible="true" iconDensityAware="false"
				press="onsettingSavePress"/>
			<Button text="Cancel" type="Default" iconFirst="true" width="auto" enabled="true" visible="true" iconDensityAware="false" press="onCancel"/>
		</buttons>
		<customHeader/>
		<endButton/>
		<subHeader/>
	</Dialog>
</core:FragmentDefinition>