<core:FragmentDefinition xmlns:mvc="sap.ui.core.mvc" xmlns:l="sap.ui.layout" xmlns:f="sap.ui.layout.form" xmlns="sap.m"
	xmlns:u="sap.ui.unified" xmlns:uxap="sap.uxap" xmlns:table="sap.ui.table" xmlns:core="sap.ui.core" xmlns:m="sap.m"
	xmlns:custData="http://schemas.sap.com/sapui5/extension/sap.ui.core.CustomData/1" xmlns:html="http://www.w3.org/1999/xhtml"
	displayBlock="true" class="sapUiSizeCozy">
	<Dialog contentWidth="45%" contentHeight="40%" horizontalScrolling="true" showHeader="true" state="None" stretch="false"
		title="Task Details" type="Standard" verticalScrolling="true" id="idAddtaskdata" draggable="true" resizable="true">
		<f:SimpleForm editable="true">
			<f:content>
				<Label text="Item" width="auto" required="true" visible="false"/>
				<Input value="{AddtaskFragmodel>/Posnr}" editable="false" visible="false"/>
				<Label text="Task #" width="auto"/>
				<Input value="{AddtaskFragmodel>/SqNum}" editable="false" width="240px"></Input>
				<Label text="Task ID" width="auto" required="true"/>
				<Input value="{AddtaskFragmodel>/Task}"  width="240px" maxLength="12" change="onSettoUppercase" liveChange="onTaskIdChange"
					editable="{= (${appView>/oAppType} !== 'View' &amp;&amp; ${appView>/oAppType} !== 'CSIReview' &amp;&amp; ${appView>/oAppType} !== 'BILLReview' &amp;&amp; ${appView>/oAppType} !== 'BILLRej' &amp;&amp; (${taskFragmodel>Zentry_tsk} === '' || ${taskFragmodel>Zentry_tsk} === 'N')) ? true : ${path:'appView>/FrasDis',formatter:'.formatter.columnDisabled'}}"></Input>
				<Label text="Task Description" width="auto" required="true"/>
				<Input value="{AddtaskFragmodel>/Tasktext}" liveChange="onTaskDescChange" width="240px" change="onTaskChange"
					editable="{parts:[{path:'AddtaskFragmodel>/Systatusline'},{path:'EnableDesableTask>/Tasktext'}],formatter:'.formatter.ChanProjEditEnableTakDesc'}"></Input>
				<Label text="Start Date" width="auto" required="true"/>
				<DatePicker value="{path:'AddtaskFragmodel>/Begda', type: 'sap.ui.model.type.Date', formatOptions: {strictParsing: true , UTC: true}}"
					valueFormat="yyyy-MM-dd"  minDate="{path:'AddtaskFragmodel>/Vbegdat', formatter:'.formatter.DateFormatTask'}"
					maxDate="{path:'AddtaskFragmodel>/Endda', formatter:'.formatter.DateFormatTask'}"
					editable="{parts:[{path:'AddtaskFragmodel>/Systatusline'},{path:'EnableDesableTask>/Begda'}],formatter:'.formatter.ChanProjEditEnableTaskSD'}"
					 width="240px"/>
					 <!--class="disablinputPicker"-->
				<Label text="End Date" width="auto" required="true"/>
				<DatePicker value="{path:'AddtaskFragmodel>/Endda', type: 'sap.ui.model.type.Date', formatOptions: {strictParsing: true , UTC: true}}"
					valueFormat="yyyy-MM-dd"  maxDate="{path:'AddtaskFragmodel>/Venddat', formatter:'.formatter.DateFormatTask'}"
					minDate="{path:'AddtaskFragmodel>/Begda', formatter:'.formatter.DateFormatTask'}"
					editable="{parts:[{path:'AddtaskFragmodel>/Systatusline'},{path:'EnableDesableTask>/Endda'}],formatter:'.formatter.ChanProjEditEnableTaskED'}"
					width="240px"/>
					<!--class="disablinputPicker" -->
				<Label text="Priority" width="auto"/>
				<ComboBox value="{AddtaskFragmodel>/Pspri}" items="{ path: 'oDataModel>/SearchTaskPrioSet'}"
					class="sapUiTinyMarginTop" width="240px"
					editable="{parts:[{path:'AddtaskFragmodel>/Systatusline'},{path:'EnableDesableTask>/Pspri'}],formatter:'.formatter.ChanProjEditEnableTaskPryty'}">
					<core:Item key="{oDataModel>Field}" text="{oDataModel>Field}"/>
				</ComboBox>
			</f:content>
		</f:SimpleForm>
		<buttons>
			<Button text="Save" type="Default" id="idAddSaveTask" iconFirst="true" width="auto" enabled="true" visible="true"
				iconDensityAware="false" press="onAddTaskSave"/>
			<Button text="Cancel" type="Default" iconFirst="true" width="auto" enabled="true" visible="true" iconDensityAware="false"
				press="onAddTaskLaborCancel"/>
		</buttons>
		<customHeader/>
		<endButton/>
		<subHeader/>
	</Dialog>
</core:FragmentDefinition>