<core:FragmentDefinition xmlns:core="sap.ui.core" xmlns="sap.m" xmlns:f="sap.f" xmlns:u="sap.ui.unified" xmlns:l="sap.ui.layout">
	<Dialog contentHeight="auto" contentWidth="950px" horizontalScrolling="true" showHeader="true" state="None" stretch="false"
		title="Advance Material Search" type="Standard" verticalScrolling="true" busy="{MatSearchModel>/isBusy}" draggable="true">
		<content>
			<VBox fitContainer="true" class="sapUiSmallMargin">
				<HBox width="100%">
					<VBox width="50%" class="sapUiTinyMargin">
						<Label text="1. Segment"></Label>
						<ComboBox id="cbSegment" width="100%" selectedKey="{MatSearchModel>/1/segmentKey}" items="{ path: 'MatSearchModel>/1/SegmentDD'}" change="onSegmentChange"
							class="sapUiTinyMarginTop" editable="{MatSearchModel>/1/isSegmentDDEnable}">
							<core:Item key="{MatSearchModel>Prodh}" text="{MatSearchModel>Vtext}"/>
						</ComboBox>
					</VBox>
					<VBox width="50%" class="sapUiTinyMargin">
						<Label text="2. Offering Family"></Label>
						<ComboBox id="cbOffering" width="100%" selectedKey="{MatSearchModel>/2/offeringFamilyKey}" items="{ path: 'MatSearchModel>/2/OfferingFamilyDD'}"
							change="onOfferingFamilyChange" class="sapUiTinyMarginTop" editable="{MatSearchModel>/2/isOfferingFamilyDDEnable}">
							<core:Item key="{MatSearchModel>Prodh}" text="{MatSearchModel>Vtext}"/>
						</ComboBox>
					</VBox>
				</HBox>
				<HBox width="100%">
					<VBox width="50%" class="sapUiTinyMargin">
						<Label text="3. Major Offering" required="true"></Label>
						<ComboBox id="cbMajorOff" width="100%" selectedKey="{MatSearchModel>/3/majorOfferingKey}" items="{ path: 'MatSearchModel>/3/MajorOfferingDD'}"
							change="onMajorOfferingChange" class="sapUiTinyMarginTop" editable="{MatSearchModel>/3/isMajorOfferingDDEnable}">
							<core:Item key="{MatSearchModel>Prodh}" text="{MatSearchModel>Vtext}"/>
						</ComboBox>
					</VBox>
					<VBox width="50%" class="sapUiTinyMargin">
						<Label text="4. Offering" required="true"></Label>
						<ComboBox width="100%" selectedKey="{MatSearchModel>/4/offeringKey}" items="{ path: 'MatSearchModel>/4/OfferingDD'}"
							change="onOfferingChange" class="sapUiTinyMarginTop" editable="{MatSearchModel>/4/isOfferingDDEnable}">
							<core:Item key="{MatSearchModel>Prodh}" text="{MatSearchModel>Vtext}"/>
						</ComboBox>
					</VBox>
				</HBox>
				<HBox width="100%">
					<VBox width="50%" class="sapUiTinyMargin">
						<Label text="5. Offering Line" required="true"></Label>
						<ComboBox width="100%" selectedKey="{MatSearchModel>/5/offeringLineKey}" items="{ path: 'MatSearchModel>/5/OfferingLineDD'}"
							change="onOfferingLineChange" class="sapUiTinyMarginTop" editable="{MatSearchModel>/5/isOfferingLineDDEnable}">
							<core:Item key="{MatSearchModel>Prodh}" text="{MatSearchModel>Vtext}"/>
						</ComboBox>
					</VBox>
					<VBox width="50%" class="sapUiTinyMargin">
						<Label text="6. Contract Type" required="true"></Label>
						<ComboBox width="100%" selectedKey="{MatSearchModel>/6/contractTypeKey}" items="{ path: 'MatSearchModel>/6/ContractTypeDD'}"
							change="onContractTypeChange" class="sapUiTinyMarginTop" editable="{MatSearchModel>/6/isContractTypeDDEnable}">
							<core:Item key="{MatSearchModel>Mtpos}" text="{MatSearchModel>Bezei}"/>
						</ComboBox>
					</VBox>
				</HBox>
				<HBox width="100%">
					<VBox width="50%" class="sapUiTinyMargin">
						<Label text="7. Material" required="true"></Label>
						<ComboBox width="97%" selectedKey="{MatSearchModel>/7/materialKey}" items="{ path: 'MatSearchModel>/7/MaterialDD'}"
							change="onMaterialChange" class="sapUiTinyMarginTop" editable="{MatSearchModel>/7/isMaterialDDEnable}">
							<core:Item key="{MatSearchModel>Matnr}" text="{MatSearchModel>Maktx}"/>
						</ComboBox>
					</VBox>
				</HBox>
				<items>
					<Table id="idAdvMatSearchTable" width="100%" growing="true" growingScrollToLoad="true" growingThreshold="100" class="sapTinySmallMargin"
						mode="SingleSelect" items="{MatSearchModel>/Material}" selectionChange="onMaterialSelect">
						<columns>
							<Column width="auto">
								<header>
									<Label text="Material Number" width="auto"/>
								</header>
							</Column>
							<Column width="auto">
								<header>
									<Label text="Material Description" width="auto"/>
								</header>
							</Column>
							<Column width="auto">
								<header>
									<Label text="Product Hierarchy" width="auto"/>
								</header>
							</Column>
							<Column width="auto">
								<header>
									<Label text="Assignment Group" width="auto"/>
								</header>
							</Column>
						</columns>
						<items>
							<ColumnListItem>
								<cells>
									<Label text="{MatSearchModel>Matnr}"/>
									<Label text="{MatSearchModel>Maktx}"/>
									<Label text="{MatSearchModel>Prodh}"/>
									<Label text="{MatSearchModel>Vtext}"/>
								</cells>
							</ColumnListItem>
						</items>
					</Table>
				</items>
			</VBox>
		</content>
		<buttons>
			<Button text="Cancel" type="Default" iconFirst="true" width="auto"
				press="onAdvMaterialCancel"/>
			<Button text="Reset" type="Default" iconFirst="true" width="auto" 
				press="onAdvMaterialReset"/>
			<Button text="Save" type="Default" iconFirst="true" width="auto" press="onAdvMaterialSave"/>
		</buttons>
	</Dialog>
</core:FragmentDefinition>