<core:FragmentDefinition xmlns:core="sap.ui.core" xmlns="sap.m" xmlns:u="sap.ui.unified" xmlns:l="sap.ui.layout">
	<Dialog contentHeight="auto" contentWidth="auto" horizontalScrolling="true" showHeader="true" state="None" stretch="true"
		title="Attachments" type="Standard" verticalScrolling="true" id="idDialog">
		<content>
			<l:VerticalLayout class="sapUiContentPadding" width="100%">
				<l:content>
					<List id="idDownload" items="{path : '/WBSAttachSet'}" class="sapContrast sapContrastPlus">
						<CustomListItem>
							<HBox>
								<core:Icon size="2rem" src="sap-icon://document" class="sapUiSmallMarginBegin sapUiSmallMarginTopBottom"/>
								<VBox class="sapUiSmallMarginBegin sapUiSmallMarginTopBottom">
									<!--<Link text="{Name}" target="{ProductPicUrl}" press="handlePress"/>-->
									<Label text="{Filename}"/>
									<HBox>
										<FlexBox alignItems="End" justifyContent="End">
											<items>
												<Button text="Download Attachment" enabled="true" icon="sap-icon://download" type="Accept" press="onDownladAttach"
													class="sapUiSmallMarginBegin"/>
												<!--<Button text="Download Attachment" enabled="{path : 'appView>/downloadBun', formatter:'.formatter.AttachBtnEnabled'}" icon="sap-icon://download" type="Accept" press="onDownladAttach"-->
												<!--	class="sapUiSmallMarginBegin"/>-->
												<Button text="Delete Attachment" enabled="{= ${appView>/EstatTxt} === 'INPROGRESS' || ${appView>/oAppType}==='View' ? false : true}" icon="sap-icon://delete" type="Reject" press="onDeleteAttach" class="sapUiSmallMarginBegin"/>
											</items>
										</FlexBox>
									</HBox>
								</VBox>
							</HBox>
						</CustomListItem>
					</List>
				</l:content>
			</l:VerticalLayout>
		</content>
		<beginButton/>
		<buttons>
			<!--<Button text="Upload" id="idUploadFile" type="Default" iconFirst="true" width="auto"  visible="true" iconDensityAware="false" press="onUploadPress" enabled="true"/>-->
			<Button text="Cancel" type="Default" iconFirst="true" width="auto" enabled="true" visible="true" iconDensityAware="false" press="onCancel"/>
		</buttons>
		<customHeader/>
		<endButton/>
		<subHeader/>
	</Dialog>
</core:FragmentDefinition>