<core:FragmentDefinition xmlns:core="sap.ui.core" xmlns="sap.m" xmlns:f="sap.ui.layout.form" xmlns:u="sap.ui.unified"
	xmlns:l="sap.ui.layout">
	<Dialog contentHeight="auto" contentWidth="850px" horizontalScrolling="true" showHeader="true" state="None" stretch="false"
		title="Item LaborType Information" type="Standard" verticalScrolling="true" draggable="true" id="idItemLaborType">
		<content>
			<VBox fitContainer="true" id="idVbox1">
				<items>
					<Table width="100%" growing="true" id="idItemLaborTable"
						mode="{= ${appView>/oAppType} === 'View' || ${appView>/oAppType} === 'BILLRej' ? 'None' : 'MultiSelect'}" items="{itemFragmodel>/labor}"
						selectionChange="onItemLabSelect">
						<headerToolbar>
							<OverflowToolbar design="Transparent">
								<content>
									<Title textAlign="Begin" text="Labor Types"/>
									<ToolbarSpacer/>
									<Button text="" icon="sap-icon://add" width="auto" enabled="{path:'appView>/FrasBtn',formatter:'.formatter.columnDisabled'}" visible="true"
										press="onAddItemLaborRow" iconDensityAware="false"/>
									<Button id="iditemDele" text="" icon="sap-icon://delete" width="auto" visible="true"
										enabled="{path:'appView>/FrasDis',formatter:'.formatter.columnDisabled'}" press="onDeleteItemLaborRow" iconDensityAware="false"/>
								</content>
							</OverflowToolbar>
						</headerToolbar>
						<columns >
							<Column width="auto" visible="false">
								<header>
									<Label text="Item" width="auto" required="true"/>
								</header>
							</Column>
							<Column width="auto">
								<header>
									<Label text="Item Num" width="auto"/>
								</header>
							</Column>
							<Column width="auto">
								<header>
									<Label text="Condition Type" width="auto" required="true"/>
								</header>
							</Column>
							<Column width="auto">
								<header>
									<Label text="Labor Type" width="auto" required="true"/>
								</header>
							</Column>
							<Column width="auto">
								<header>
									<Label text="Labor Type Start Date" width="auto" required="true"/>
								</header>
							</Column>
							<Column width="auto">
								<header>
									<Label text="Labor Type End Date" width="auto" required="true"/>
								</header>
							</Column>
						</columns>
						<items>
							<ColumnListItem id="idLaborColumn">
								<cells>
									<Input value="{itemFragmodel>Posnr}" editable="false" visible="false"></Input>
									<Input value="{itemFragmodel>SqNum}" editable="false"></Input>
									<Input value="{itemFragmodel>Kschl}" editable="false"></Input>
									<Input value="{itemFragmodel>Zmatnr}"
										editable="{= (${appView>/oAppType} !== 'View' &amp;&amp; ${appView>/oAppType} !== 'CSIReview' &amp;&amp; ${appView>/oAppType} !== 'BILLReview' &amp;&amp; ${appView>/oAppType} !== 'BILLRej' &amp;&amp; (${itemFragmodel>Zentry_lab} === '' || ${itemFragmodel>Zentry_lab} === 'N')) ? true : ${path:'appView>/FrasDis',formatter:'.formatter.columnDisabled'}}"
										change="onItemLaborChange" valueState="None" showSuggestion="true" maxSuggestionWidth="300px" suggest="onLaborSuggest"
										suggestionItems="{ path: 'oDataModel>/SearchLaborTypeSet', templateShareable:false}">
										<core:ListItem key="{oDataModel>Matnr}" text="{oDataModel>Matnr}"/>
									</Input>
									<DatePicker value="{path:'itemFragmodel>Datab' , type: 'sap.ui.model.type.Date', formatOptions: {strictParsing: true , UTC: true}}"
										maxDate="{path:'itemFragmodel>Datbi', formatter:'.formatter.DateFormatTask'}"
										minDate="{path:'itemFragmodel>/Vbegdat', formatter:'.formatter.DateFormatTask'}" valueFormat="yyyy-MM-dd" change="onItemLaborChange"
										editable="{path:'appView>/FrasDateDis',formatter:'.formatter.itemDateDisable'}"></DatePicker>
									<DatePicker value="{path:'itemFragmodel>Datbi' , type: 'sap.ui.model.type.Date', formatOptions: {strictParsing: true , UTC: true}}"
										minDate="{path:'itemFragmodel>Datab', formatter:'.formatter.DateFormatTask'}" valueFormat="yyyy-MM-dd" change="onItemLaborChange"
										editable="{path:'appView>/FrasDateDis',formatter:'.formatter.itemDateDisable'}"></DatePicker>
								</cells>
							</ColumnListItem>
						</items>
					</Table>
				</items>
			</VBox>
		</content>
		<buttons>
			<Button text="" type="Default" iconFirst="true" icon="sap-icon://accept" width="auto" enabled="true" visible="true" iconDensityAware="true"
				press="onItemLaborCancel"/>
			<!--<Button text="Submit" type="Default" iconFirst="true" width="auto" enabled="true" visible="true" iconDensityAware="false"/>-->
			<!--<Button text="Save" id="idItemLaborSave" type="Default" iconFirst="true" width="auto" enabled="false" visible="true"-->
			<!--	iconDensityAware="false" press="onItemLaborSave"/>-->
		</buttons>
	</Dialog>
</core:FragmentDefinition>