<core:FragmentDefinition xmlns:core="sap.ui.core" xmlns="sap.m" xmlns:f="sap.ui.layout.form" xmlns:u="sap.ui.unified"
	xmlns:l="sap.ui.layout">
	<Dialog contentHeight="auto" contentWidth="850px" horizontalScrolling="true" showHeader="true" state="None" stretch="false"
		title="Header LaborType Information" type="Standard" verticalScrolling="true" draggable="true" id="idLabourType">
		<content>
			<VBox fitContainer="true" id="idVbox1">
				<items>
					<Table width="100%" growing="true" id="idLaborTable"
						mode="{= ${appView>/oAppType} === 'View' || ${appView>/oAppType} === 'BILLRej' ? 'None' : 'SingleSelectLeft'}" items="{/laborData}"
						selectionChange="onSelectLabor">
						<headerToolbar>
							<OverflowToolbar design="Transparent">
								<content>
									<Title textAlign="Begin" text="Labor Types"/>
									<ToolbarSpacer/>
									<Button text="" id="idLaborAdd1" icon="sap-icon://add" width="auto" visible="true" press="onAddLaborRow" iconDensityAware="false"
										enabled="{path:'appView>/FrasBtn',formatter:'.formatter.columnDisabled'}"/>
									<Button text="" id="idLaborDelete1" icon="sap-icon://delete" width="auto" enabled="false" visible="true" press="onDeleteLaborRow"
										iconDensityAware="false"/>
								</content>
							</OverflowToolbar>
						</headerToolbar>
						<columns >
							<Column width="auto">
								<header>
									<Label text="Condition Type" width="auto" required="true"/>
								</header>
							</Column>
							<Column width="auto">
								<header>
									<Label text="Labor Type" width="auto" required="true"/>
								</header>
							</Column>
							<Column width="auto">
								<header>
									<Label text="Labor Type Start Date" width="auto" required="true"/>
								</header>
							</Column>
							<Column width="auto">
								<header>
									<Label text="Labor Type End Date" width="auto" required="true"/>
								</header>
							</Column>
						</columns>
						<items>
							<ColumnListItem id="idLaborColumn">
								<cells>
									<!--<Input value="" editable="false"></Input>-->
									<Input value="{Kschl}" editable="false" liveChange="onInputValidation"></Input>
									<Input value="{Zmatnr}" change="onHeaderLaborChange" valueState="None"
										editable="{= (${appView>/oAppType} !== 'View' &amp;&amp; ${appView>/oAppType} !== 'CSIReview' &amp;&amp; ${appView>/oAppType} !== 'BILLReview' &amp;&amp; ${appView>/oAppType} !== 'BILLRej' &amp;&amp; (${Zentry_lab} === '' || ${Zentry_lab} === 'N')) ? true : ${path:'appView>/FrasDis',formatter:'.formatter.columnDisabled'}}"
										showSuggestion="true" maxSuggestionWidth="400px" suggest="onLaborSuggest"
										suggestionItems="{ path: 'oDataModel>/SearchLaborTypeSet', templateShareable:true}">
										<core:ListItem key="{oDataModel>Matnr}" text="{oDataModel>Matnr}"/>
									</Input>
									<DatePicker value="{path :'Datab' , type: 'sap.ui.model.type.Date', formatOptions: {strictParsing: true , UTC: true}}"
										valueFormat="yyyy-MM-dd"  maxDate="{path:'Datbi', formatter:'.formatter.DateFormatTask'}"
										 minDate="{path:'/wbsRevenue/Guebg', formatter:'.formatter.DateFormatTask'}"
										editable="false"></DatePicker>
									<DatePicker value="{path :'Datbi' , type: 'sap.ui.model.type.Date', formatOptions: {strictParsing: true , UTC: true}}"
										valueFormat="yyyy-MM-dd"
										minDate="{path:'Datab', formatter:'.formatter.DateFormatTask'}"
										editable="false"></DatePicker>
								</cells>
							</ColumnListItem>
						</items>
					</Table>
				</items>
			</VBox>
		</content>
		<buttons>
			<Button text="" type="Default" iconFirst="true" icon="sap-icon://accept" width="auto" enabled="true" visible="true" iconDensityAware="true"
				press="onCancelHL"/>
		</buttons>
	</Dialog>
</core:FragmentDefinition>