<core:FragmentDefinition xmlns:mvc="sap.ui.core.mvc" xmlns:l="sap.ui.layout" xmlns:f="sap.ui.layout.form" xmlns="sap.m"
	xmlns:u="sap.ui.unified" xmlns:uxap="sap.uxap" xmlns:table="sap.ui.table" xmlns:core="sap.ui.core" xmlns:m="sap.m"
	xmlns:custData="http://schemas.sap.com/sapui5/extension/sap.ui.core.CustomData/1" xmlns:html="http://www.w3.org/1999/xhtml"
	displayBlock="true" class="sapUiSizeCozy">
	<Dialog contentWidth="150%" horizontalScrolling="true" showHeader="true" state="None" stretch="false" title="{i18n>XTEXT_LINETEXT}"
		type="Standard" verticalScrolling="true" id="idDialogLineItem" draggable="true" resizable="true">
		<HBox>
			<VBox width="89%">
				<f:SimpleForm editable="true">
					<f:content>
						<Label text="Legacy WBS(if applicable)" class="sapUiTinyMarginTop"/>
						<Input id="idFRLegacy" value="{oFragmentModel>/Zlegwbs}" filterSuggests="false" width="65%" maxLength="10" liveChange="TypeNumber"
							editable="{=${appView>/oAppType}==='CSIReview' || ${appView>/oAppType}==='BILLReview' || ${appView>/oAppType}==='BILLRej' ? false : ${parts:[{path:'oFragmentModel>/Systatusline'},{path:'EnableDesable>/Zlegwbs'}],formatter:'.formatter.ChanProjEditWBS'}}"
							class="sapUiTinyMarginTop"/>
						<Label class="sapUiTinyMarginTop"></Label>
						<CheckBox id="idFRcheckbox" text="IN - India Indicator"
							editable="{=${appView>/oAppType}==='CSIReview' || ${appView>/oAppType}==='BILLReview' || ${appView>/oAppType}==='BILLRej' ? false : ${parts:[{path:'oFragmentModel>/Systatusline'},{path:'EnableDesable>/Inind'}],formatter:'.formatter.ChanProjEditIndia'}}"
							selected="{path: 'oFragmentModel>/Inind',formatter:'.formatter.CheckBoxClick'}" class="sapUiTinyMarginTop"/>
						<Label text="{i18n>XTEXT_PONUM}" wrapping="true" textAlign="Begin" textDirection="Inherit" visible="true"/>
						<Input id="idPoNum" maxLength="35" value="{path: 'oFragmentModel>/Bstnk'}" width="65%" filterSuggests="false"
							editable="{=${appView>/oAppType}==='CSIReview' || ${appView>/oAppType}==='BILLReview' || ${appView>/oAppType}==='BILLRej' ? false : ${parts:[{path:'oFragmentModel>/Systatusline'},{path:'EnableDesable>/Bstnk'}],formatter:'.formatter.ChanProjEditPo'}}"
							change="onInputChangeDeS" liveChange="onSpecialChar"/>
						<Label text="{i18n>XTEXT_PODATE}" wrapping="true" textAlign="Begin" textDirection="Inherit" visible="true"/>
						<DatePicker id="datePo"
							value="{path:'oFragmentModel>/Bstdk', type: 'sap.ui.model.type.Date', formatOptions: {strictParsing: true , UTC: true}}" valueState="None"
							valueFormat="yyyy-MM-dd" width="65%"
							editable="{=${appView>/oAppType}==='CSIReview' || ${appView>/oAppType}==='BILLReview' || ${appView>/oAppType}==='BILLRej' ? false : ${parts:[{path:'oFragmentModel>/Systatusline'},{path:'EnableDesable>/Bstdk'}],formatter:'.formatter.ChanProjEditPoDate'}}"/>
						<Label text="{i18n>XTEXT_RESPCOST}"
							tooltip="Profit Center under which the Child WBS are created. Input is required only if C1/GSAP is the Performing entity." wrapping="true" 
							textAlign="Begin" textDirection="Inherit" visible="true"/>
						<Input value="{oFragmentModel>/Fkstl}" id="idFResCost" maxLength="20" width="65%" filterSuggests="false"
							editable="{=${appView>/oAppType}==='CSIReview' || ${appView>/oAppType}==='BILLReview' || ${appView>/oAppType}==='BILLRej' ? false :  ${parts:[{path:'oFragmentModel>/Systatusline'},{path:'EnableDesable>/Fkstl'}],formatter:'.formatter.ChanProjEditCost'}}"/>
						<Label text="{i18n>XTEXT_PCSNUM}" wrapping="true" textAlign="Begin" textDirection="Inherit" visible="true"/>
						<Input value="{oFragmentModel>/Zpcs}" id="idPCS" valueState="None" maxLength="20" liveChange="onSpecialChar" change="onInputChangeDeS"
							width="65%" filterSuggests="false"
							editable="{=${appView>/oAppType}==='CSIReview' || ${appView>/oAppType}==='BILLReview' || ${appView>/oAppType}==='BILLRej' ? false : ${parts:[{path:'oFragmentModel>/Systatusline'},{path:'EnableDesable>/Zpcs'}],formatter:'.formatter.ChanProjEditPCS'}}"/>
						<Label text="IFIS Cost Center (GIS only)" wrapping="true" textAlign="Begin" textDirection="Inherit" visible="true"/>
						<Input value="{oFragmentModel>/Zifis}" id="idIFS" valueState="None" maxLength="4" liveChange="onSpecialChar" change="onInputChangeDeS"
							width="65%" filterSuggests="false"
							editable="{=${appView>/oAppType}==='CSIReview' || ${appView>/oAppType}==='BILLReview' || ${appView>/oAppType}==='BILLRej' ? false : ${parts:[{path:'oFragmentModel>/Systatusline'},{path:'EnableDesable>/Zifis'}],formatter:'.formatter.ChanProjEditIFSC'}}"/>
						<Label text="IFIS Description (GIS only)" wrapping="true" textAlign="Begin" textDirection="Inherit" visible="true"/>
						<Input value="{oFragmentModel>/ZifisDesc}" id="idWBSCoCodeL31" valueState="None" maxLength="40" liveChange="onSpecialChar"
							change="onInputChangeDeS" width="65%" filterSuggests="false"
							editable="{=${appView>/oAppType}==='CSIReview' || ${appView>/oAppType}==='BILLReview' || ${appView>/oAppType}==='BILLRej' ? false : ${parts:[{path:'oFragmentModel>/Systatusline'},{path:'EnableDesable>/ZifisDesc'}],formatter:'.formatter.ChanProjEditIFSCDes'}}"/>
						<Label text="Status" wrapping="true" textAlign="Begin" textDirection="Inherit"/>
						<ComboBox class="disablinputPicker" id="idFSystatusline" value="{oFragmentModel>/Systatusline}" valueState="None" width="230px"
						editable="{=${appView>/oAppType}==='CSIReview' || ${appView>/oAppType}==='BILLReview'||${appView>/oAppType}==='View' || ${appView>/oAppType}==='BILLRej' ? false : ${parts:[{path:'oFragmentModel>/Systatusline'},{path:'EnableDesable>/ZifisDes'}],formatter:'.formatter.ChanProjEditStatusLine'}}"
							visible="false" showSecondaryValues="true">
							<core:ListItem key="" text="REL"/>
							<core:ListItem key="" text="TECO" enabled="{path:'appView>/StatusCLSD',formatter:'.formatter.ChanProjStatusCLSD'}"/>
							<core:ListItem key="" text="CLSD" enabled="{path:'appView>/StatusCLSD',formatter:'.formatter.ChanProjStatusCLSD'}"/>
							<!--<core:ListItem key="" text="DLFL"/>-->
						</ComboBox>
					</f:content>
				</f:SimpleForm>
			</VBox>
			<VBox width="81%">
				<f:SimpleForm editable="true">
					<f:content>
						<Label required="true" text="Payer"/>
						<Input value="{oFragmentModel>/payerName}" id="idPayerPopup" valueState="None" liveChange="onInputValidation"  filterSuggests="false"
							showTableSuggestionValueHelp="false" showSuggestion="true" suggest="onPayerSuggestpopup" maxSuggestionWidth="500px" width="65%"
							textFormatMode="ValueKey" suggestionRows="{ path: 'sug>/', templateShareable:false}"
							editable="{=${appView>/oAppType}==='CSIReview' || ${appView>/oAppType}==='BILLReview' || ${appView>/oAppType}==='BILLRej' || ${appView>/type}==='View' ? false : ${parts:[{path:'oFragmentModel>/Systatusline'},{path:'EnableDesable>/payerName'}],formatter:'.formatter.ChanProjEditPayer'}}">
							<suggestionColumns>
								<Column hAlign="Center" popinDisplay="Inline" width="300px" demandPopin="true" minScreenWidth="Tablet">
									<Label text="Payer"/>
								</Column>
								<Column hAlign="Begin" popinDisplay="Inline" width="100px" demandPopin="true"></Column>
							</suggestionColumns>
							<suggestionRows>
								<ColumnListItem>
									<cells>
										<Label text="{sug>Kunnr} {sug>Name1},{sug>Stras} {sug>Land1}"/>
										<Label text="{sug>Kunnr}"/>
									</cells>
								</ColumnListItem>
							</suggestionRows>
						</Input>
						<Label required="true" text="Ship To"/>
						<Input value="{oFragmentModel>/shipToName}" id="idshipPopup" valueState="None" liveChange="onInputValidation"  filterSuggests="false"
							showSuggestion="true" suggest="onShiptoSuggestpopup" maxSuggestionWidth="500px" width="65%" textFormatMode="ValueKey"
							showTableSuggestionValueHelp="false" suggestionRows="{ path: 'sug>/', templateShareable:false}"
							editable="{=${appView>/oAppType}==='CSIReview' || ${appView>/oAppType}==='BILLReview' || ${appView>/oAppType}==='BILLRej' || ${appView>/type}==='View' ? false : ${parts:[{path:'oFragmentModel>/Systatusline'},{path:'EnableDesable>/shipToName'}],formatter:'.formatter.ChanProjEditShip'}}">
							<suggestionColumns>
								<Column hAlign="Center" popinDisplay="Inline" width="300px" demandPopin="true" minScreenWidth="Tablet">
									<Label text="Ship"/>
								</Column>
								<Column hAlign="Begin" popinDisplay="Inline" width="100px" demandPopin="true"></Column>
							</suggestionColumns>
							<suggestionRows>
								<ColumnListItem >
									<cells >
										<Label text="{sug>Kunnr} {sug>Name1},{sug>Stras} {sug>Land1}"/>
										<Label text="{sug>Kunnr}"/>
									</cells>
								</ColumnListItem>
							</suggestionRows>
						</Input>
						<Label required="true" text="Bill To"/>
						<Input value="{oFragmentModel>/billToName}" valueStateText=" " id="idbillPopup" valueState="None" filterSuggests="false"
							liveChange="onInputValidation" suggest="onBilltoSuggestpopup" showSuggestion="true" maxSuggestionWidth="500px" width="65%"
							textFormatMode="ValueKey" showTableSuggestionValueHelp="false" suggestionRows="{ path: 'sug>/', templateShareable:false}"
							editable="{=${appView>/oAppType}==='CSIReview' || ${appView>/oAppType}==='BILLReview' || ${appView>/oAppType}==='BILLRej' || ${appView>/type}==='View' ? false : ${parts:[{path:'oFragmentModel>/Systatusline'},{path:'EnableDesable>/billToName'}],formatter:'.formatter.ChanProjEditBill'}}">
							<suggestionColumns>
								<Column hAlign="Center" popinDisplay="Inline" width="300px" demandPopin="true" minScreenWidth="Tablet">
									<Label text="Bill"/>
								</Column>
								<Column hAlign="Begin" popinDisplay="Inline" width="100px" demandPopin="true"></Column>
							</suggestionColumns>
							<suggestionRows>
								<ColumnListItem >
									<cells >
										<Label text="{sug>Kunnr} {sug>Name1},{sug>Stras} {sug>Land1}"/>
										<Label text="{sug>Kunnr}"/>
									</cells>
								</ColumnListItem>
							</suggestionRows>
						</Input>
						<Label text="Account General Manager" wrapping="true" required="true" class="sapUiTinyMarginTop"/>
						<Input value="{oFragmentModel>/Agm}" id="idLineAGM" valueState="None" change="onAGMChange" liveChange="onInputValidation"
							suggest="onSuggestAgmpopup" showSuggestion="true" maxSuggestionWidth="450px" width="65%" filterSuggests="false"
							editable="{=${appView>/oAppType}==='CSIReview' || ${appView>/oAppType}==='BILLReview' || ${appView>/oAppType}==='BILLRej' ? false :${parts:[{path:'oFragmentModel>/Systatusline'},{path:'EnableDesable>/Agm'}],formatter:'.formatter.ChanProjEditAgm'}}"
							suggestionItems="{ path: 'oDataModel>/SearchEmpPartnerSet', templateShareable:false}">
							<core:ListItem additionalText="{oDataModel>Pernr}" key="{oDataModel>Pernr}"
								text="{oDataModel>Name1},{oDataModel>Name2} ({oDataModel>Pernr})"/>
						</Input>
						<Label text="WBS Owner1" required="true" class="sapUiTinyMarginTop"/>
						<Input value="{oFragmentModel>/Wbsowner1}" id="idOwner1" valueState="None" filterSuggests="false" change="onOwner1Change" suggestionItemSelected="onWbsOwnerEqual"
							liveChange="onInputValidation" showSuggestion="true" maxSuggestionWidth="450px" width="65%" suggest="onSuggestWBS1popup"
							editable="{=${appView>/oAppType}==='CSIReview' || ${appView>/oAppType}==='BILLReview' || ${appView>/oAppType}==='BILLRej' ? false :${parts:[{path:'oFragmentModel>/Systatusline'},{path:'EnableDesable>/Wbsowner1'}],formatter:'.formatter.ChanProjEditWBS1'}}"
							suggestionItems="{ path: 'oDataModel>/SearchEmpPartnerSet', templateShareable:false}">
							<core:ListItem additionalText="{oDataModel>Pernr}" key="{oDataModel>Pernr}"
								text="{oDataModel>Name1},{oDataModel>Name2} ({oDataModel>Pernr})"/>
						</Input>
						<Label text="WBS Owner2" required="true" class="sapUiTinyMarginTop"/>
						<Input value="{oFragmentModel>/Wbsowner2}" id="idOwner2" valueState="None"  filterSuggests="false" change="onOwner2Change" liveChange="onInputValidation"
							suggestionItemSelected="onWbsOwnerEqual" suggest="onSuggestWBS2popup" showSuggestion="true" maxSuggestionWidth="450px" width="65%"
							editable="{=${appView>/oAppType}==='CSIReview' || ${appView>/oAppType}==='BILLReview' || ${appView>/oAppType}==='BILLRej' ? false :${parts:[{path:'oFragmentModel>/Systatusline'},{path:'EnableDesable>/Wbsowner2'}],formatter:'.formatter.ChanProjEditWBS2'}}"
							suggestionItems="{ path: 'oDataModel>/SearchEmpPartnerSet', templateShareable:false}">
							<core:ListItem additionalText="{oDataModel>Pernr}" key="{oDataModel>Pernr}" text="{oDataModel>Name1},{oDataModel>Name2} ({oDataModel>Pernr})"/>
						</Input>
						<Label text="Finance Approver" required="true" class="sapUiTinyMarginTop"/>
						<Input value="{oFragmentModel>/FinApp}" id="idFinanceApp" valueState="None" filterSuggests="false" change="onFinanceApprChange" liveChange="onInputValidation"
							suggest="onSuggestFinApppopup" showSuggestion="true" maxSuggestionWidth="450px" width="65%"
							editable="{=${appView>/oAppType}==='CSIReview' || ${appView>/oAppType}==='BILLReview' || ${appView>/oAppType}==='BILLRej' ? false :${parts:[{path:'oFragmentModel>/Systatusline'},{path:'EnableDesable>/FinApp'}],formatter:'.formatter.ChanProjEditFinapp'}}"
							suggestionItems="{ path: 'oDataModel>/SearchEmpPartnerSet', templateShareable:false}">
							<core:ListItem additionalText="{oDataModel>Pernr}" key="{oDataModel>Pernr}"
								text="{oDataModel>Name1},{oDataModel>Name2} ({oDataModel>Pernr})"/>
						</Input>
						<Label text="Project Accountant" class="sapUiTinyMarginTop"/>
						<Input value="{oFragmentModel>/PrjAc}" id="idProjAcc" editable="false" valueState="None" filterSuggests="false" change="onProjAccChange"
							liveChange="onInputValidation" suggest="onProjectActpopup" showSuggestion="true" maxSuggestionWidth="450px" width="65%"
							suggestionItems="{ path: 'oDataModel>/SearchBMTPartnerSet', templateShareable:false}">
							<core:ListItem additionalText="{oDataModel>Vorna},{oDataModel>Nachn} ({oDataModel>Pernr})" key="{oDataModel>Pernr}"
								text="{oDataModel>Vorna},{oDataModel>Nachn} ({oDataModel>Pernr})"/>
						</Input>
						<Label text="Draft Invoice Approver" required="true" class="sapUiTinyMarginTop"/>
						<Input value="{oFragmentModel>/DraftIa}" id="idDraftInv" valueState="None" filterSuggests="false" change="onDraftInvChange" liveChange="onInputValidation"
							suggest="onSuggestDraftpopup" showSuggestion="true" maxSuggestionWidth="450px" width="65%"
							editable="{=${appView>/oAppType}==='CSIReview' || ${appView>/oAppType}==='BILLReview' || ${appView>/oAppType}==='BILLRej' ? false :${parts:[{path:'oFragmentModel>/Systatusline'},{path:'EnableDesable>/DraftIa'}],formatter:'.formatter.ChanProjEditDraftInv'}}"
							suggestionItems="{ path: 'oDataModel>/SearchEmpPartnerSet', templateShareable:false}">
							<core:ListItem additionalText="{oDataModel>Pernr}" key="{oDataModel>Pernr}"
								text="{oDataModel>Name1},{oDataModel>Name2} ({oDataModel>Pernr})"/>
						</Input>
						<Label text="Billing Data Steward" class="sapUiTinyMarginTop"/>
						<Input value="{oFragmentModel>/Bds}" id="idBillingData" editable="false" valueState="None" filterSuggests="false" change="onBillChange"
							liveChange="onInputValidation" suggest="onBdspopup" showSuggestion="true" maxSuggestionWidth="450px" width="65%"
							suggestionItems="{ path: 'oDataModel>/SearchBDSSet', templateShareable:false}">
							<core:ListItem additionalText="{oDataModel>Pernr}" key="{oDataModel>Pernr}"
								text="{oDataModel>Vorna},{oDataModel>Nachn} ({oDataModel>Pernr})"/>
						</Input>
						<Label text="Invoice Receiver" class="sapUiTinyMarginTop"/>
						<Input value="{oFragmentModel>/InvRec}" id="idInvoice" editable="false" filterSuggests="false" valueState="None" change="onInvoiceChange"
							liveChange="onInputValidation" suggest="onInvRecpopup" showSuggestion="true" maxSuggestionWidth="450px" width="65%"
							suggestionItems="{ path: 'oDataModel>/SearchInvRecSet', templateShareable:false}">
							<core:ListItem additionalText="{oDataModel>Pernr}" key="{oDataModel>Pernr}"
								text="{oDataModel>Vorna},{oDataModel>Nachn} ({oDataModel>Pernr})"/>
						</Input>
					</f:content>
				</f:SimpleForm>
			</VBox>
		</HBox>
		<beginButton/>
		<buttons>
			<Button text="{i18n>XBUT_Save}" type="Default" id="idSaveLineItem" iconFirst="true" width="auto" enabled="true" visible="true"
				iconDensityAware="false" press="onSavePopUpItems"/>
			<Button text="{i18n>XBUT_CAN}" type="Default" iconFirst="true" width="auto" enabled="true" visible="true" iconDensityAware="false"
				press="onPopUpCancel"/>
		</buttons>
		<customHeader/>
		<endButton/>
		<subHeader/>
	</Dialog>
</core:FragmentDefinition>