<core:FragmentDefinition xmlns:core="sap.ui.core" xmlns="sap.m">
	<Dialog contentHeight="auto" contentWidth="550px" horizontalScrolling="true" showHeader="true" state="None" stretch="false"
		title="{i18n>XTEXT_LINETEXT}" type="Standard" verticalScrolling="true" id="idDialog" draggable="true" resizable="true">
		<content>
			<List mode="None" width="100%" headerText="Header" footerText="" backgroundDesign="Solid" showSeparators="All" growing="true"
				growingThreshold="20" growingScrollToLoad="true">
				<headerToolbar>
					<Toolbar enabled="true" visible="false" width="" design="Solid">
					</Toolbar>
				</headerToolbar>
				<items>
					<CustomListItem type="Active" selected="false" visible="true">
						<content>
							<HBox alignItems="Center" direction="Row" fitContainer="false" width="auto" height="auto" justifyContent="SpaceBetween" renderType="Div"
								visible="true" displayInline="false" class="sapUiSmallMarginBegin">
								<items>
									<Label text="{i18n>XLBL_BILOC}" width="auto" design="Bold"/>
									<!--<Input value="{/BillFrmLocation}" id="BilFrLoc" width="auto" editable="true"></Input>-->
									<ComboBox  value="{/BillFrmLocation}" id="BilFrLoc"
										editable="true" enabled="true" visible="true" width="auto" valueState="None" 
										showSecondaryValues="true" selectedKey="{/BillFrmLocation}"
										items="{ path: 'oDataModel>/SearchIndiaLocationSet', templateShareable : false, and: true }">
										<core:ListItem key="{oDataModel>LocationCode}" text="{oDataModel>LocationCode}" additionalText="{oDataModel>LocationTxt}"/>
									</ComboBox>
									</items>
								<layoutData/>
							</HBox>
						</content>
					</CustomListItem>
					<CustomListItem type="Active" selected="false" visible="true">
						<content>
							<HBox alignItems="Center" direction="Row" fitContainer="false" width="auto" height="auto" justifyContent="SpaceBetween" renderType="Div"
								visible="true" displayInline="false" class="sapUiSmallMarginBegin">
								<items>
									<Label text="{i18n>XLBL_PERFSERVOFF}" width="auto" design="Bold"/>
									<!--<Input value="{/PerfSrvOffering}" id="PerfSrvOffOth" width="auto" editable="true"></Input>-->
									<ComboBox  value="{/PerfSrvOffering}" id="PerfSrvOffOth"
										editable="true" enabled="true" visible="true" width="auto" valueState="None" 
										showSecondaryValues="true" selectedKey="{L1Data>/PerfSrvOffering}"
										items="{ path: 'oDataModel>/SearchIndSrvOffSet', templateShareable : false}">
										<core:ListItem key="{oDataModel>Srvoffering}" text="{oDataModel>Srvoffering}" additionalText="{oDataModel>Srvofferingtxt}"/>
									</ComboBox>
								</items>
								<layoutData/>
							</HBox>
						</content>
					</CustomListItem>
					
					<CustomListItem type="Active" selected="false" visible="true">
						<content>
							<HBox alignItems="Center" direction="Row" fitContainer="false" width="auto" height="auto" justifyContent="SpaceBetween" renderType="Div"
								visible="true" displayInline="false" class="sapUiSmallMarginBegin">
								<items>
									<Label text="{i18n>XLBL_MWBSSERVOFF}" width="auto" design="Bold"/>
									<Input value="{/SrvOffering}" width="auto" editable="false"></Input>
								</items>
								<layoutData/>
							</HBox>
						</content>
					</CustomListItem>
					<CustomListItem type="Active" selected="false" visible="true">
						<content>
							<HBox alignItems="Center" direction="Row" fitContainer="false" width="auto" height="auto" justifyContent="SpaceBetween" renderType="Div"
								visible="true" displayInline="false" class="sapUiSmallMarginBegin">
								<items>
									<Label text="{i18n>XLBL_PRONAME}" width="auto" design="Bold"/>
									<Input value="{/ProjectName}" id="projNameOth" width="auto" editable="true"></Input>
								</items>
								<layoutData/>
							</HBox>
						</content>
					</CustomListItem>
					<CustomListItem type="Active" selected="false" visible="true">
						<content>
							<HBox alignItems="Center" direction="Row" fitContainer="false" width="auto" height="auto" justifyContent="SpaceBetween" renderType="Div"
								visible="true" displayInline="false" class="sapUiSmallMarginBegin">
								<items>
									<Label text="{i18n>XLBL_CLTNAME}" width="auto" design="Bold"/>
									<Input value="{/ClientName}" id="clieNameOth" width="auto" editable="true"></Input>
								</items>
								<layoutData/>
							</HBox>
						</content>
					</CustomListItem>
					<CustomListItem type="Active" selected="false" visible="true">
						<content>
							<HBox alignItems="Center" direction="Row" fitContainer="false" width="auto" height="auto" justifyContent="SpaceBetween" renderType="Div"
								visible="true" displayInline="false" class="sapUiSmallMarginBegin">
								<items>
									<Label text="{i18n>XLBL_TOT}" width="auto" design="Bold"/>
									<Input value="{/CostAmount}" width="auto" editable="false"></Input>
								</items>
								<layoutData/>
							</HBox>
						</content>
					</CustomListItem>
					<CustomListItem type="Active" selected="false" visible="true">
						<content>
							<HBox alignItems="Center" direction="Row" fitContainer="false" width="auto" height="auto" justifyContent="SpaceBetween" renderType="Div"
								visible="true" displayInline="false" class="sapUiSmallMarginBegin">
								<items>
									<Label text="{i18n>XLBL_CURR}" width="auto" design="Bold"/>
									<Input value="{/Iwocurrency}" width="auto" editable="false"></Input>
								</items>
								<layoutData/>
							</HBox>
						</content>
					</CustomListItem>
					<CustomListItem type="Active" selected="false" visible="true">
						<content>
							<HBox alignItems="Center" direction="Row" fitContainer="false" width="auto" height="auto" justifyContent="SpaceBetween" renderType="Div"
								visible="true" displayInline="false" class="sapUiSmallMarginBegin">
								<items>
									<Label text="{i18n>XLBL_IWO}" width="auto" design="Bold"/>
									<Input value="{/Iwo}" width="auto" editable="false"></Input>
								</items>
								<layoutData/>
							</HBox>
						</content>
					</CustomListItem>
					<CustomListItem type="Active" selected="false" id="idChildWBSL3" visible="true">
						<content>
							<HBox alignItems="Center" direction="Row" fitContainer="false" width="auto" height="auto" justifyContent="SpaceBetween" renderType="Div"
								visible="true" displayInline="false" class="sapUiSmallMarginBegin">
								<items>
									<Label text="{i18n>XLBL_CHILDWBS}" width="auto" design="Bold"/>
									<Input value="{/PerfWbs}" id="chiWBSOth" width="auto" editable="true"></Input>
								</items>
								<layoutData/>
							</HBox>
						</content>
					</CustomListItem>
					
					<CustomListItem type="Active" selected="false" visible="true">
						<content>
							<HBox alignItems="Center" direction="Row" fitContainer="false" width="auto" height="auto" justifyContent="SpaceBetween" renderType="Div"
								visible="true" displayInline="false" class="sapUiSmallMarginBegin">
								<items>
									<Label text="{i18n>XLBL_ORGPM}" width="auto" design="Bold"/>
									<Input value="{ path: '/Proj_manager_name'}"   width="auto" id="idProjMgrL3" editable="false"></Input>
									<!--<ComboBox  value="{L1Data>/Proj_manager_name}" id="empLocL1"-->
									<!--	editable="true" enabled="true" visible="true" width="auto" valueState="None" -->
									<!--	showSecondaryValues="true"-->
									<!--	items="{ path: 'oDataModel>/SearchIndiaLocationSet', templateShareable : false, and: true }">-->
									<!--	<core:ListItem key="{oDataModel>LocationCode}" text="{oDataModel>LocationCode}" additionalText="{oDataModel>LocationTxt}"/>-->
									<!--</ComboBox>-->
								</items>
								<layoutData/>
							</HBox>
						</content>
					</CustomListItem>
					<CustomListItem type="Active" selected="false" visible="true">
						<content>
							<HBox alignItems="Center" direction="Row" fitContainer="false" width="auto" height="auto" justifyContent="SpaceBetween" renderType="Div"
								visible="true" displayInline="false" class="sapUiSmallMarginBegin">
								<items>
									<Label text="{i18n>XLBL_PERFM}" width="auto" design="Bold"/>
									<Input value="{/Perf_manager_name}" id="idPerfMgrL2" width="auto" editable="false"></Input>
									<!--<ComboBox  value="{L1Data>/PerfSrvOffering}" id="PerfSrvOff"-->
									<!--	editable="true" enabled="true" visible="true" width="auto" valueState="None" -->
									<!--	showSecondaryValues="true"-->
									<!--	items="{ path: 'oDataModel>/SearchIndSrvOffSet', templateShareable : false}">-->
									<!--	<core:ListItem key="{oDataModel>Srvoffering}" text="{oDataModel>Srvoffering}" additionalText="{oDataModel>Srvofferingtxt}"/>-->
									<!--</ComboBox>-->
								</items>
								<layoutData/>
							</HBox>
						</content>
					</CustomListItem>
					<CustomListItem type="Active" selected="false" visible="true">
						<content>
							<HBox alignItems="Center" direction="Row" fitContainer="false" width="auto" height="auto" justifyContent="SpaceBetween" renderType="Div"
								visible="true" displayInline="false" class="sapUiSmallMarginBegin">
								<items>
									<Label text="{i18n>XLBL_FIN_POC_ORGSIDE}" width="auto" design="Bold"/>
									<Input value="{/Orig_Fin_manager_name}" id="idOrigFinMgrL2" width="auto"  editable="false"></Input>
								</items>
								<layoutData/>
							</HBox>
						</content>
					</CustomListItem>
					<CustomListItem type="Active" selected="false" visible="true">
						<content>
							<HBox alignItems="Center" direction="Row" fitContainer="false" width="auto" height="auto" justifyContent="SpaceBetween" renderType="Div"
								visible="true" displayInline="false" class="sapUiSmallMarginBegin">
								<items>
									<Label text="{i18n>XLBL_FIN_POC_PERSIDE}" width="auto" design="Bold"/>
									<Input value="{/Perf_Fin_manager_name}" id="idPergFinMgrL2" width="auto"  editable="false"></Input>
								</items>
								<layoutData/>
							</HBox>
						</content>
					</CustomListItem>
				</items>
			</List>
		</content>
		<beginButton/>
		<buttons>
			<Button text="{i18n>XBUT_Save}" type="Default" id="SaveL3" iconFirst="true" width="auto" enabled="true" visible="true" iconDensityAware="false"
				press="onUpdateAutoOthers"/>
			<Button text="{i18n>XBUT_CAN}" type="Default" iconFirst="true" width="auto" enabled="true" visible="true" iconDensityAware="false"
				press="onCancel"/>
		</buttons>
		<customHeader/>
		<endButton/>
		<subHeader/>
	</Dialog>
</core:FragmentDefinition>