<core:FragmentDefinition xmlns:mvc="sap.ui.core.mvc" xmlns:l="sap.ui.layout" xmlns:f="sap.ui.layout.form" xmlns="sap.m"
	xmlns:u="sap.ui.unified" xmlns:uxap="sap.uxap" xmlns:table="sap.ui.table" xmlns:core="sap.ui.core" xmlns:m="sap.m"
	xmlns:custData="http://schemas.sap.com/sapui5/extension/sap.ui.core.CustomData/1" xmlns:html="http://www.w3.org/1999/xhtml"
	displayBlock="true" class="sapUiSizeCozy">
	<Dialog contentWidth="150%" horizontalScrolling="true" showHeader="true" state="None" stretch="false" title="{i18n>XTEXT_LINETEXT}"
		type="Standard" verticalScrolling="true" id="idLineItemInternal" draggable="true" resizable="true">
		<HBox>
			<VBox width="89%">
				<f:SimpleForm editable="true">
					<f:content>
						<Label text="{i18n>XTEXT_PCSNUM}" tooltip="Select the Finance Manager on the Originating/Receiving side." wrapping="true" textAlign="Begin"
							textDirection="Inherit" visible="true"/>
						<Input value="{oInternalFragmentModel>/Zpcs}" valueState="None" filterSuggests="false" liveChange="onSpecialCharIntTable" maxLength="20" width="65%"
							editable="{=${appView>/oAppType}==='CSIReview' || ${appView>/oAppType}==='BILLReview' || ${appView>/oAppType}==='BILLRej' ||${appView>/oAppType}==='View' ? false : ${parts:[{path:'oInternalFragmentModel>/Systatusline'},{path:'EnableDesableIn>/Zpcs'},{path:'oInternalFragmentModel>/Zentry_tp'}],formatter:'.formatter.ChanProjEditWBS'}}"/>
						<Label text="IFIS Cost Center (GIS only)" wrapping="true" textAlign="Begin" textDirection="Inherit" visible="true"/>
						<Input value="{oInternalFragmentModel>/Zifis}" valueState="None" filterSuggests="false" liveChange="onSpecialCharIntTable" maxLength="4" width="65%"
							editable="{=${appView>/oAppType}==='CSIReview' || ${appView>/oAppType}==='BILLReview' || ${appView>/oAppType}==='BILLRej' ||${appView>/oAppType}==='View' ? false : ${parts:[{path:'oInternalFragmentModel>/Systatusline'},{path:'EnableDesableIn>/Zifis'},{path:'oInternalFragmentModel>/Zentry_tp'}],formatter:'.formatter.ChangeProjIFCSInt'}}"/>
						<Label text="IFIS Description (GIS only)" wrapping="true" textAlign="Begin" textDirection="Inherit" visible="true"/>
						<Input value="{oInternalFragmentModel>/ZifisDesc}" valueState="None" filterSuggests="false" liveChange="onSpecialCharIntTable" maxLength="40" width="65%"
							editable="{=${appView>/oAppType}==='CSIReview' || ${appView>/oAppType}==='BILLReview' || ${appView>/oAppType}==='BILLRej'||${appView>/oAppType}==='View' ? false : ${parts:[{path:'oInternalFragmentModel>/Systatusline'},{path:'EnableDesableIn>/ZifisDesc'},{path:'oInternalFragmentModel>/Zentry_tp'}],formatter:'.formatter.ChangeProjIFCSDInt'}}"/>
						<Label text="Legacy WBS(if applicable)" class="sapUiTinyMarginTop"/>
						<Input id="idIFLegacy" value="{oInternalFragmentModel>/Zlegwbs}" filterSuggests="false" maxLength="10" liveChange="TypeNumber" width="65%"
							editable="{=${appView>/oAppType}==='CSIReview' || ${appView>/oAppType}==='BILLReview' || ${appView>/oAppType}==='BILLRej' ||${appView>/oAppType}==='View' ? false : ${parts:[{path:'oInternalFragmentModel>/Systatusline'},{path:'EnableDesableIn>/Zlegwbs'},{path:'oInternalFragmentModel>/Zentry_tp'}],formatter:'.formatter.ChangeProjLegacyInt'}}"
							class="sapUiTinyMarginTop"/>
						<Label class="sapUiTinyMarginTop"></Label>
						<CheckBox id="idIFcheck" text="IN - India Indicator" selected="{path: 'oInternalFragmentModel>/Inind',formatter:'.formatter.CheckBoxClick'}"
							class="sapUiTinyMarginTop"
							editable="{=${appView>/oAppType}==='CSIReview' || ${appView>/oAppType}==='BILLReview' || ${appView>/oAppType}==='BILLRej' ||${appView>/oAppType}==='View' ? false : ${parts:[{path:'oInternalFragmentModel>/Systatusline'},{path:'EnableDesableIn>/Inind'},{path:'oInternalFragmentModel>/Zentry_tp'}],formatter:'.formatter.ChangeProjIndInt'}}"/>
						<Label text="Status" wrapping="true" textAlign="Begin" textDirection="Inherit"
							visible="{{=${appView>/oAppType}==='ChangeProject'? true:false}"/>
						<ComboBox class="disablinputPicker" id="idIFSystatusline" value="{oInternalFragmentModel>/Systatusline}" valueState="None" width="230px"
							editable="{= ${appView>/oAppType} === 'CSIReview'||${appView>/oAppType} === 'View'||${appView>/oAppType} === 'BILLReview'||${appView>/oAppType} === 'BILLRej'? false : ${path: 'oInternalFragmentModel>/Systatusline',formatter:'.formatter.ChanProjStatusLineInt'}}"
							visible="false" showSecondaryValues="true">
							<core:ListItem key="" text="REL"/>
							<core:ListItem key="" text="TECO" enabled="{path:'appView>/StatusCLSD',formatter:'.formatter.ChanProjStatusCLSD'}"/>
							<core:ListItem key="" text="CLSD" enabled="{path:'appView>/StatusCLSD',formatter:'.formatter.ChanProjStatusCLSD'}"/>
							<!--<core:ListItem key="" text="DLFL"/>-->
						</ComboBox>
					</f:content>
				</f:SimpleForm>
			</VBox>
			<VBox width="81%">
				<f:SimpleForm editable="true">
					<f:content>
						<Label text="Account General Manager" wrapping="true" class="sapUiTinyMarginTop"/>
						<Input value="{oInternalFragmentModel>/Agm}" id="idLineAGMInter" valueState="None" filterSuggests="false" change="onIntAGMChange" showSuggestion="true"
							maxSuggestionWidth="450px" width="65%" suggest="onSuggestIntAgmpopup"
							editable="{=${appView>/oAppType}==='CSIReview' || ${appView>/oAppType}==='BILLReview' ||  ${appView>/oAppType}==='BILLRej' ||${appView>/oAppType}==='View' ? false : ${parts:[{path:'oInternalFragmentModel>/Systatusline'},{path:'EnableDesableIn>/Agm'},{path:'oInternalFragmentModel>/Zentry_tp'}],formatter:'.formatter.ChangeProjAgmInt'}}"
							suggestionItems="{ path: 'oDataModel>/SearchEmpPartnerSet', templateShareable:false}">
							<core:ListItem additionalText="{oDataModel>Pernr}" key="{oDataModel>Pernr}"
								text="{oDataModel>Name1},{oDataModel>Name2} ({oDataModel>Pernr})"/>
						</Input>
						<Label text="WBS Owner1" required="true" class="sapUiTinyMarginTop"/>
						<Input value="{oInternalFragmentModel>/Wbsowner1}" id="idOwner1Int" valueState="None" filterSuggests="false" change="onIntOwner1Change"
							liveChange="onInputValidation" suggestionItemSelected="onIntPopEualWoner" showSuggestion="true" maxSuggestionWidth="450px" width="65%"
							suggest="onSuggestIntWBS1popup"
							editable="{=${appView>/oAppType}==='CSIReview' || ${appView>/oAppType}==='BILLReview' || ${appView>/oAppType}==='BILLRej' ||${appView>/oAppType}==='View' ? false : ${parts:[{path:'oInternalFragmentModel>/Systatusline'},{path:'EnableDesableIn>/Wbsowner1'},{path:'oInternalFragmentModel>/Zentry_tp'}],formatter:'.formatter.ChangeProjWBS1Int'}}"
							suggestionItems="{ path: 'oDataModel>/SearchEmpPartnerSet', templateShareable:false}">
							<core:ListItem additionalText="{oDataModel>Pernr}" key="{oDataModel>Pernr}"
								text="{oDataModel>Name1},{oDataModel>Name2} ({oDataModel>Pernr})"/>
						</Input>
						<Label text="WBS Owner2" required="true" class="sapUiTinyMarginTop"/>
						<Input value="{oInternalFragmentModel>/Wbsowner2}" id="idOwner2Int" valueState="None" filterSuggests="false" change="onIntOwner2Change"
							liveChange="onInputValidation" suggestionItemSelected="onIntPopEualWoner" showSuggestion="true"
							editable="{=${appView>/oAppType}==='CSIReview' || ${appView>/oAppType}==='BILLReview' || ${appView>/oAppType}==='BILLRej'||${appView>/oAppType}==='View' ? false : ${parts:[{path:'oInternalFragmentModel>/Systatusline'},{path:'EnableDesableIn>/Wbsowner2'},{path:'oInternalFragmentModel>/Zentry_tp'}],formatter:'.formatter.ChangeProjWBS2Int'}}"
							maxSuggestionWidth="450px" width="65%" suggest="onSuggestIntWBS2popup"
							suggestionItems="{ path: 'oDataModel>/SearchEmpPartnerSet', templateShareable:false}">
							<core:ListItem additionalText="{oDataModel>Pernr}" key="{oDataModel>Pernr}"
								text="{oDataModel>Name1},{oDataModel>Name2} ({oDataModel>Pernr})"/>
						</Input>
						<Label text="Finance Approver" required="true" class="sapUiTinyMarginTop"/>
						<Input value="{oInternalFragmentModel>/FinApp}" id="idFinanceAppInt" valueState="None" filterSuggests="false" change="onIntFinanceApprChange"
							liveChange="onInputValidation" showSuggestion="true" maxSuggestionWidth="450px" width="65%"
							editable="{=${appView>/oAppType}==='CSIReview' || ${appView>/oAppType}==='BILLReview' || ${appView>/oAppType}==='BILLRej'||${appView>/oAppType}==='View' ? false : ${parts:[{path:'oInternalFragmentModel>/Systatusline'},{path:'EnableDesableIn>/FinApp'},{path:'oInternalFragmentModel>/Zentry_tp'}],formatter:'.formatter.ChangeProjFinAppInt'}}"
							suggest="onSuggestIntFinApppopup" suggestionItems="{ path: 'oDataModel>/SearchEmpPartnerSet', templateShareable:false}">
							<core:ListItem additionalText="{oDataModel>Pernr}" key="{oDataModel>Pernr}"
								text="{oDataModel>Name1},{oDataModel>Name2} ({oDataModel>Pernr})"/>
						</Input>
						<Label text="Project Accountant" required="true" class="sapUiTinyMarginTop"/>
						<Input value="{oInternalFragmentModel>/PrjAc}" id="idProjAccInt" valueState="None" filterSuggests="false" change="onIntProjAccChange"
							liveChange="onInputValidation" showSuggestion="true" maxSuggestionWidth="450px" width="65%"
							editable="{=${appView>/oAppType}==='BILLReview' || ${appView>/oAppType}==='BILLRej' ? false : ${parts:[{path:'oInternalFragmentModel>/Systatusline'},{path:'EnableDesableIn>/PrjAc'},{path:'oInternalFragmentModel>/Zentry_tp'},{path:'appView>/oAppType'}],formatter:'.formatter.ChangeProjPrAcInt'}}"
							suggest="onIntProjectActpopup" suggestionItems="{ path: 'oDataModel>/SearchBMTPartnerSet', templateShareable:false}">
							<core:ListItem additionalText="{oDataModel>Pernr}" key="{oDataModel>Pernr}"
								text="{oDataModel>Vorna},{oDataModel>Nachn} ({oDataModel>Pernr})"/>
						</Input>
						<Label text="Draft Invoice Approver" class="sapUiTinyMarginTop"/>
						<Input value="{oInternalFragmentModel>/DraftIa}" id="idDIAInt" valueState="None" change="onIntDraftInvChange" liveChange="onInputValidation"
							showSuggestion="true" maxSuggestionWidth="450px" width="65%" filterSuggests="false"
							editable="{=${appView>/oAppType}==='CSIReview' || ${appView>/oAppType}==='BILLReview' || ${appView>/oAppType}==='BILLRej' ||${appView>/oAppType}==='View' ? false : ${parts:[{path:'oInternalFragmentModel>/Systatusline'},{path:'EnableDesableIn>/DraftIa'},{path:'oInternalFragmentModel>/Zentry_tp'}],formatter:'.formatter.ChangeProjDrafVInt'}}"
							suggest="onSuggestIntDraftpopup" suggestionItems="{ path: 'oDataModel>/SearchEmpPartnerSet', templateShareable:false}">
							<core:ListItem additionalText="{oDataModel>Pernr}" key="{oDataModel>Pernr}"
								text="{oDataModel>Name1},{oDataModel>Name2} ({oDataModel>Pernr})"/>
						</Input>
					</f:content>
				</f:SimpleForm>
			</VBox>
		</HBox>
		<beginButton/>
		<buttons>
			<Button text="{i18n>XBUT_Save}" type="Default" id="idSaveInternalItem" iconFirst="true" width="auto" enabled="true" visible="true"
				iconDensityAware="false" press="onSavePopUpInternalItems"/>
			<Button text="{i18n>XBUT_CAN}" type="Default" iconFirst="true" width="auto" enabled="true" visible="true" iconDensityAware="false"
				press="onCloseInternalPopup"/>
		</buttons>
		<customHeader/>
		<endButton/>
		<subHeader/>
	</Dialog>
</core:FragmentDefinition>