<core:FragmentDefinition xmlns:core="sap.ui.core" xmlns="sap.m">
	<Dialog contentHeight="auto" contentWidth="450px" horizontalScrolling="true" showHeader="true" state="None" stretch="false"
		title="{i18n>XTEXT_LINETEXT}" type="Standard" verticalScrolling="true" id="idDialog" draggable="true" resizable="true">
		<content>
			<List mode="None" width="100%" headerText="Header" footerText="" backgroundDesign="Solid" showSeparators="All" growing="true"
				growingThreshold="20" growingScrollToLoad="true">
				<headerToolbar>
					<Toolbar enabled="true" visible="false" width="" design="Solid">
					</Toolbar>
				</headerToolbar>
				<items>
					<!--<CustomListItem type="Active" selected="false" visible="true">-->
					<!--	<content>-->
					<!--		<HBox alignItems="Center" direction="Row" fitContainer="false" width="auto" height="auto" justifyContent="SpaceBetween" renderType="Div"-->
					<!--			visible="true" displayInline="false" class="sapUiSmallMarginBegin">-->
					<!--			<items>-->
					<!--				<Label text="{i18n>XLBL_PERNO}" width="auto" design="Bold"/>-->
					<!--				<Input value="{L1Data>/PersonnelNr}" width="auto" editable="false"></Input>-->
					<!--			</items>-->
					<!--			<layoutData/>-->
					<!--		</HBox>-->
					<!--	</content>-->
					<!--</CustomListItem>-->
					<CustomListItem type="Active" selected="false" visible="true">
						<content>
							<HBox alignItems="Center" direction="Row" fitContainer="false" width="auto" height="auto" justifyContent="SpaceBetween" renderType="Div"
								visible="true" displayInline="false" class="sapUiSmallMarginBegin">
								<items>
									<Label text="{i18n>XLBL_EMPNAME}" width="auto" design="Bold"/>
									<Input value="{L1Data>/FullName}" width="auto" editable="false"></Input>
								</items>
								<layoutData/>
							</HBox>
						</content>
					</CustomListItem>
				
					<CustomListItem type="Active" selected="false" visible="true">
						<content>
							<HBox alignItems="Center" direction="Row" fitContainer="false" width="auto" height="auto" justifyContent="SpaceBetween" renderType="Div"
								visible="true" displayInline="false" class="sapUiSmallMarginBegin">
								<items>
									<Label text="{i18n>XLBL_MWBSSERVOFF}" width="auto" design="Bold"/>
									<Input value="{L1Data>/SrvOffering}" width="auto" editable="false"></Input>
								</items>
								<layoutData/>
							</HBox>
						</content>
					</CustomListItem>
					<CustomListItem type="Active" selected="false" visible="true">
						<content>
							<HBox alignItems="Center" direction="Row" fitContainer="false" width="auto" height="auto" justifyContent="SpaceBetween" renderType="Div"
								visible="true" displayInline="false" class="sapUiSmallMarginBegin">
								<items>
									<Label text="{i18n>XLBL_PRONAME}" width="auto" design="Bold"/>
									<Input value="{L1Data>/ProjectName}" width="auto" id="projName" editable="true"></Input>
								</items>
								<layoutData/>
							</HBox>
						</content>
					</CustomListItem>
					<CustomListItem type="Active" selected="false" visible="true">
						<content>
							<HBox alignItems="Center" direction="Row" fitContainer="false" width="auto" height="auto" justifyContent="SpaceBetween" renderType="Div"
								visible="true" displayInline="false" class="sapUiSmallMarginBegin">
								<items>
									<Label text="{i18n>XLBL_CLTNAME}" width="auto" design="Bold"/>
									<Input value="{L1Data>/ClientName}" width="auto" id="clieName" editable="true"></Input>
								</items>
								<layoutData/>
							</HBox>
						</content>
					</CustomListItem>
					<CustomListItem type="Active" selected="false" visible="true">
						<content>
							<HBox alignItems="Center" direction="Row" fitContainer="false" width="auto" height="auto" justifyContent="SpaceBetween" renderType="Div"
								visible="true" displayInline="false" class="sapUiSmallMarginBegin">
								<items>
									<Label text="{i18n>XLBL_HRATE}" width="auto" design="Bold"/>
									<Input value="{L1Data>/Rate}" width="auto" id="rate" editable="true"></Input>
								</items>
								<layoutData/>
							</HBox>
						</content>
					</CustomListItem>
					<CustomListItem type="Active" selected="false" visible="true">
						<content>
							<HBox alignItems="Center" direction="Row" fitContainer="false" width="auto" height="auto" justifyContent="SpaceBetween" renderType="Div"
								visible="true" displayInline="false" class="sapUiSmallMarginBegin">
								<items>
									<Label text="{i18n>XLBL_TOT}" width="auto" design="Bold"/>
									<Input value="{L1Data>/CostAmount}" width="auto" id="idCostAmountL1" editable="true"></Input>
								</items>
								<layoutData/>
							</HBox>
						</content>
					</CustomListItem>
					<CustomListItem type="Active" selected="false" visible="true">
						<content>
							<HBox alignItems="Center" direction="Row" fitContainer="false" width="auto" height="auto" justifyContent="SpaceBetween" renderType="Div"
								visible="true" displayInline="false" class="sapUiSmallMarginBegin">
								<items>
									<Label text="{i18n>XLBL_CURR}" width="auto" design="Bold"/>
									<Input value="{L1Data>/Iwocurrency}" width="auto" editable="false"></Input>
								</items>
								<layoutData/>
							</HBox>
						</content>
					</CustomListItem>
					<CustomListItem type="Active" selected="false" visible="true">
						<content>
							<HBox alignItems="Center" direction="Row" fitContainer="false" width="auto" height="auto" justifyContent="SpaceBetween" renderType="Div"
								visible="true" displayInline="false" class="sapUiSmallMarginBegin">
								<items>
									<Label text="{i18n>XLBL_IWO}" width="auto" design="Bold"/>
									<Input value="{L1Data>/Iwo}" width="auto" editable="false"></Input>
								</items>
								<layoutData/>
							</HBox>
						</content>
					</CustomListItem>
					<CustomListItem type="Active" selected="false" id="idChildWBSL1" visible="true">
						<content>
							<HBox alignItems="Center" direction="Row"  fitContainer="false" width="auto" height="auto" justifyContent="SpaceBetween" renderType="Div"
								visible="true" displayInline="false" class="sapUiSmallMarginBegin">
								<items>
									<Label text="{i18n>XLBL_CHILDWBS}" width="auto" design="Bold"/>
									<Input value="{L1Data>/PerfWbs}" width="auto" id="chiWBS" editable="true"></Input>
								</items>
								<layoutData/>
							</HBox>
						</content>
					</CustomListItem>
					
					<CustomListItem type="Active" selected="false" visible="true">
						<content>
							<HBox alignItems="Center" direction="Row" fitContainer="false" width="auto" height="auto" justifyContent="SpaceBetween" renderType="Div"
								visible="true" displayInline="false" class="sapUiSmallMarginBegin">
								<items>
									<Label text="{i18n>XLBL_ORGPM}" width="auto" design="Bold"/>
									<Input value="{path: 'L1Data>/PROJ_MANAGER_NAME'}"  width="auto" id="empLoc" editable="false" ></Input>
									<!--<ComboBox  value="{L1Data>/Proj_manager_name}" id="empLocL1"-->
									<!--	editable="true" enabled="true" visible="true" width="auto" valueState="None" -->
									<!--	showSecondaryValues="true"-->
									<!--	items="{ path: 'oDataModel>/SearchIndiaLocationSet', templateShareable : false, and: true }">-->
									<!--	<core:ListItem key="{oDataModel>LocationCode}" text="{oDataModel>LocationCode}" additionalText="{oDataModel>LocationTxt}"/>-->
									<!--</ComboBox>-->
								</items>
								<layoutData/>
							</HBox>
						</content>
					</CustomListItem>
					<CustomListItem type="Active" selected="false" visible="true">
						<content>
							<HBox alignItems="Center" direction="Row" fitContainer="false" width="auto" height="auto" justifyContent="SpaceBetween" renderType="Div"
								visible="true" displayInline="false" class="sapUiSmallMarginBegin">
								<items>
									<Label text="{i18n>XLBL_PERFM}" width="auto" design="Bold"/>
									<Input value="{L1Data>/PERF_MANAGER_NAME}" id="idPerfMgrL1" width="auto" editable="false"></Input>
									<!--<ComboBox  value="{L1Data>/PerfSrvOffering}" id="PerfSrvOff"-->
									<!--	editable="true" enabled="true" visible="true" width="auto" valueState="None" -->
									<!--	showSecondaryValues="true"-->
									<!--	items="{ path: 'oDataModel>/SearchIndSrvOffSet', templateShareable : false}">-->
									<!--	<core:ListItem key="{oDataModel>Srvoffering}" text="{oDataModel>Srvoffering}" additionalText="{oDataModel>Srvofferingtxt}"/>-->
									<!--</ComboBox>-->
								</items>
								<layoutData/>
							</HBox>
						</content>
					</CustomListItem>
					<CustomListItem type="Active" selected="false" visible="true">
						<content>
							<HBox alignItems="Center" direction="Row" fitContainer="false" width="auto" height="auto" justifyContent="SpaceBetween" renderType="Div"
								visible="true" displayInline="false" class="sapUiSmallMarginBegin">
								<items>
									<Label text="{i18n>XLBL_FIN_POC_ORGSIDE}" width="auto" design="Bold"/>
									<Input value="{L1Data>/ORIG_FIN_MANAGER_NAME}" id="idOrigFinMgrL1" width="auto"  editable="false"></Input>
								</items>
								<layoutData/>
							</HBox>
						</content>
					</CustomListItem>
					<CustomListItem type="Active" selected="false" visible="true">
						<content>
							<HBox alignItems="Center" direction="Row" fitContainer="false" width="auto" height="auto" justifyContent="SpaceBetween" renderType="Div"
								visible="true" displayInline="false" class="sapUiSmallMarginBegin">
								<items>
									<Label text="{i18n>XLBL_FIN_POC_PERSIDE}" width="auto" design="Bold"/>
									<Input value="{L1Data>/PERF_FIN_MANAGER_NAME}" id="idPergFinMgrL1" width="auto"  editable="false"></Input>
								</items>
								<layoutData/>
							</HBox>
						</content>
					</CustomListItem>
				</items>
			</List>
		</content>
		<beginButton/>
		<buttons>
			<Button text="{i18n>XBUT_Save}" type="Default" id="SaveL1" iconFirst="true" width="auto" enabled="true" visible="true" iconDensityAware="false"
				press="onUpdateAutoL1"/>
			<Button text="{i18n>XBUT_CAN}" type="Default" iconFirst="true" width="auto" enabled="true" visible="true" iconDensityAware="false"
				press="onCancel"/>
		</buttons>
		<customHeader/>
		<endButton/>
		<subHeader/>
	</Dialog>
</core:FragmentDefinition>