<core:FragmentDefinition xmlns:core="sap.ui.core" xmlns="sap.m">
	<Dialog contentHeight="auto" contentWidth="500px" horizontalScrolling="true" showHeader="true" state="None" stretch="false"
		title="{i18n>XTEXT_MASSCHAGECOL}" type="Standard" verticalScrolling="true" id="idDialog">
		<content>
			<List mode="SingleSelectMaster" id="massChangeid" width="100%" headerText="" footerText="" backgroundDesign="Solid" showSeparators="All"
				growing="true" growingThreshold="20" growingScrollToLoad="true" visible="true">
				<infoToolbar/>
				<headerToolbar/>
				<items>
					<CustomListItem type="Active" selected="false" visible="true">
						<content>
							<HBox alignItems="Center" direction="Row" fitContainer="false" width="auto" height="auto" justifyContent="SpaceBetween" renderType="Div"
								visible="true" displayInline="false" class="sapUiSmallMarginBegin">
								<items>
									<!--<CheckBox selected="{/performingManager}" text="Master WBS" />-->
									<CheckBox text="{i18n>XLBL_MWBS}" selected="{/masterWBS1}" id="a1"/>
									<Input value="{/iwoMassChange/0/OrigWbs}" width="200px"/>
								</items>
								<layoutData/>
							</HBox>
						</content>
					</CustomListItem>
					<CustomListItem type="Active" selected="false" visible="true">
						<content>
							<HBox alignItems="Center" direction="Row" fitContainer="false" width="auto" height="auto" justifyContent="SpaceBetween" renderType="Div"
								id="sowTimNonTime" visible="true" displayInline="false" class="sapUiSmallMarginBegin">
								<items>
									<!--<CheckBox selected="{/performingManager}" text="SOW" />-->
									<CheckBox text="{i18n>XLBL_SOW}" selected="{/sow1}" id="a2"/>
									<ComboBox value="{path: '/iwoMassChange/0/JobSubCat',formatter:'.formatter.getSowText'}" change="onChangeTimeValidation" editable="true"
										enabled="true" visible="true" width="200px" valueState="None" maxWidth="100%" showSecondaryValues="true" selectedKey="{/JobSubCat}"
										id="idJobSUbCate"
										items="{ path: 'oDataModel>/SearchSOWSet', templateShareable : false, filters : [ { path : 'Jobcat', operator : 'EQ', value1 : '01'}, { path : 'Jobcat', operator : 'EQ', value1 : '02' }, { path : 'Jobcat', operator : 'EQ', value1 : '03'}, { path : 'Jobcat', operator : 'EQ', value1 : '04' }, { path : 'Jobcat', operator : 'EQ', value1 : '05'}, { path : 'Jobcat', operator : 'EQ', value1 : '06' }, { path : 'Jobcat', operator : 'EQ', value1 : '07' } ], and: true }">
										<core:ListItem key="{oDataModel>Jobsubcat}" text="{oDataModel>Jobsubcattext}" additionalText="{oDataModel>Jobcattext}"/>
									</ComboBox>
								</items>
								<layoutData/>
							</HBox>
						</content>
					</CustomListItem>
					<CustomListItem type="Active" selected="false" visible="true">
						<content>
							<HBox alignItems="Center" direction="Row" fitContainer="false" width="auto" height="auto" justifyContent="SpaceBetween" renderType="Div"
								visible="true" displayInline="false" class="sapUiSmallMarginBegin">
								<items>
									<CheckBox selected="{/SowText}" text="{i18n>XLBL_SOWTEXT}" id="a3"/>
									<Input value="{/iwoMassChange/0/SowText}" width="200px"/>
								</items>
								<layoutData/>
							</HBox>
						</content>
					</CustomListItem>
					<CustomListItem type="Active" selected="false" visible="true">
						<content>
							<HBox alignItems="Center" direction="Row" fitContainer="false" width="auto" height="auto" justifyContent="SpaceBetween" renderType="Div"
								visible="true" displayInline="false" class="sapUiSmallMarginBegin">
								<items>
									<CheckBox selected="{/startdate}" text="{i18n>XLBL_STARTDATE}" id="a4"/>
									<DatePicker dateValue="{/iwoMassChange/0/StartDate}" id="startMassDate" change="handleFragDateChange" valueState="None" width="200px"
										class="disablinputPicker"/>
									<!--<DatePicker dateValue="{/iwoMassChange/0/StartDate}"  -->
									<!--	id="startMassDate" valueState="None" change="handleFragDateChange" class="disablinputPicker"/>-->
								</items>
								<layoutData/>
							</HBox>
						</content>
					</CustomListItem>
					<CustomListItem type="Active" selected="false" visible="true">
						<content>
							<HBox alignItems="Center" direction="Row" fitContainer="false" width="auto" height="auto" justifyContent="SpaceBetween" renderType="Div"
								visible="true" displayInline="false" class="sapUiSmallMarginBegin">
								<items>
									<CheckBox selected="{/enddate}" text="{i18n>XLBL_ENDDATE}" id="a5"/>
									<DatePicker dateValue="{/iwoMassChange/0/EndDate}" valueState="None" id="endMassDate" change="onChangeTimeValidation" class="disablinputPicker"
										width="200px"/>
								</items>
								<layoutData/>
							</HBox>
						</content>
					</CustomListItem>
					<CustomListItem type="Active" selected="false" visible="true">
						<content>
							<HBox alignItems="Center" direction="Row" fitContainer="false" width="auto" height="auto" justifyContent="SpaceBetween" renderType="Div"
								visible="true" displayInline="false" class="sapUiSmallMarginBegin">
								<items>
									<CheckBox selected="{/profitCenter1}" text="{i18n>XLBL_PROFITCENTER}" id="a6"/>
									<!--<Input value="{/ProfitCentre}" width="200px"/>-->
									<Input value="{/iwoMassChange/0/ProfitCentre}" valueStateText="Mandatory for C1/GSAP Group" valueState="None" showSuggestion="true"
										editable="true" suggestionItems="{ path: 'oDataModel>/SearchProfitCentreSet', templateShareable:false}" suggest="onSuggestionProfit">
										<core:Item text="{oDataModel>ProfitCentre}"/>
									</Input>
								</items>
								<layoutData/>
							</HBox>
						</content>
					</CustomListItem>
					<CustomListItem type="Active" selected="false" visible="true">
						<content>
							<HBox alignItems="Center" direction="Row" fitContainer="false" height="auto" justifyContent="SpaceBetween" renderType="Div"
								id="hoTimNonTime" visible="true" displayInline="false" class="sapUiSmallMarginBegin">
								<items>
									<CheckBox selected="{/Hours1}" text="{i18n>XLBL_HOURS}" id="a7"/>
									<Input value="{/iwoMassChange/0/Zhours}" width="200px"/>
								</items>
								<layoutData/>
							</HBox>
						</content>
					</CustomListItem>
					<CustomListItem type="Active" selected="false" visible="true">
						<content>
							<HBox alignItems="Center" direction="Row" fitContainer="false" height="auto" justifyContent="SpaceBetween" renderType="Div"
								id="HoRateNonTime" visible="false" displayInline="false" class="sapUiSmallMarginBegin">
								<items>
									<CheckBox selected="{/HourlyRate1}" text="{i18n>XLBL_HRATE}" id="a12"/>
									<Input value="{/iwoMassChange/0/Rate}" width="200px"/>
								</items>
								<layoutData/>
							</HBox>
						</content>
					</CustomListItem>
					<CustomListItem type="Active" selected="false" visible="true">
						<content>
							<HBox alignItems="Center" direction="Row" fitContainer="false" height="auto" justifyContent="SpaceBetween" renderType="Div"
								id="totalcoastTravel" visible="false" displayInline="false" class="sapUiSmallMarginBegin">
								<items>
									<CheckBox selected="{/TotalCosts1}" text="{i18n>XLBL_TCOST}" id="a13"/>
									<Input value="{/iwoMassChange/0/GrossAmt}" width="200px"/>
								</items>
								<layoutData/>
							</HBox>
						</content>
					</CustomListItem>
					<CustomListItem type="Active" selected="false" visible="true">
						<content>
							<HBox alignItems="Center" direction="Row" fitContainer="false" height="auto" justifyContent="SpaceBetween" renderType="Div" visible="true"
								displayInline="false" class="sapUiSmallMarginBegin">
								<items>
									<CheckBox selected="{/performingManager1}" text="{i18n>XLBL_PERFM}" id="a8"/>
									<!--<Input value="{/PerfManager}" width="200px"/>-->
									<Input value="{/iwoMassChange/0/PerfManager}" valueState="None" showSuggestion="true" showValueHelp="false" editable="true"
										textFormatMode="Key" showTableSuggestionValueHelp="true" selectedKey="{oDataModel>Pernr}" suggest="onSuggestion1"
										suggestionRows="{path: 'oDataModel>/SearchEmployeeSet', templateShareable:false}">
										<suggestionColumns>
											<Column hAlign="Center" popinDisplay="Inline" demandPopin="true" minScreenWidth="Tablet">
												<Label text="ID"/>
											</Column>
											<Column hAlign="Begin" popinDisplay="Inline" demandPopin="true">
												<Label text="Full Name"/>
											</Column>
											<Column hAlign="Center" popinDisplay="Inline" demandPopin="false" minScreenWidth="Tablet">
												<Label text="Email"/>
											</Column>
											<Column hAlign="End" popinDisplay="Inline" demandPopin="true">
												<Label text="Company Code"/>
											</Column>
										</suggestionColumns>
										<suggestionRows>
											<ColumnListItem >
												<cells >
													<Label text="{oDataModel>Pernr}"/>
													<Label text="{oDataModel>Cname}"/>
													<Label text="{oDataModel>Email}"/>
													<Label text="{oDataModel>Bukrs}"/>
												</cells>
											</ColumnListItem>
										</suggestionRows>
									</Input>
								</items>
								<layoutData/>
							</HBox>
						</content>
					</CustomListItem>
					<!--<CustomListItem type="Active" selected="false" visible="true">-->
					<!--	<content>-->
					<!--		<HBox alignItems="Center" direction="Row" fitContainer="false"  height="auto" -->
					<!--			justifyContent="SpaceBetween" renderType="Div" id="perCoTime"-->
					<!--			visible="true" displayInline="false" class="sapUiSmallMarginBegin">-->
					<!--			<items>-->
					<!--				<CheckBox selected="{/perCoCode1}" text="{i18n>XLBL_PERFCOCODE}" id="a9"/>-->
					<!--				<Input value="{/PrefComCode}" width="200px"/>-->
					<!--			</items>-->
					<!--			<layoutData/>-->
					<!--		</HBox>-->
					<!--	</content>-->
					<!--</CustomListItem>-->
					<CustomListItem type="Active" selected="false" visible="true">
						<content>
							<HBox alignItems="Center" direction="Row" fitContainer="false" width="auto" height="auto" justifyContent="SpaceBetween" renderType="Div"
								visible="true" displayInline="false" class="sapUiSmallMarginBegin">
								<items>
									<CheckBox selected="{/financePOCOrgSide1}" text="{i18n>XLBL_FIN_POC_ORGSIDE}" id="a10"/>
									<!--<Input value="{/OrigFinpoc}" width="200px"/>-->
									<Input value="{/iwoMassChange/0/OrigFinpoc}" valueState="None" showSuggestion="true" showValueHelp="false" editable="true"
										textFormatMode="Key" showTableSuggestionValueHelp="true" selectedKey="{oDataModel>Pernr}" suggest="onSuggestion1"
										suggestionRows="{path: 'oDataModel>/SearchEmployeeSet', templateShareable:false}">
										<suggestionColumns>
											<Column hAlign="Center" popinDisplay="Inline" demandPopin="true" minScreenWidth="Tablet">
												<Label text="ID"/>
											</Column>
											<!--<Column hAlign="Begin" popinDisplay="Inline" demandPopin="true">-->
											<!--	<Label text="Full Name"/>-->
											<!--</Column>-->
											<!--<Column hAlign="Center" popinDisplay="Inline" demandPopin="false" minScreenWidth="Tablet">-->
											<!--	<Label text="Email"/>-->
											<!--</Column>-->
											<Column hAlign="End" popinDisplay="Inline" demandPopin="true">
												<Label text="Company Code"/>
											</Column>
										</suggestionColumns>
										<suggestionRows>
											<ColumnListItem >
												<cells >
													<Label text="{oDataModel>Pernr}"/>
													<!--<Label text="{oDataModel>Cname}"/>-->
													<!--<Label text="{oDataModel>Email}"/>-->
													<Label text="{oDataModel>Bukrs}"/>
												</cells>
											</ColumnListItem>
										</suggestionRows>
									</Input>
								</items>
								<layoutData/>
							</HBox>
						</content>
					</CustomListItem>
					<CustomListItem type="Active" selected="false" visible="true">
						<content>
							<HBox alignItems="Center" direction="Row" fitContainer="false" width="auto" height="auto" justifyContent="SpaceBetween" renderType="Div"
								visible="true" displayInline="false" class="sapUiSmallMarginBegin">
								<items>
									<CheckBox selected="{/financePOCPefSide1}" text="{i18n>XLBL_FIN_POC_PERSIDE}" id="a11"/>
									<!--<Input value="{/PerfFinpoc}" width="200px"/>-->
									<Input value="{/iwoMassChange/0/PerfFinpoc}" valueState="None" showSuggestion="true" showValueHelp="false" editable="true"
										textFormatMode="Key" showTableSuggestionValueHelp="true" selectedKey="{oDataModel>Pernr}" suggest="onSuggestion1"
										suggestionRows="{path: 'oDataModel>/SearchEmployeeSet', templateShareable:false}">
										<suggestionColumns>
											<Column hAlign="Center" popinDisplay="Inline" demandPopin="true" minScreenWidth="Tablet">
												<Label text="ID"/>
											</Column>
											<!--<Column hAlign="Begin" popinDisplay="Inline" demandPopin="true">-->
											<!--	<Label text="Full Name"/>-->
											<!--</Column>-->
											<!--<Column hAlign="Center" popinDisplay="Inline" demandPopin="false" minScreenWidth="Tablet">-->
											<!--	<Label text="Email"/>-->
											<!--</Column>-->
											<Column hAlign="End" popinDisplay="Inline" demandPopin="true">
												<Label text="Company Code"/>
											</Column>
										</suggestionColumns>
										<suggestionRows>
											<ColumnListItem >
												<cells >
													<Label text="{oDataModel>Pernr}"/>
													<!--<Label text="{oDataModel>Cname}"/>-->
													<!--<Label text="{oDataModel>Email}"/>-->
													<Label text="{oDataModel>Bukrs}"/>
												</cells>
											</ColumnListItem>
										</suggestionRows>
									</Input>
								</items>
								<layoutData/>
							</HBox>
						</content>
					</CustomListItem>
				</items>
			</List>
		</content>
		<beginButton/>
		<buttons>
			<Button text="{i18n>XBUT_MASS}" id="massChanTime" type="Default" iconFirst="true" width="auto" visible="true" iconDensityAware="false"
				press="onSaveMassChangeTime"/>
			<Button text="{i18n>XBUT_MASS}" id="massChanNonTime" type="Default" iconFirst="true" width="auto" visible="false" iconDensityAware="false"
				press="onSaveMassChangeNonTime"/>
			<Button text="{i18n>XBUT_MASS}" id="massChanTravel" type="Default" iconFirst="true" width="auto" visible="false" iconDensityAware="false"
				press="onSaveMassChangeTravel"/>
			<Button text="{i18n>XBUT_CAN}" type="Default" iconFirst="true" width="auto" enabled="true" visible="true" iconDensityAware="false"
				press="onCancelMass"/>
		</buttons>
		<customHeader/>
		<endButton/>
		<subHeader/>
	</Dialog>
</core:FragmentDefinition>