<core:FragmentDefinition xmlns:core="sap.ui.core" xmlns="sap.m">
	<Dialog contentHeight="auto" contentWidth="400px" horizontalScrolling="true" showHeader="true" state="None" stretch="false"
		title="{i18n>XTEXT_SETTING}" type="Standard" verticalScrolling="true" id="idDialog" draggable="true">
		<content>
			<List mode="SingleSelectMaster" width="100%" headerText="" footerText="" backgroundDesign="Solid" showSeparators="All" growing="true"
				growingThreshold="20" growingScrollToLoad="true" visible="true">
				<infoToolbar/>
				<headerToolbar/>
				<items>
					<CustomListItem type="Active" selected="false" visible="true">
						<content>
							<HBox alignItems="Center" direction="Row" fitContainer="false" width="auto" height="auto" justifyContent="SpaceBetween"
								renderType="Div" visible="true" displayInline="false" class="sapUiSmallMarginBegin">
								<items>
									<Text text="{i18n>XTEXT_LABOR1}" width="auto" maxLines="2" wrapping="false" textAlign="Begin" textDirection="Inherit" visible="true"/>
									<Switch state="true" id="timetracsett" customTextOn="On" customTextOff="Off"/>
								</items>
								<layoutData/>
							</HBox>
						</content>
					</CustomListItem>
					<CustomListItem type="Active" selected="false" visible="true">
						<content>
							<HBox alignItems="Center" direction="Row" fitContainer="false" width="auto" height="auto" justifyContent="SpaceBetween" renderType="Div"
								visible="true" displayInline="false" class="sapUiSmallMarginBegin">
								<items>
									<Text text="{i18n>XTEXT_LABOR2}" width="auto" maxLines="1" wrapping="false" textAlign="Begin" textDirection="Inherit" visible="true"/>
									<Switch id="nonTimesett" state="true" customTextOn="On" customTextOff="Off"/>
								</items>
								<layoutData/>
							</HBox>
						</content>
					</CustomListItem>
					<CustomListItem type="Active" selected="false" visible="true">
						<content>
							<HBox alignItems="Center" direction="Row" fitContainer="false" width="auto" height="auto" justifyContent="SpaceBetween" renderType="Div"
								visible="true" displayInline="false" class="sapUiSmallMarginBegin">
								<items>
									<Text text="{i18n>XTEXT_OTHERS}" width="" maxLines="1" wrapping="false" textAlign="Begin" textDirection="Inherit" visible="true"/>
									<!--<core:Icon src="sap-icon://sys-cancel-2" size="28px" color="red" height="48px" width="48px" visible="true"/>-->
									<Switch id="travelsett" state="true" customTextOn="On" customTextOff="Off"/>
								</items>
								<layoutData/>
							</HBox>
						</content>
					</CustomListItem>
				</items>
			</List>
		</content>
		<beginButton/>
		<buttons>
			<Button text="{i18n>XBUT_OK}" type="Default" iconFirst="true" width="auto" enabled="true" visible="true" iconDensityAware="false" press="_onsettingSavePress"/>
			<Button text="{i18n>XBUT_CAN}" type="Default" iconFirst="true" width="auto" enabled="true" visible="true" iconDensityAware="false" press="onCancel"/>
		</buttons>
		<customHeader/>
		<endButton/>
		<subHeader/>
	</Dialog>
</core:FragmentDefinition>
