<core:FragmentDefinition xmlns:core="sap.ui.core" xmlns="sap.m" xmlns:f="sap.ui.layout.form" xmlns:u="sap.ui.unified" xmlns:l="sap.ui.layout">
	<Dialog contentHeight="auto" contentWidth="950px" horizontalScrolling="true" showHeader="true" state="None" stretch="false"
		title="WBS Item Start Dates" type="Standard" verticalScrolling="true" draggable="true" id="idFWBSStartDateInt">
		<content>
			<VBox fitContainer="true">
				<items>
					<Table width="100%" growing="true" id="idStartDateTableInt" mode="MultiSelect" items="{oStartDateFragmentModelInt>/iwoTabTravel}" selectionChange="onSelectStartDateRowInt">
						<columns>
							<Column width="auto">
								<header>
									<Label text="S.NO" width="auto"/>
								</header>
							</Column>
							<Column width="auto">
								<header>
									<Label text="WBS/Item Number" width="auto"/>
								</header>
							</Column>
							<Column width="auto">
								<header>
									<Label text="Description" width="auto" required="true"/>
								</header>
							</Column>
							<Column width="auto">
								<header>
									<Label text="WBS Start Date" width="auto" required="true"/>
								</header>
							</Column>
							<Column width="auto">
								<header>
									<Label text="WBS End Date" width="auto" required="true"/>
								</header>
							</Column>
						</columns>
						<items>
							<ColumnListItem>
								<cells>
									<!--<Input value="{oStartDateFragmentModelInt>Posnr}" editable="false"></Input>-->
									<Text text="{oStartDateFragmentModelInt>Posnr}"></Text>
									<!--<Input value="{localModel>SqNum}" editable="false"></Input>-->
									<Text text="{oStartDateFragmentModelInt>Zposid}"></Text>
									<!--<Input value="{oStartDateFragmentModelInt>Zposid}" liveChange="onTaskIdChange" change="toUpperCase"-->
										<!--editable="{path:'appView>/FrasDis',formatter:'.formatter.columnDisabled'}"></Input>-->
									<Input value="{oStartDateFragmentModelInt>Tasktext}" liveChange="onTaskDescChange" change="onTaskChange"
										editable="false"></Input>
									<DatePicker value="{path:'oStartDateFragmentModelInt>Vbegdat', type: 'sap.ui.model.type.Date', formatOptions: {strictParsing: true , UTC: true}}"
										valueFormat="yyyy-MM-dd" change="onTaskChange" editable="false"
										class="disablinputPicker" width="140px"/>
										
									<DatePicker value="{path:'oStartDateFragmentModelInt>Venddat', type: 'sap.ui.model.type.Date', formatOptions: {strictParsing: true , UTC: true}}"
										valueFormat="yyyy-MM-dd" change="onTaskChange" editable="false"
							
										class="disablinputPicker" width="140px"/>
											<!--editable="{path:'appView>/FrasDis',formatter:'.formatter.columnDisabled'}"-->
									<!--<ComboBox value="{taskFragmodel>Pspri}" items="{ path: 'oDataModel>/SearchTaskPrioSet'}" change="onTaskChange" class="sapUiTinyMarginTop"-->
									<!--	width="85%" editable="{path:'appView>/FrasDis',formatter:'.formatter.columnDisabled'}">-->
									<!--	<core:Item key="{oDataModel>Field}" text="{oDataModel>Field}"/>-->
									<!--</ComboBox>-->
								</cells>
							</ColumnListItem>
						</items>
					</Table>
				</items>
			</VBox>
		</content>
		<buttons>
			<Button text="Update" type="Default" iconFirst="true" icon="sap-icon://accept" width="auto" enabled="true" visible="true" iconDensityAware="true"
				press="onUpdatePopupStartDateInt"/>
			<Button text="Close" type="Default" iconFirst="true" width="auto" visible="true" iconDensityAware="false"
				press="onCloseStartDatePopupInt"/>
		</buttons>
	</Dialog>
</core:FragmentDefinition>