<core:FragmentDefinition xmlns:core="sap.ui.core" xmlns="sap.m" xmlns:f="sap.ui.layout.form" xmlns:u="sap.ui.unified"
	xmlns:l="sap.ui.layout" xmlns:table="sap.ui.table">
	<Dialog contentHeight="auto" contentWidth="auto" horizontalScrolling="true" showHeader="true" state="None" stretch="false"
		title="Task Information" type="Standard" verticalScrolling="true" draggable="true" id="idTask">
		<subHeader>
			<OverflowToolbar>
				<Title textAlign="Begin" text="Tasks"/>
				<Title text="({taskFragmodel>/oCount})"/>
				<ToolbarSpacer/>
				<ComboBox id="idTaskStatus" class="disablinputPicker" value="All" editable="true" enabled="true"
					visible="{= (${appView>/oAppType} === 'CSIReview' || ${appView>/oAppType} === 'BILLReview') ? true : false}" selectionChange="onTokenUpdate"
					width="120px">
					<items>
						<core:ListItem key="All" text="All"/>
						<core:ListItem key="Existing" text="Existing"/>
						<core:ListItem key="Change" text="Change"/>
						<core:ListItem key="New" text="New"/>
					</items>
				</ComboBox>
				<!--<ComboBox value="{taskFragmodel>Pspri}" items="{ path: 'oDataModel>/SearchTaskPrioSet'}" change="onTaskChange" class="sapUiTinyMarginTop"-->
				<!--						width="20%"-->
				<!--						editable="{parts:[{path:'taskFragmodel>/Systatusline'},{path:'EnableDesableTask>/Pspri'}],formatter:'.formatter.ChanProjEditEnableTaskPryty'}">-->
				<!--						<core:Item key="{oDataModel>Field}" text="{oDataModel>Field}"/>-->
				<!--					</ComboBox>-->
				<Button text="" icon="sap-icon://add" width="auto" visible="true" press="onAddTaskRow"
					enabled="{path:'appView>/FrasBtn',formatter:'.formatter.columnDisabled'}" iconDensityAware="false"/>
				<!--enabled="{path:'appView>/FrasDis',formatter:'.formatter.columnDisabled'}"-->
				<Button id="idTaskDelte" text="" icon="sap-icon://delete" width="auto" enabled="{=${appView>/oAppType}==='CSIReview'|| ${appView>/oAppType}==='View'|| ${appView>/oAppType}==='BILLReview' ? false: true}" visible="true" press="onDeleteTaskRow"
					iconDensityAware="false" />
			</OverflowToolbar>
		</subHeader>
		<content>
			<VBox fitContainer="true" id="idVbox1">
				<items>
					<table:Table id="idTaskTable" rows="{taskFragmodel>/task}" rowSelectionChange="onTaskSelect" enableColumnReordering="false"
						selectionMode="{= ${appView>/oAppType} === 'View' || ${appView>/oAppType} === 'BILLRej' ? 'None' : 'MultiToggle'}" firstVisibleRow="0" rowActionCount="2" visible="true"
						class="sapUiSmallMargin">
						<table:columns >
							<table:Column width="100px" visible="false">
								<table:label>
									<!--<Label text="{i18n>XTEXT_LINEITEM}" design="Bold" wrapping="true" textAlign="Begin" textDirection="Inherit" visible="true"/>-->
									<Label text="Item" width="auto" required="true"/>
								</table:label>
								<table:template>
									<Input value="{taskFragmodel>Posnr}" editable="false"/>
								</table:template>
							</table:Column>
							<table:Column width="120px">
								<table:label>
									<!--<Label text="{i18n>XTEXT_NEWWBS}" design="Bold" wrapping="true" textAlign="Begin" textDirection="Inherit" visible="true"/>-->
									<Label text="Task #" width="auto"/>
								</table:label>
								<table:template>
									<Input value="{taskFragmodel>SqNum}" editable="false"></Input>
								</table:template>
							</table:Column>
							<table:Column width="150px">
								<table:label>
									<!--<Label text="{i18n>XTEXT_WBSDESC}" design="Bold" tooltip="Select the applicable Type of Cost" required="true" wrapping="true"-->
									<!--	textAlign="Begin" textDirection="Inherit" visible="true"/>-->
									<Label text="Task ID" width="auto" required="true"/>
								</table:label>
								<table:template>
									<Input value="{taskFragmodel>Task}" liveChange="onTaskIdChange" maxLength="12" change="toUpperCase"
										editable="{= (${appView>/oAppType} !== 'View' &amp;&amp; ${appView>/oAppType} !== 'CSIReview' &amp;&amp; ${appView>/oAppType} !== 'CSIRej' &amp;&amp; ${appView>/oAppType} !== 'BILLReview' &amp;&amp; ${appView>/oAppType} !== 'BILLRej' &amp;&amp; (${taskFragmodel>Zentry_tsk} === '' || ${taskFragmodel>Zentry_tsk} === 'N')) ? true : ${path:'appView>/FrasDis',formatter:'.formatter.columnDisabled'}}"></Input>
									<!--<Input id="idWBSDesc" value="{localModel>Arktx}" valueState="{localModel>revWbsDescValueState}"-->
									<!--	editable="{=${appView>/oAppType}==='CSIReview' || ${appView>/oAppType}==='BILLReview' ? false :${parts:[{path:'localModel>Systatusline'},{path:'EnableDesable>/Arktx'}],formatter:'.formatter.ChanProjEditEnableArtx'}}"-->
									<!--	maxLength="40" change="onInputChangeDeS" liveChange="onSpecialChar"/>-->
								</table:template>
							</table:Column>
							<table:Column width="150px">
								<table:label>
									<!--<Label text="{i18n>XTEXT_OPPID}" design="Bold" required="true" wrapping="true" textAlign="Begin" textDirection="Inherit" visible="true"/>-->
									<Label text="Task Description" width="auto" required="true"/>
								</table:label>
								<table:template>
									<Input value="{taskFragmodel>Tasktext}" liveChange="onTaskDescChange" change="onTaskChange"
										editable="{parts:[{path:'taskFragmodel>/Systatusline'},{path:'EnableDesableTask>/Tasktext'}],formatter:'.formatter.ChanProjEditEnableTakDesc'}"></Input>
								</table:template>
							</table:Column>
							<table:Column width="160px">
								<table:label>
									<!--<Label id="idRevMat" text="Material No" design="Bold" tooltip="Enter the Receiving side WBS/Project/Cost Center" required="true"-->
									<!--	wrapping="true" textAlign="Begin" textDirection="Inherit" visible="true"/>-->
									<Label text="Start Date" width="auto" required="true"/>
								</table:label>
								<table:template>
									<!--Removed liveChange="onofferingMiss"-->
									<DatePicker value="{path:'taskFragmodel>Begda', type: 'sap.ui.model.type.Date', formatOptions: {strictParsing: true , UTC: true}}"
										valueFormat="yyyy-MM-dd" minDate="{path:'taskFragmodel>/Vbegdat', formatter:'.formatter.DateFormatTask'}"
										maxDate="{path:'taskFragmodel>Endda', formatter:'.formatter.DateFormatTask'}"
										editable="{parts:[{path:'taskFragmodel>/Systatusline'},{path:'EnableDesableTask>/Begda'}],formatter:'.formatter.ChanProjEditEnableTaskSD'}" width="140px"/>
										<!--class="disablinputPicker" -->
								</table:template>
							</table:Column>
							<table:Column width="180px">
								<table:label>
									<!--<Label text="{i18n>XTEXT_MATDESC}" design="Bold" wrapping="true" textAlign="Begin" textDirection="Inherit" visible="true"/>-->
									<Label text="End Date" width="auto" required="true"/>
								</table:label>
								<table:template>
									<DatePicker value="{path:'taskFragmodel>Endda', type: 'sap.ui.model.type.Date', formatOptions: {strictParsing: true , UTC: true}}"
										valueFormat="yyyy-MM-dd" maxDate="{path:'taskFragmodel>/Venddat', formatter:'.formatter.DateFormatTask'}"
										minDate="{path:'taskFragmodel>Begda', formatter:'.formatter.DateFormatTask'}"
										editable="{parts:[{path:'taskFragmodel>/Systatusline'},{path:'EnableDesableTask>/Endda'}],formatter:'.formatter.ChanProjEditEnableTaskED'}"
									width="140px"/>
										<!--class="disablinputPicker" -->
								</table:template>
							</table:Column>
							<table:Column width="150px">
								<table:label>
									<!--<Label text="Major Offering" design="Bold" wrapping="true" textAlign="Begin" textDirection="Inherit" visible="true"/>-->
									<Label text="Priority" width="auto"/>
								</table:label>
								<table:template>
									<ComboBox value="{taskFragmodel>Pspri}" items="{ path: 'oDataModel>/SearchTaskPrioSet'}" class="sapUiTinyMarginTop" width="85%"
										editable="{parts:[{path:'taskFragmodel>/Systatusline'},{path:'EnableDesableTask>/Pspri'}],formatter:'.formatter.ChanProjEditEnableTaskPryty'}">
										<core:Item key="{oDataModel>Field}" text="{oDataModel>Field}"/>
									</ComboBox>
								</table:template>
							</table:Column>
						</table:columns>
					</table:Table>
				</items>
			</VBox>
		</content>
		<buttons>
			<Button text="" type="Default" iconFirst="true" icon="sap-icon://accept" width="auto" enabled="true" visible="true" iconDensityAware="true"
				press="onTaskLaborCancel"/>
			<!--<Button text="Save" id="idTaskSave" type="Default" iconFirst="true" width="auto" enabled="false" visible="true" iconDensityAware="false"-->
			<!--	press="onTaskSave"/>-->
		</buttons>
	</Dialog>
</core:FragmentDefinition>