{

	"wbsType": [],
	"RequireData": {
		"Fkstl": "",
		"Pgsbr": "",
		"Prctr": ""
	},
	"HeaderData": {
		"TabIconNo": 1,
		"addiFildRowCont": ""
	},

	"additionData": {},
	"additionData1": {
		"Zzriskind": "",
		"idFinAnyst": "",
		"Zcats": "",
		"ZzPlanWaers": "",
		"ZzUsr01": "",
		"ZzUsr02": "",
		"ZzUsr03": "",
		"ZzTaskOrder": "",
		"ZzGovCtrtype": "",
		"Usr01": "",
		"StartDate": "",
		"StartDate1": "",
		"ZzTaskOrderCat": "",
		"Vernr": "",
		"ZzCapPt": "",
		"ZzStrategy": "",
		"Pspri": "",
		"ZzCapRat": "",
		"ZzMarkup": "",
		"ZzPtContact": "",
		"ZzAtcode": "",
		"Zveco": ""
	},
	"wbsElementStr": [],
	"draftData": {
		"d": {
			"ReqNo": "",
			"Zbukrs": "",
			"Zpspid": "",
			"Zvbeln": "",
			"Soldto": "",
			"Payer": "",
			"ShipTo": "",
			"BillTo": "",
			"Ktext": "",
			"Zzoycunm": "",
			"Vernr": "",
			"Kostl": "",
			"Vgsbr": "",
			"Prctr": "",
			"PrjTyp": "",
			"PrjStp": "",
			"Zpjcgid": "",
			"Zpgid": "",
			"Zkunnr": "",
			"Zzsoarincd": "",
			"ZriskInd": "",
			"ZzCasId": "",
			"Waers": "",
			"Bstnk": "",
			"Bstdk": null,
			"Zterm": "",
			"Zzcntrcd": "",
			"ZPtReason": "",
			"Vtweg": "",
			"Spart": "",
			"Kvgr1": "",
			"Perfk": "",
			"Guebg": "",
			"Gueen": "",
			"Agm": "",
			"Wbsowner1": "",
			"Wbsowner2": "",
			"DraftIa": "",
			"FinApp": "",
			"PrjAd": "",
			"PrjAc": "",
			"Bds": "",
			"InvRec": "",
			"ZzContracttype": "",
			"Zzldpcid": "",
			"Zzpjsgst": "",
			"Zzrvrgmdcd": "",
			"Zzsiebelid": "",
			"Zzpgid": "",
			"ZzGlblProj": "",
			"ZzEvExtract": "",
			"Action": "",
			"Wbs_type": "",
			"toItem": {
				"results": []
			},
			"toStatus": {
				"results": [{
					"ReqNum": "",
					"StCount": "",
					"ActType": "SUBMITTER",
					"ActId": "",
					"TimeStp": "0",
					"ActCom": "",
					"Status": ""
				}]
			},
			"toDetails": {
				"results": [{}]
			},
			"toError": {
				"results": [{}]
			},
			"toAttach": {
				"results": [{}]
			}
		}
	},
	"toAttach": [],
	"toAttach1": {
		"Reqid": "",
		"Projty": "",
		"Filename": "",
		"Mimetype": "",
		"Data": "",
		"Ernam": "",
		"DocSubType": ""
	},
	"toDetails": {
		"ReqNum": "",
		"Zbukrs": "",
		"Zpspid": "",
		"Zvbeln": "",
		"ProjTyp": "",
		"ReasReq": "",
		"ReqDet": "",
		"Req_com": "",
		"Priority": "",
		"ReqFun": "",
		"TypeReq": "",
		"FinApp": "",
		"Email": [],
		"Zflag":""
	},
	"toError": [],
	"toOpprData": [],
	"toSummary":[]
}