[{
	"SAP__Origin": "Q7D_004_TGW",
	"InstanceID": "000001750567",
	"Description": "Please check if the price exceeds the maximum limit",
	"DescriptionAsHtml": "Add Credit Limit for Harry : 1298 euros",
	"__metadata": {
		"uri": "TaskDescriptionCollection(SAP__Origin='Q7D_004_TGW',InstanceID='000001750567')",
		"type": "TASKPROCESSING.TaskDescription"
	}
}, {
	"SAP__Origin": "Q7D_004_TGW  ",
	"InstanceID": "000001750567",
	"Description": "Description 2",
	"DescriptionAsHtml": "Capital Expenditure for IT",
	"__metadata": {
		"uri": "TaskDescriptionCollection(SAP__Origin='SAP__Origin 2',InstanceID='InstanceID 2')",
		"type": "TASKPROCESSING.TaskDescription"
	}
}, {
	"SAP__Origin": "Q7D_004_TGW",
	"InstanceID": "0000017505675",
	"Description": "Description 3",
	"DescriptionAsHtml": "DescriptionAsHtml 3",
	"__metadata": {
		"uri": "TaskDescriptionCollection(SAP__Origin='Q7D_004_TGW',InstanceID='0000017505675')",
		"type": "TASKPROCESSING.TaskDescription"
	}
}, {
	"SAP__Origin": "Q7D_004_TGW",
	"InstanceID": "000001750569",
	"Description": "Description 4",
	"DescriptionAsHtml": "DescriptionAsHtml 4",
	"__metadata": {
		"uri": "TaskDescriptionCollection(SAP__Origin='Q7D_004_TGW',InstanceID='000001750569')",
		"type": "TASKPROCESSING.TaskDescription"
	}
}, {
	"SAP__Origin": "SAP__Origin 5",
	"InstanceID": "InstanceID 5",
	"Description": "Description 5",
	"DescriptionAsHtml": "DescriptionAsHtml 5",
	"__metadata": {
		"uri": "TaskDescriptionCollection(SAP__Origin='SAP__Origin 5',InstanceID='InstanceID 5')",
		"type": "TASKPROCESSING.TaskDescription"
	}
}, {
	"SAP__Origin": "SAP__Origin 6",
	"InstanceID": "InstanceID 6",
	"Description": "Description 6",
	"DescriptionAsHtml": "DescriptionAsHtml 6",
	"__metadata": {
		"uri": "TaskDescriptionCollection(SAP__Origin='SAP__Origin 6',InstanceID='InstanceID 6')",
		"type": "TASKPROCESSING.TaskDescription"
	}
}, {
	"SAP__Origin": "SAP__Origin 7",
	"InstanceID": "InstanceID 7",
	"Description": "Description 7",
	"DescriptionAsHtml": "DescriptionAsHtml 7",
	"__metadata": {
		"uri": "TaskDescriptionCollection(SAP__Origin='SAP__Origin 7',InstanceID='InstanceID 7')",
		"type": "TASKPROCESSING.TaskDescription"
	}
}, {
	"SAP__Origin": "SAP__Origin 8",
	"InstanceID": "InstanceID 8",
	"Description": "Description 8",
	"DescriptionAsHtml": "DescriptionAsHtml 8",
	"__metadata": {
		"uri": "TaskDescriptionCollection(SAP__Origin='SAP__Origin 8',InstanceID='InstanceID 8')",
		"type": "TASKPROCESSING.TaskDescription"
	}
}, {
	"SAP__Origin": "SAP__Origin 9",
	"InstanceID": "InstanceID 9",
	"Description": "Description 9",
	"DescriptionAsHtml": "DescriptionAsHtml 9",
	"__metadata": {
		"uri": "TaskDescriptionCollection(SAP__Origin='SAP__Origin 9',InstanceID='InstanceID 9')",
		"type": "TASKPROCESSING.TaskDescription"
	}
}, {
	"SAP__Origin": "SAP__Origin 10",
	"InstanceID": "InstanceID 10",
	"Description": "Description 10",
	"DescriptionAsHtml": "DescriptionAsHtml 10",
	"__metadata": {
		"uri": "TaskDescriptionCollection(SAP__Origin='SAP__Origin 10',InstanceID='InstanceID 10')",
		"type": "TASKPROCESSING.TaskDescription"
	}
}, {
	"SAP__Origin": "NA",
	"InstanceID": "fac61379-5eb7-11e6-ae18-00163e1de7c1",
	"Description": "Grant necessary permissions for Melissa",
	"DescriptionAsHtml": "Grant necessary permissions for Melissa in HTML",
	"__metadata": {
		"uri": "TaskDescriptionCollection(SAP__Origin='NA',InstanceID='fac61379-5eb7-11e6-ae18-00163e1de7c1')",
		"type": "TASKPROCESSING.TaskDescription"
	}
}, {
	"SAP__Origin": "NA",
	"InstanceID": "eaea535a-5eb7-11e6-ae18-00163e1de7c1",
	"Description": "Grant necessary permissions for Kenny",
	"DescriptionAsHtml": "Grant necessary permissions for Kenny in HTML",
	"__metadata": {
		"uri": "TaskDescriptionCollection(SAP__Origin='NA',InstanceID='eaea535a-5eb7-11e6-ae18-00163e1de7c1')",
		"type": "TASKPROCESSING.TaskDescription"
	}
}]