[{
	"InstanceID": "000001532229",
	"SAP__Origin": "QE4910_TGW",
	"OrderID": 12340,
	"ActionName": "RESERVED",
	"PerformedBy": "DAWSON",
	"PerformedByName": "Jamie Dawson",
	"Timestamp": "/Date(1439199996000)/",
	"Comments": "Task was reserved by Jamie"
}, {
	"InstanceID": "000001532229",
	"SAP__Origin": "QE4910_TGW",
	"OrderID": 12341,
	"ActionName": "EXECUTED",
	"PerformedBy": "KATE",
	"PerformedByName": "Kate Parker",
	"Timestamp": "/Date(1439199997000)/",
	"Comments": "Task was checked by Kate"
}, {
	"InstanceID": "000001532229",
	"SAP__Origin": "QE4910_TGW",
	"OrderID": 12342,
	"ActionName": "ATTACHMENT_ADDED",
	"PerformedBy": "MARRY",
	"PerformedByName": "Marry Hills",
	"Timestamp": "/Date(1439199996800)/",
	"Comments": "Attachment added"
}]