[{
	"InstanceID": "000001504107",
	"SAP__Origin": "QE4910_TGW",
	"EventOrder": 3,
	"ReferenceInstanceID": "000001504113",
	"Timestamp": "/Date(1439197996000)/",
	"PerformedBy": "Sham Prasad",
	"PerformedByName": "SHAM",
	"Status": "READY",
	"SupportsNavigation": true,
	"Result": "Credit limit adjusted",
	"ResultType": "POSITIVE",
	"CreationTimestamp": "/Date(1438887996000)/",
	"EndTimestamp": "/Date(1439087996000)/",
	"__metadata": {
		"uri": "WorkflowLogCollection(SAP__Origin='QE4910_TGW',InstanceID='000001504107',EventOrder=3)",
		"type": "TASKPROCESSING.WorkflowLog"
	},
	"Description": "Added the Credit"
}, {
	"InstanceID": "000001504107",
	"SAP__Origin": "QE4910_TGW",
	"EventOrder": 4,
	"ReferenceInstanceID": "000001504113",
	"Timestamp": "/Date(1439197996000)/",
	"PerformedBy": "Venessa C",
	"PerformedByName": "VEN",
	"Status": "RESERVED",
	"SupportsNavigation": true,
	"Result": "Task was not approved",
	"ResultType": "NEGATIVE",
	"CreationTimestamp": "/Date(1438887996000)/",
	"EndTimestamp": "/Date(1439087996000)/",
	"__metadata": {
		"uri": "WorkflowLogCollection(SAP__Origin='QE4910_TGW',InstanceID='000001504107',EventOrder=4)",
		"type": "TASKPROCESSING.WorkflowLog"
	},
	"Description": "Documents added"
}]