<edmx:Edmx xmlns:edmx="http://schemas.microsoft.com/ado/2007/06/edmx"
	xmlns:m="http://schemas.microsoft.com/ado/2007/08/dataservices/metadata" xmlns:sap="http://www.sap.com/Protocols/SAPData" Version="1.0">
	<edmx:DataServices m:DataServiceVersion="2.0">
		<Schema xmlns="http://schemas.microsoft.com/ado/2008/09/edm" Namespace="ZODATA_WBS_MANAGE_SRV" xml:lang="en" sap:schema-version="1">
			<EntityType Name="WBSManageHeaderCompass" sap:content-version="1">
				<Key><PropertyRef Name="ReqNo"/><PropertyRef Name="Zbukrs"/></Key><Property Name="ReqNo" Type="Edm.String" Nullable="false" MaxLength="10" sap:unicode="false" sap:label="Request Number"
					sap:creatable="false" sap:updatable="false" sap:sortable="false" sap:filterable="false"/><Property Name="Zbukrs" Type="Edm.String" Nullable="false" MaxLength="4" sap:unicode="false" sap:label="Company Code" sap:creatable="false"
					sap:updatable="false" sap:sortable="false" sap:filterable="false"/><Property Name="Zpspid" Type="Edm.String" Nullable="false" MaxLength="24" sap:unicode="false" sap:label="Project Definition"
					sap:creatable="false" sap:updatable="false" sap:sortable="false" sap:filterable="false"/><Property Name="Zvbeln" Type="Edm.String" Nullable="false" MaxLength="10" sap:unicode="false" sap:label="Contract No" sap:creatable="false"
					sap:updatable="false" sap:sortable="false" sap:filterable="false"/><Property Name="Soldto" Type="Edm.String" Nullable="false" MaxLength="10" sap:unicode="false" sap:label="Sold to customer id"
					sap:creatable="false" sap:updatable="false" sap:sortable="false" sap:filterable="false"/><Property Name="Payer" Type="Edm.String" Nullable="false" MaxLength="10" sap:unicode="false" sap:label="Payer" sap:creatable="false"
					sap:updatable="false" sap:sortable="false" sap:filterable="false"/><Property Name="ShipTo" Type="Edm.String" Nullable="false" MaxLength="10" sap:unicode="false" sap:label="Ship to" sap:creatable="false"
					sap:updatable="false" sap:sortable="false" sap:filterable="false"/><Property Name="BillTo" Type="Edm.String" Nullable="false" MaxLength="10" sap:unicode="false" sap:label="Bill to" sap:creatable="false"
					sap:updatable="false" sap:sortable="false" sap:filterable="false"/><Property Name="Ktext" Type="Edm.String" Nullable="false" MaxLength="40" sap:unicode="false" sap:label="Project Desc​" sap:creatable="false"
					sap:updatable="false" sap:sortable="false" sap:filterable="false"/><Property Name="Zzoycunm" Type="Edm.String" Nullable="false" MaxLength="40" sap:unicode="false" sap:label="Customer Name"
					sap:creatable="false" sap:updatable="false" sap:sortable="false" sap:filterable="false"/><Property Name="Vernr" Type="Edm.String" Nullable="false" MaxLength="10" sap:unicode="false" sap:label="Person Responsible"
					sap:creatable="false" sap:updatable="false" sap:sortable="false" sap:filterable="false"/><Property Name="Kostl" Type="Edm.String" Nullable="false" MaxLength="10" sap:unicode="false" sap:label="Project Resp. CC"
					sap:creatable="false" sap:updatable="false" sap:sortable="false" sap:filterable="false"/><Property Name="Vgsbr" Type="Edm.String" Nullable="false" MaxLength="4" sap:unicode="false" sap:label="Business Area" sap:creatable="false"
					sap:updatable="false" sap:sortable="false" sap:filterable="false"/><Property Name="Prctr" Type="Edm.String" Nullable="false" MaxLength="10" sap:unicode="false" sap:label="Profit Center" sap:creatable="false"
					sap:updatable="false" sap:sortable="false" sap:filterable="false"/><Property Name="Zpjcgid" Type="Edm.String" Nullable="false" MaxLength="10" sap:unicode="false" sap:label="Project Category"
					sap:creatable="false" sap:updatable="false" sap:sortable="false" sap:filterable="false"/><Property Name="Zpgid" Type="Edm.String" Nullable="false" MaxLength="24" sap:unicode="false" sap:label="Program/Contract Id"
					sap:creatable="false" sap:updatable="false" sap:sortable="false" sap:filterable="false"/><Property Name="Zkunnr" Type="Edm.String" Nullable="false" MaxLength="10" sap:unicode="false" sap:label="Client ID" sap:creatable="false"
					sap:updatable="false" sap:sortable="false" sap:filterable="false"/><Property Name="Zzsoarincd" Type="Edm.String" Nullable="false" MaxLength="5" sap:unicode="false" sap:label="Industry Code"
					sap:creatable="false" sap:updatable="false" sap:sortable="false" sap:filterable="false"/><Property Name="ZriskInd" Type="Edm.String" Nullable="false" MaxLength="1" sap:unicode="false" sap:label="At Risk" sap:creatable="false"
					sap:updatable="false" sap:sortable="false" sap:filterable="false"/><Property Name="ZzCasId" Type="Edm.String" Nullable="false" MaxLength="20" sap:unicode="false" sap:label="Signature ID​"
					sap:creatable="false" sap:updatable="false" sap:sortable="false" sap:filterable="false"/><Property Name="Waers" Type="Edm.String" Nullable="false" MaxLength="5" sap:unicode="false" sap:label="Project Currency​"
					sap:creatable="false" sap:updatable="false" sap:sortable="false" sap:filterable="false" sap:semantics="currency-code"/><Property Name="Bstnk" Type="Edm.String" Nullable="false" MaxLength="20" sap:unicode="false" sap:label="PO Number​" sap:creatable="false"
					sap:updatable="false" sap:sortable="false" sap:filterable="false"/><Property Name="Bstdk" Type="Edm.DateTime" Precision="7" sap:unicode="false" sap:label="PO Date" sap:creatable="false" sap:updatable="false"
					sap:sortable="false" sap:filterable="false"/><Property Name="Zterm" Type="Edm.String" Nullable="false" MaxLength="4" sap:unicode="false" sap:label="Payment Terms" sap:creatable="false"
					sap:updatable="false" sap:sortable="false" sap:filterable="false"/><Property Name="Zzcntrcd" Type="Edm.String" Nullable="false" MaxLength="2" sap:unicode="false" sap:label="Contract Term"
					sap:creatable="false" sap:updatable="false" sap:sortable="false" sap:filterable="false"/><Property Name="ZPtReason" Type="Edm.String" Nullable="false" MaxLength="80" sap:unicode="false" sap:label="Reason" sap:creatable="false"
					sap:updatable="false" sap:sortable="false" sap:filterable="false"/><Property Name="Vtweg" Type="Edm.String" Nullable="false" MaxLength="2" sap:unicode="false" sap:label="Distr. Channel" sap:creatable="false"
					sap:updatable="false" sap:sortable="false" sap:filterable="false"/><Property Name="Spart" Type="Edm.String" Nullable="false" MaxLength="2" sap:unicode="false" sap:label="Division" sap:creatable="false"
					sap:updatable="false" sap:sortable="false" sap:filterable="false"/><Property Name="Kvgr1" Type="Edm.String" Nullable="false" MaxLength="3" sap:unicode="false" sap:label="Invoice Layout​"
					sap:creatable="false" sap:updatable="false" sap:sortable="false" sap:filterable="false"/><Property Name="Perfk" Type="Edm.String" Nullable="false" MaxLength="2" sap:unicode="false" sap:label="Billing Calendar​"
					sap:creatable="false" sap:updatable="false" sap:sortable="false" sap:filterable="false"/><Property Name="Guebg" Type="Edm.DateTime" Nullable="false" Precision="7" sap:unicode="false" sap:label="Start Date" sap:creatable="false"
					sap:updatable="false" sap:sortable="false" sap:filterable="false"/><Property Name="Gueen" Type="Edm.DateTime" Nullable="false" Precision="7" sap:unicode="false" sap:label="End Date" sap:creatable="false"
					sap:updatable="false" sap:sortable="false" sap:filterable="false"/><Property Name="Agm" Type="Edm.String" Nullable="false" MaxLength="10" sap:unicode="false" sap:label="Acc.General Mgnr"
					sap:creatable="false" sap:updatable="false" sap:sortable="false" sap:filterable="false"/><Property Name="Wbsowner1" Type="Edm.String" Nullable="false" MaxLength="10" sap:unicode="false" sap:label="WBS Owner 1​"
					sap:creatable="false" sap:updatable="false" sap:sortable="false" sap:filterable="false"/><Property Name="Wbsowner2" Type="Edm.String" Nullable="false" MaxLength="10" sap:unicode="false" sap:label="WBS Owner2"
					sap:creatable="false" sap:updatable="false" sap:sortable="false" sap:filterable="false"/><Property Name="DraftIa" Type="Edm.String" Nullable="false" MaxLength="10" sap:unicode="false" sap:label="Draft Invoice Approv"
					sap:creatable="false" sap:updatable="false" sap:sortable="false" sap:filterable="false"/><Property Name="FinApp" Type="Edm.String" Nullable="false" MaxLength="10" sap:unicode="false" sap:label="Finance Approver​"
					sap:creatable="false" sap:updatable="false" sap:sortable="false" sap:filterable="false"/><Property Name="PrjAc" Type="Edm.String" Nullable="false" MaxLength="10" sap:unicode="false" sap:label="Project Accountant​"
					sap:creatable="false" sap:updatable="false" sap:sortable="false" sap:filterable="false"/><Property Name="Bds" Type="Edm.String" Nullable="false" MaxLength="10" sap:unicode="false" sap:label="Billing Data Steward"
					sap:creatable="false" sap:updatable="false" sap:sortable="false" sap:filterable="false"/><Property Name="InvRec" Type="Edm.String" Nullable="false" MaxLength="10" sap:unicode="false" sap:label="Invoice Receiver​"
					sap:creatable="false" sap:updatable="false" sap:sortable="false" sap:filterable="false"/><Property Name="ZzContracttype" Type="Edm.String" Nullable="false" MaxLength="3" sap:unicode="false" sap:label="Contract Type"
					sap:creatable="false" sap:updatable="false" sap:sortable="false" sap:filterable="false"/><Property Name="Zzldpcid" Type="Edm.String" Nullable="false" MaxLength="6" sap:unicode="false" sap:label="Lead Practice"
					sap:creatable="false" sap:updatable="false" sap:sortable="false" sap:filterable="false"/><Property Name="Zzpjsgst" Type="Edm.String" Nullable="false" MaxLength="6" sap:unicode="false" sap:label="Proj Stg St" sap:creatable="false"
					sap:updatable="false" sap:sortable="false" sap:filterable="false"/><Property Name="Zzrvrgmdcd" Type="Edm.String" Nullable="false" MaxLength="2" sap:unicode="false" sap:label="Rev Rc Md Cd"
					sap:creatable="false" sap:updatable="false" sap:sortable="false" sap:filterable="false"/><Property Name="Zzsiebelid" Type="Edm.String" Nullable="false" MaxLength="30" sap:unicode="false" sap:label="Opportunity ID"
					sap:creatable="false" sap:updatable="false" sap:sortable="false" sap:filterable="false"/><Property Name="Zzpgid" Type="Edm.String" Nullable="false" MaxLength="24" sap:unicode="false" sap:label="Program/Contract Id"
					sap:creatable="false" sap:updatable="false" sap:sortable="false" sap:filterable="false"/><Property Name="ZzGlblProj" Type="Edm.String" Nullable="false" MaxLength="1" sap:unicode="false" sap:label="Global Project"
					sap:creatable="false" sap:updatable="false" sap:sortable="false" sap:filterable="false"/><Property Name="ZzEvExtract" Type="Edm.String" Nullable="false" MaxLength="1" sap:unicode="false" sap:label="EV Extract"
					sap:creatable="false" sap:updatable="false" sap:sortable="false" sap:filterable="false"/><Property Name="Kschl" Type="Edm.String" Nullable="false" MaxLength="4" sap:unicode="false" sap:label="Condition type" sap:creatable="false"
					sap:updatable="false" sap:sortable="false" sap:filterable="false"/><Property Name="Matnr" Type="Edm.String" Nullable="false" MaxLength="18" sap:unicode="false" sap:label="Labor Type" sap:creatable="false"
					sap:updatable="false" sap:sortable="false" sap:filterable="false"/><Property Name="Datab" Type="Edm.DateTime" Precision="7" sap:unicode="false" sap:label="Labor Type Start Dat" sap:creatable="false"
					sap:updatable="false" sap:sortable="false" sap:filterable="false"/><Property Name="Datbi" Type="Edm.DateTime" Precision="7" sap:unicode="false" sap:label="Labor Type End Date" sap:creatable="false"
					sap:updatable="false" sap:sortable="false" sap:filterable="false"/><NavigationProperty Name="WBSManageItemCompassSet" Relationship="ZODATA_WBS_MANAGE_SRV.CompassHeaderToItem"
					FromRole="FromRole_CompassHeaderToItem" ToRole="ToRole_CompassHeaderToItem"/></EntityType>
			<EntityType Name="WBSManageItemCompass" sap:content-version="1">
				<Key><PropertyRef Name="ReqNo"/><PropertyRef Name="Zpspid"/><PropertyRef Name="Zvbeln"/><PropertyRef Name="Zposid"/><PropertyRef Name="Posnr"/><PropertyRef Name="Bukrs"/></Key><Property Name="ReqNo" Type="Edm.String" Nullable="false" MaxLength="10" sap:unicode="false" sap:label="Request Number"
					sap:creatable="false" sap:updatable="false" sap:sortable="false" sap:filterable="false"/><Property Name="Zpspid" Type="Edm.String" Nullable="false" MaxLength="24" sap:unicode="false" sap:label="Project Definition"
					sap:creatable="false" sap:updatable="false" sap:sortable="false" sap:filterable="false"/><Property Name="Zvbeln" Type="Edm.String" Nullable="false" MaxLength="10" sap:unicode="false" sap:label="Contract No" sap:creatable="false"
					sap:updatable="false" sap:sortable="false" sap:filterable="false"/><Property Name="Zposid" Type="Edm.String" Nullable="false" MaxLength="24" sap:unicode="false" sap:label="WBS number" sap:creatable="false"
					sap:updatable="false" sap:sortable="false" sap:filterable="false"/><Property Name="Posnr" Type="Edm.String" Nullable="false" MaxLength="6" sap:unicode="false" sap:label="SD CntrctLine Item"
					sap:creatable="false" sap:updatable="false" sap:sortable="false" sap:filterable="false"/><Property Name="Bukrs" Type="Edm.String" Nullable="false" MaxLength="4" sap:unicode="false" sap:label="Company Code" sap:creatable="false"
					sap:updatable="false" sap:sortable="false" sap:filterable="false"/><Property Name="Arktx" Type="Edm.String" Nullable="false" MaxLength="40" sap:unicode="false" sap:label="Line Item/WBS Descri"
					sap:creatable="false" sap:updatable="false" sap:sortable="false" sap:filterable="false"/><Property Name="Stufe" Type="Edm.Byte" Nullable="false" sap:unicode="false" sap:label="Level" sap:creatable="false" sap:updatable="false"
					sap:sortable="false" sap:filterable="false"/><Property Name="PsPhiup" Type="Edm.String" Nullable="false" MaxLength="24" sap:unicode="false" sap:label="WBS Up" sap:creatable="false"
					sap:updatable="false" sap:sortable="false" sap:filterable="false"/><Property Name="PsPhile" Type="Edm.String" Nullable="false" MaxLength="24" sap:unicode="false" sap:label="WBS_LEFT" sap:creatable="false"
					sap:updatable="false" sap:sortable="false" sap:filterable="false"/><Property Name="Plakz" Type="Edm.String" Nullable="false" MaxLength="1" sap:unicode="false" sap:label="Plan Indicator" sap:creatable="false"
					sap:updatable="false" sap:sortable="false" sap:filterable="false"/><Property Name="Belkz" Type="Edm.String" Nullable="false" MaxLength="1" sap:unicode="false" sap:label="Acct Indicator" sap:creatable="false"
					sap:updatable="false" sap:sortable="false" sap:filterable="false"/><Property Name="Fakkz" Type="Edm.String" Nullable="false" MaxLength="1" sap:unicode="false" sap:label="Bill Indicator" sap:creatable="false"
					sap:updatable="false" sap:sortable="false" sap:filterable="false"/><Property Name="Fkstl" Type="Edm.String" Nullable="false" MaxLength="10" sap:unicode="false" sap:label="Responsible CC"
					sap:creatable="false" sap:updatable="false" sap:sortable="false" sap:filterable="false"/><Property Name="Pgsbr" Type="Edm.String" Nullable="false" MaxLength="4" sap:unicode="false" sap:label="Business Area" sap:creatable="false"
					sap:updatable="false" sap:sortable="false" sap:filterable="false"/><Property Name="Prctr" Type="Edm.String" Nullable="false" MaxLength="10" sap:unicode="false" sap:label="Profit Center" sap:creatable="false"
					sap:updatable="false" sap:sortable="false" sap:filterable="false"/><Property Name="Prart" Type="Edm.String" Nullable="false" MaxLength="2" sap:unicode="false" sap:label="WBS Type" sap:creatable="false"
					sap:updatable="false" sap:sortable="false" sap:filterable="false"/><Property Name="Zzriskind" Type="Edm.String" Nullable="false" MaxLength="1" sap:unicode="false" sap:label="Risk Indicator"
					sap:creatable="false" sap:updatable="false" sap:sortable="false" sap:filterable="false"/><Property Name="ZsfdcOppid" Type="Edm.String" Nullable="false" MaxLength="30" sap:unicode="false" sap:label="Opportunity ID"
					sap:creatable="false" sap:updatable="false" sap:sortable="false" sap:filterable="false"/><Property Name="Bstnk" Type="Edm.String" Nullable="false" MaxLength="20" sap:unicode="false" sap:label="PO Number​" sap:creatable="false"
					sap:updatable="false" sap:sortable="false" sap:filterable="false"/><Property Name="Bstdk" Type="Edm.DateTime" Precision="7" sap:unicode="false" sap:label="PO Date" sap:creatable="false" sap:updatable="false"
					sap:sortable="false" sap:filterable="false"/><Property Name="Zterm" Type="Edm.String" Nullable="false" MaxLength="4" sap:unicode="false" sap:label="Line Item Payment Te"
					sap:creatable="false" sap:updatable="false" sap:sortable="false" sap:filterable="false"/><Property Name="Matnr" Type="Edm.String" Nullable="false" MaxLength="18" sap:unicode="false" sap:label="PO Mat Num" sap:creatable="false"
					sap:updatable="false" sap:sortable="false" sap:filterable="false"/><Property Name="Prodh" Type="Edm.String" Nullable="false" MaxLength="18" sap:unicode="false" sap:label="Product Hierarchy"
					sap:creatable="false" sap:updatable="false" sap:sortable="false" sap:filterable="false"/><Property Name="Maktx" Type="Edm.String" Nullable="false" MaxLength="40" sap:unicode="false" sap:label="Description" sap:creatable="false"
					sap:updatable="false" sap:sortable="false" sap:filterable="false"/><Property Name="RaKey" Type="Edm.String" Nullable="false" MaxLength="6" sap:unicode="false" sap:label="RA Key" sap:creatable="false"
					sap:updatable="false" sap:sortable="false" sap:filterable="false"/><Property Name="Pstyv" Type="Edm.String" Nullable="false" MaxLength="4" sap:unicode="false" sap:label="Item Billing Categor"
					sap:creatable="false" sap:updatable="false" sap:sortable="false" sap:filterable="false"/><Property Name="Zplnrev" Type="Edm.Decimal" Nullable="false" Precision="16" Scale="3" sap:unicode="false" sap:label="Planned Revenue"
					sap:creatable="false" sap:updatable="false" sap:sortable="false" sap:filterable="false"/><Property Name="Zplncst" Type="Edm.Decimal" Nullable="false" Precision="16" Scale="3" sap:unicode="false" sap:label="Planned Cost"
					sap:creatable="false" sap:updatable="false" sap:sortable="false" sap:filterable="false"/><Property Name="Zzsolseid" Type="Edm.String" Nullable="false" MaxLength="6" sap:unicode="false" sap:label="Svc.Off/Segment"
					sap:creatable="false" sap:updatable="false" sap:sortable="false" sap:filterable="false"/><Property Name="Zcats" Type="Edm.String" Nullable="false" MaxLength="1" sap:unicode="false" sap:label="Time track Attr/Text"
					sap:creatable="false" sap:updatable="false" sap:sortable="false" sap:filterable="false"/><Property Name="ZzPlanWaers" Type="Edm.String" Nullable="false" MaxLength="5" sap:unicode="false" sap:label="Plan Rev Curr"
					sap:creatable="false" sap:updatable="false" sap:sortable="false" sap:filterable="false" sap:semantics="currency-code"/><Property Name="Systatusline" Type="Edm.String" Nullable="false" MaxLength="40" sap:unicode="false" sap:label="System Status"
					sap:creatable="false" sap:updatable="false" sap:sortable="false" sap:filterable="false"/><Property Name="Ustatusline" Type="Edm.String" Nullable="false" MaxLength="40" sap:unicode="false" sap:label="User Status"
					sap:creatable="false" sap:updatable="false" sap:sortable="false" sap:filterable="false"/><Property Name="ZzTaskOrder" Type="Edm.String" Nullable="false" MaxLength="40" sap:unicode="false" sap:label="Task Order"
					sap:creatable="false" sap:updatable="false" sap:sortable="false" sap:filterable="false"/><Property Name="ZzGovCtrtype" Type="Edm.String" Nullable="false" MaxLength="5" sap:unicode="false" sap:label="Contract Type"
					sap:creatable="false" sap:updatable="false" sap:sortable="false" sap:filterable="false"/><Property Name="Usr01" Type="Edm.String" Nullable="false" MaxLength="20" sap:unicode="false" sap:label="Embedded Lease"
					sap:creatable="false" sap:updatable="false" sap:sortable="false" sap:filterable="false"/><Property Name="ZzUsr01" Type="Edm.String" Nullable="false" MaxLength="20" sap:unicode="false" sap:label="User Code 1" sap:creatable="false"
					sap:updatable="false" sap:sortable="false" sap:filterable="false"/><Property Name="ZzUsr02" Type="Edm.String" Nullable="false" MaxLength="20" sap:unicode="false" sap:label="User Code 2" sap:creatable="false"
					sap:updatable="false" sap:sortable="false" sap:filterable="false"/><Property Name="ZzUsr03" Type="Edm.String" Nullable="false" MaxLength="20" sap:unicode="false" sap:label="User Code 3" sap:creatable="false"
					sap:updatable="false" sap:sortable="false" sap:filterable="false"/><Property Name="Ffprf" Type="Edm.String" Nullable="false" MaxLength="8" sap:unicode="false" sap:label="Project Price" sap:creatable="false"
					sap:updatable="false" sap:sortable="false" sap:filterable="false"/><Property Name="Zpcs" Type="Edm.String" Nullable="false" MaxLength="20" sap:unicode="false" sap:label="PCS Number (GIS only"
					sap:creatable="false" sap:updatable="false" sap:sortable="false" sap:filterable="false"/><Property Name="Zifis" Type="Edm.String" Nullable="false" MaxLength="10" sap:unicode="false" sap:label="IFIS Cost Center (GI"
					sap:creatable="false" sap:updatable="false" sap:sortable="false" sap:filterable="false"/><Property Name="ZifisDesc" Type="Edm.String" Nullable="false" MaxLength="40" sap:unicode="false" sap:label="IFIS Description (GI"
					sap:creatable="false" sap:updatable="false" sap:sortable="false" sap:filterable="false"/><Property Name="Zlegwbs" Type="Edm.String" Nullable="false" MaxLength="24" sap:unicode="false" sap:label="Legacy WBS" sap:creatable="false"
					sap:updatable="false" sap:sortable="false" sap:filterable="false"/><Property Name="Inind" Type="Edm.String" Nullable="false" MaxLength="1" sap:unicode="false" sap:label="IN - India Indicator"
					sap:creatable="false" sap:updatable="false" sap:sortable="false" sap:filterable="false"/><Property Name="Agm" Type="Edm.String" Nullable="false" MaxLength="10" sap:unicode="false" sap:label="Acc.General Mgnr"
					sap:creatable="false" sap:updatable="false" sap:sortable="false" sap:filterable="false"/><Property Name="Wbsowner1" Type="Edm.String" Nullable="false" MaxLength="10" sap:unicode="false" sap:label="WBS Owner 1​"
					sap:creatable="false" sap:updatable="false" sap:sortable="false" sap:filterable="false"/><Property Name="Wbsowner2" Type="Edm.String" Nullable="false" MaxLength="10" sap:unicode="false" sap:label="WBS Owner2"
					sap:creatable="false" sap:updatable="false" sap:sortable="false" sap:filterable="false"/><Property Name="DraftIa" Type="Edm.String" Nullable="false" MaxLength="10" sap:unicode="false" sap:label="Draft Invoice Approv"
					sap:creatable="false" sap:updatable="false" sap:sortable="false" sap:filterable="false"/><Property Name="FinApp" Type="Edm.String" Nullable="false" MaxLength="10" sap:unicode="false" sap:label="Finance Approver​"
					sap:creatable="false" sap:updatable="false" sap:sortable="false" sap:filterable="false"/><Property Name="PrjAc" Type="Edm.String" Nullable="false" MaxLength="10" sap:unicode="false" sap:label="Project Accountant​"
					sap:creatable="false" sap:updatable="false" sap:sortable="false" sap:filterable="false"/><Property Name="Bds" Type="Edm.String" Nullable="false" MaxLength="10" sap:unicode="false" sap:label="Billing Data Steward"
					sap:creatable="false" sap:updatable="false" sap:sortable="false" sap:filterable="false"/><Property Name="InvRec" Type="Edm.String" Nullable="false" MaxLength="10" sap:unicode="false" sap:label="Invoice Receiver​"
					sap:creatable="false" sap:updatable="false" sap:sortable="false" sap:filterable="false"/><Property Name="Vbegdat" Type="Edm.DateTime" Precision="7" sap:unicode="false" sap:label="WBS start date" sap:creatable="false"
					sap:updatable="false" sap:sortable="false" sap:filterable="false"/><Property Name="Venddat" Type="Edm.DateTime" Precision="7" sap:unicode="false" sap:label="WBS end date" sap:creatable="false"
					sap:updatable="false" sap:sortable="false" sap:filterable="false"/><Property Name="PrteEstrt" Type="Edm.DateTime" Precision="7" sap:unicode="false" sap:label="Forecast Start Date" sap:creatable="false"
					sap:updatable="false" sap:sortable="false" sap:filterable="false"/><Property Name="PrteEende" Type="Edm.DateTime" Precision="7" sap:unicode="false" sap:label="Forecast End Date" sap:creatable="false"
					sap:updatable="false" sap:sortable="false" sap:filterable="false"/><Property Name="ZzTaskOrderCat" Type="Edm.String" Nullable="false" MaxLength="40" sap:unicode="false" sap:label="Task Order Category"
					sap:creatable="false" sap:updatable="false" sap:sortable="false" sap:filterable="false"/><Property Name="Vernr" Type="Edm.String" Nullable="false" MaxLength="10" sap:unicode="false" sap:label="Project Manager"
					sap:creatable="false" sap:updatable="false" sap:sortable="false" sap:filterable="false"/><Property Name="ZzBpa" Type="Edm.String" Nullable="false" MaxLength="5" sap:unicode="false" sap:label="ZzBpa" sap:creatable="false"
					sap:updatable="false" sap:sortable="false" sap:filterable="false"/><Property Name="ZzBillclass" Type="Edm.String" Nullable="false" MaxLength="5" sap:unicode="false" sap:label="ZzBillclass"
					sap:creatable="false" sap:updatable="false" sap:sortable="false" sap:filterable="false"/><Property Name="Zzcmtcsgid" Type="Edm.String" Nullable="false" MaxLength="5" sap:unicode="false" sap:label="Zzcmtcsgid"
					sap:creatable="false" sap:updatable="false" sap:sortable="false" sap:filterable="false"/><Property Name="ZzOpServer" Type="Edm.String" Nullable="false" MaxLength="5" sap:unicode="false" sap:label="ZzOpServer"
					sap:creatable="false" sap:updatable="false" sap:sortable="false" sap:filterable="false"/><Property Name="ZzOpClient" Type="Edm.String" Nullable="false" MaxLength="5" sap:unicode="false" sap:label="ZzOpClient"
					sap:creatable="false" sap:updatable="false" sap:sortable="false" sap:filterable="false"/><Property Name="ZZ_CAP_QTY6" Type="Edm.String" Nullable="false" MaxLength="5" sap:unicode="false" sap:label="ZZ_CAP_QTY6"
					sap:creatable="false" sap:updatable="false" sap:sortable="false" sap:filterable="false"/><Property Name="ZzCapPt" Type="Edm.String" Nullable="false" MaxLength="1" sap:unicode="false" sap:label="CAN Type" sap:creatable="false"
					sap:updatable="false" sap:sortable="false" sap:filterable="false"/><Property Name="ZzStrategy" Type="Edm.String" Nullable="false" MaxLength="1" sap:unicode="false" sap:label="Strategy" sap:creatable="false"
					sap:updatable="false" sap:sortable="false" sap:filterable="false"/><Property Name="Pspri" Type="Edm.String" Nullable="false" MaxLength="1" sap:unicode="false" sap:label="Priority" sap:creatable="false"
					sap:updatable="false" sap:sortable="false" sap:filterable="false"/><Property Name="ZzCapRat" Type="Edm.String" Nullable="false" MaxLength="5" sap:unicode="false" sap:label="Revenue Acc Treat"
					sap:creatable="false" sap:updatable="false" sap:sortable="false" sap:filterable="false"/><Property Name="ZzMarkup" Type="Edm.String" Nullable="false" MaxLength="3" sap:unicode="false" sap:label="Markup %" sap:creatable="false"
					sap:updatable="false" sap:sortable="false" sap:filterable="false"/><Property Name="ZzPtContact" Type="Edm.String" Nullable="false" MaxLength="50" sap:unicode="false" sap:label="Point of Contact"
					sap:creatable="false" sap:updatable="false" sap:sortable="false" sap:filterable="false"/><Property Name="ZzAtcode" Type="Edm.String" Nullable="false" MaxLength="2" sap:unicode="false" sap:label="Asset Type" sap:creatable="false"
					sap:updatable="false" sap:sortable="false" sap:filterable="false"/><Property Name="ZzFinalFo" Type="Edm.String" Nullable="false" MaxLength="1" sap:unicode="false" sap:label="Financing Option"
					sap:creatable="false" sap:updatable="false" sap:sortable="false" sap:filterable="false"/><Property Name="Zveco" Type="Edm.String" Nullable="false" MaxLength="10" sap:unicode="false" sap:label="Vendor (used in PS)"
					sap:creatable="false" sap:updatable="false" sap:sortable="false" sap:filterable="false"/></EntityType>
			<EntityType Name="WBSManageHeaderC1" sap:content-version="1">
				<Key><PropertyRef Name="Sysid"/><PropertyRef Name="Pspid"/><PropertyRef Name="Vbeln"/><PropertyRef Name="Bukrs"/></Key><Property Name="Sysid" Type="Edm.String" Nullable="false" MaxLength="10" sap:unicode="false" sap:label="System ID" sap:creatable="false"
					sap:updatable="false" sap:sortable="false" sap:filterable="false"/><Property Name="Pspid" Type="Edm.String" Nullable="false" MaxLength="24" sap:unicode="false" sap:label="Project Definition"
					sap:creatable="false" sap:updatable="false" sap:sortable="false" sap:filterable="false"/><Property Name="Vbeln" Type="Edm.String" Nullable="false" MaxLength="10" sap:unicode="false" sap:label="Contract No" sap:creatable="false"
					sap:updatable="false" sap:sortable="false" sap:filterable="false"/><Property Name="Bukrs" Type="Edm.String" Nullable="false" MaxLength="4" sap:unicode="false" sap:label="Company Code" sap:creatable="false"
					sap:updatable="false" sap:sortable="false" sap:filterable="false"/><Property Name="SoldTo" Type="Edm.String" Nullable="false" MaxLength="10" sap:unicode="false" sap:label="Sold To Customer"
					sap:creatable="false" sap:updatable="false" sap:sortable="false" sap:filterable="false"/><Property Name="Payer" Type="Edm.String" Nullable="false" MaxLength="10" sap:unicode="false" sap:label="Payer" sap:creatable="false"
					sap:updatable="false" sap:sortable="false" sap:filterable="false"/><Property Name="ShipTo" Type="Edm.String" Nullable="false" MaxLength="10" sap:unicode="false" sap:label="Ship To Customer"
					sap:creatable="false" sap:updatable="false" sap:sortable="false" sap:filterable="false"/><Property Name="BillTo" Type="Edm.String" Nullable="false" MaxLength="10" sap:unicode="false" sap:label="Bill To Customer"
					sap:creatable="false" sap:updatable="false" sap:sortable="false" sap:filterable="false"/><Property Name="Prctr" Type="Edm.String" Nullable="false" MaxLength="10" sap:unicode="false" sap:label="Profit Center" sap:creatable="false"
					sap:updatable="false" sap:sortable="false" sap:filterable="false"/><Property Name="RskInd" Type="Edm.String" Nullable="false" MaxLength="1" sap:unicode="false" sap:label="Risk Indicator"
					sap:creatable="false" sap:updatable="false" sap:sortable="false" sap:filterable="false"/><Property Name="CasId" Type="Edm.String" Nullable="false" MaxLength="20" sap:unicode="false" sap:label="Signature ID" sap:creatable="false"
					sap:updatable="false" sap:sortable="false" sap:filterable="false"/><Property Name="Waers" Type="Edm.String" Nullable="false" MaxLength="5" sap:unicode="false" sap:label="Currency" sap:creatable="false"
					sap:updatable="false" sap:sortable="false" sap:filterable="false" sap:semantics="currency-code"/><Property Name="Bstnk" Type="Edm.String" Nullable="false" MaxLength="20" sap:unicode="false" sap:label="PO Number" sap:creatable="false"
					sap:updatable="false" sap:sortable="false" sap:filterable="false"/><Property Name="Bstkd" Type="Edm.DateTime" Nullable="false" Precision="7" sap:unicode="false" sap:label="PO Date" sap:creatable="false"
					sap:updatable="false" sap:sortable="false" sap:filterable="false"/><Property Name="Zterm" Type="Edm.String" Nullable="false" MaxLength="4" sap:unicode="false" sap:label="Payment Terms" sap:creatable="false"
					sap:updatable="false" sap:sortable="false" sap:filterable="false"/><Property Name="PtRsn" Type="Edm.String" Nullable="false" MaxLength="80" sap:unicode="false" sap:label="Reason if PT changed"
					sap:creatable="false" sap:updatable="false" sap:sortable="false" sap:filterable="false"/><Property Name="Vtweg" Type="Edm.String" Nullable="false" MaxLength="2" sap:unicode="false" sap:label="Distribution Channel"
					sap:creatable="false" sap:updatable="false" sap:sortable="false" sap:filterable="false"/><Property Name="Spart" Type="Edm.String" Nullable="false" MaxLength="2" sap:unicode="false" sap:label="Division" sap:creatable="false"
					sap:updatable="false" sap:sortable="false" sap:filterable="false"/><Property Name="Kvgr1" Type="Edm.String" Nullable="false" MaxLength="3" sap:unicode="false" sap:label="Invoice Layout" sap:creatable="false"
					sap:updatable="false" sap:sortable="false" sap:filterable="false"/><Property Name="Perfk" Type="Edm.String" Nullable="false" MaxLength="2" sap:unicode="false" sap:label="Billing Calendar"
					sap:creatable="false" sap:updatable="false" sap:sortable="false" sap:filterable="false"/><Property Name="Guebg" Type="Edm.DateTime" Nullable="false" Precision="7" sap:unicode="false" sap:label="Contract Start Date"
					sap:creatable="false" sap:updatable="false" sap:sortable="false" sap:filterable="false"/><Property Name="Gueen" Type="Edm.DateTime" Nullable="false" Precision="7" sap:unicode="false" sap:label="Contract End Date"
					sap:creatable="false" sap:updatable="false" sap:sortable="false" sap:filterable="false"/><Property Name="AGM" Type="Edm.String" Nullable="false" MaxLength="10" sap:unicode="false" sap:label="Account General Manager"
					sap:creatable="false" sap:updatable="false" sap:sortable="false" sap:filterable="false"/><Property Name="WBSOwn1" Type="Edm.String" Nullable="false" MaxLength="10" sap:unicode="false" sap:label="WBS Owner 1" sap:creatable="false"
					sap:updatable="false" sap:sortable="false" sap:filterable="false"/><Property Name="WBSOwn2" Type="Edm.String" Nullable="false" MaxLength="10" sap:unicode="false" sap:label="WBS Owner 2" sap:creatable="false"
					sap:updatable="false" sap:sortable="false" sap:filterable="false"/><Property Name="DraftIA" Type="Edm.String" Nullable="false" MaxLength="10" sap:unicode="false" sap:label="Draft Inv Approver"
					sap:creatable="false" sap:updatable="false" sap:sortable="false" sap:filterable="false"/><Property Name="FinApp" Type="Edm.String" Nullable="false" MaxLength="10" sap:unicode="false" sap:label="Finance Approver"
					sap:creatable="false" sap:updatable="false" sap:sortable="false" sap:filterable="false"/><Property Name="BDS" Type="Edm.String" Nullable="false" MaxLength="10" sap:unicode="false" sap:label="Billing Data Steward"
					sap:creatable="false" sap:updatable="false" sap:sortable="false" sap:filterable="false"/><Property Name="InvRec" Type="Edm.String" Nullable="false" MaxLength="10" sap:unicode="false" sap:label="Invoice Receiver"
					sap:creatable="false" sap:updatable="false" sap:sortable="false" sap:filterable="false"/></EntityType>
			<Association Name="CompassHeaderToItem" sap:content-version="1" sap:label="Header to Item"><End Type="ZODATA_WBS_MANAGE_SRV.WBSManageHeaderCompass" Multiplicity="1" Role="FromRole_CompassHeaderToItem"/><End Type="ZODATA_WBS_MANAGE_SRV.WBSManageItemCompass" Multiplicity="*" Role="ToRole_CompassHeaderToItem"/>
				<ReferentialConstraint>
					<Principal Role="FromRole_CompassHeaderToItem"><PropertyRef Name="Zbukrs"/><PropertyRef Name="ReqNo"/></Principal>
					<Dependent Role="ToRole_CompassHeaderToItem"><PropertyRef Name="Bukrs"/><PropertyRef Name="ReqNo"/></Dependent>
				</ReferentialConstraint>
			</Association>
			<EntityContainer Name="ZODATA_WBS_MANAGE_SRV_Entities" m:IsDefaultEntityContainer="true" sap:supported-formats="atom json xlsx"><EntitySet Name="WBSManageHeaderCompassSet" EntityType="ZODATA_WBS_MANAGE_SRV.WBSManageHeaderCompass" sap:creatable="false"
				sap:updatable="false" sap:deletable="false" sap:pageable="false" sap:content-version="1"/><EntitySet Name="WBSManageItemCompassSet" EntityType="ZODATA_WBS_MANAGE_SRV.WBSManageItemCompass" sap:creatable="false"
				sap:updatable="false" sap:deletable="false" sap:pageable="false" sap:content-version="1"/><EntitySet Name="WBSManageHeaderC1Set" EntityType="ZODATA_WBS_MANAGE_SRV.WBSManageHeaderC1" sap:creatable="false" sap:updatable="false"
				sap:deletable="false" sap:pageable="false" sap:addressable="false" sap:content-version="1"/>
				<AssociationSet Name="CompassHeaderToItemSet" Association="ZODATA_WBS_MANAGE_SRV.CompassHeaderToItem" sap:creatable="false"
					sap:updatable="false" sap:deletable="false" sap:content-version="1"><End EntitySet="WBSManageHeaderCompassSet" Role="FromRole_CompassHeaderToItem"/><End EntitySet="WBSManageItemCompassSet" Role="ToRole_CompassHeaderToItem"/></AssociationSet>
			</EntityContainer><atom:link xmlns:atom="http://www.w3.org/2005/Atom" rel="self" href="./sap/ZODATA_WBS_MANAGE_SRV/$metadata"/><atom:link xmlns:atom="http://www.w3.org/2005/Atom" rel="latest-version" href="./sap/ZODATA_WBS_MANAGE_SRV/$metadata"/></Schema>
	</edmx:DataServices>
</edmx:Edmx>