<edmx:Edmx xmlns:edmx="http://schemas.microsoft.com/ado/2007/06/edmx"
	xmlns:m="http://schemas.microsoft.com/ado/2007/08/dataservices/metadata" xmlns:sap="http://www.sap.com/Protocols/SAPData" Version="1.0">
	<edmx:DataServices m:DataServiceVersion="2.0">
		<Schema xmlns="http://schemas.microsoft.com/ado/2008/09/edm" Namespace="ZODATA_WBS_CLS_INIT_SRV" xml:lang="en" sap:schema-version="1">
			<EntityType Name="System" sap:content-version="1">
				<Key><PropertyRef Name="system_id"/></Key><Property Name="system_id" Type="Edm.String" Nullable="false" MaxLength="10" sap:unicode="false" sap:label="System ID" sap:creatable="false"
					sap:updatable="false" sap:sortable="false" sap:filterable="false"/><Property Name="comp_code" Type="Edm.String" Nullable="false" MaxLength="4" sap:unicode="false" sap:label="BUKRS" sap:creatable="false"
					sap:updatable="false" sap:sortable="false" sap:filterable="false"/><Property Name="proj_type" Type="Edm.String" Nullable="false" MaxLength="4" sap:unicode="false" sap:label="PRJ_TYP" sap:creatable="false"
					sap:sortable="false" sap:filterable="false"/><Property Name="sys_status" Type="Edm.String" Nullable="false" MaxLength="4" sap:unicode="false" sap:label="SYSTATUSLINE"
					sap:creatable="false" sap:sortable="false" sap:filterable="false"/><Property Name="start_date" Type="Edm.DateTime" Precision="7" sap:unicode="false" sap:label="VBEGDAT" sap:creatable="false"
					sap:updatable="false" sap:sortable="false" sap:filterable="false"/><Property Name="end_date" Type="Edm.DateTime" Precision="7" sap:unicode="false" sap:label="VENDDAT" sap:creatable="false"
					sap:updatable="false" sap:sortable="false" sap:filterable="false"/></EntityType>
			<EntityContainer Name="ZODATA_WBS_CLS_INIT_SRV_Entities" m:IsDefaultEntityContainer="true" sap:supported-formats="atom json xlsx"><EntitySet Name="SystemSet" EntityType="ZODATA_WBS_CLS_INIT_SRV.System" sap:creatable="false" sap:updatable="false" sap:deletable="false"
				sap:pageable="false" sap:addressable="false" sap:content-version="1"/></EntityContainer><atom:link xmlns:atom="http://www.w3.org/2005/Atom" rel="self" href="./sap/ZODATA_WBS_CLS_INIT_SRV/$metadata"/><atom:link xmlns:atom="http://www.w3.org/2005/Atom" rel="latest-version" href="./sap/ZODATA_WBS_CLS_INIT_SRV/$metadata"/></Schema>
	</edmx:DataServices>
</edmx:Edmx>