{

	"toSaveCompass": [],
	"CompassWBS": [],
	"Messages": [],
	"w": {
		"d": {
			"ReqNo": "",
			"Zbukrs": "",
			"Zpspid": "",
			"Zvbeln": "",
			"Soldto": "",
			"Payer": "",
			"ShipTo": "",
			"BillTo": "",
			"Ktext": "",
			"Zzoycunm": "",
			"Vernr": "",
			"Kostl": "",
			"Vgsbr": "",
			"Prctr": "",
			"PrjTyp": "",
			"PrjStp": "",
			"Zpjcgid": "",
			"Zpgid": "",
			"Zkunnr": "",
			"Zzsoarincd": "",
			"ZriskInd": "",
			"ZzCasId": "",
			"Waers": "",
			"Bstnk": "",
			"Bstdk": null,
			"Zterm": "",
			"Zzcntrcd": "",
			"ZPtReason": "",
			"Vtweg": "",
			"Spart": "",
			"Kvgr1": "",
			"Perfk": "",
			"Guebg": "",
			"Gueen": "",
			"Agm": "",
			"Wbsowner1": "",
			"Wbsowner2": "",
			"DraftIa": "",
			"FinApp": "",
			"PrjAd": "",
			"PrjAc": "",
			"Bds": "",
			"InvRec": "",
			"ZzContracttype": "",
			"Zzldpcid": "",
			"Zzpjsgst": "",
			"Zzrvrgmdcd": "",
			"Zzsiebelid": "",
			"Zzpgid": "",
			"ZzGlblProj": "",
			"ZzEvExtract": "",
			"Action": "",
			"Wbs_type": "",
			"toItem": {
				"results": []
			},
			"toStatus": {
				"results": [{
					"ReqNum": "",
					"StCount": "",
					"ActType": "SUBMITTER",
					"ActId": "",
					"TimeStp": "0",
					"ActCom": "",
					"Status": ""
				}]
			},
			"toDetails": {
				"results": [{}]
			},
			"toError": {
				"results": [{}]
			},
			"toAttach": {
				"results": [{}]
			}
		}
	},
	"draftData": {
		"d": {
			"Zpspid": "AR1-SBMS4",
			"HeadToItemNavi": {
				"results": [{}]
			}
		}
	}
}