<edmx:Edmx xmlns:edmx="http://schemas.microsoft.com/ado/2007/06/edmx"
	xmlns:m="http://schemas.microsoft.com/ado/2007/08/dataservices/metadata" xmlns:sap="http://www.sap.com/Protocols/SAPData" Version="1.0">
	<edmx:DataServices m:DataServiceVersion="2.0">
		<Schema xmlns="http://schemas.microsoft.com/ado/2008/09/edm" Namespace="ZODATA_WBS_REQUEST_C1_SRV" xml:lang="en" sap:schema-version="1">
			<EntityType Name="WBSRequestStatus" sap:content-version="1">
				<Key><PropertyRef Name="ReqNo"/></Key><Property Name="ReqNo" Type="Edm.String" Nullable="false" MaxLength="10" sap:unicode="false" sap:label="Request Number"
					sap:creatable="false" sap:updatable="false" sap:sortable="false" sap:filterable="false"/><Property Name="Pspid" Type="Edm.String" Nullable="false" MaxLength="24" sap:unicode="false" sap:label="Project Definition"
					sap:creatable="false" sap:updatable="false" sap:sortable="false" sap:filterable="false"/><Property Name="Vbeln" Type="Edm.String" Nullable="false" MaxLength="10" sap:unicode="false" sap:label="Contact Number"
					sap:creatable="false" sap:updatable="false" sap:sortable="false" sap:filterable="false"/><Property Name="Bukrs" Type="Edm.String" Nullable="false" MaxLength="4" sap:unicode="false" sap:label="Company Code" sap:creatable="false"
					sap:updatable="false" sap:sortable="false" sap:filterable="false"/><Property Name="ReqTyp" Type="Edm.String" Nullable="false" MaxLength="30" sap:unicode="false" sap:label="Request Type" sap:creatable="false"
					sap:updatable="false" sap:sortable="false" sap:filterable="false"/><Property Name="ReqDet" Type="Edm.String" Nullable="false" MaxLength="40" sap:unicode="false" sap:label="Request Type Detail"
					sap:creatable="false" sap:updatable="false" sap:sortable="false" sap:filterable="false"/><Property Name="ReqFun" Type="Edm.String" Nullable="false" MaxLength="20" sap:unicode="false" sap:label="Requester Function"
					sap:creatable="false" sap:updatable="false" sap:sortable="false" sap:filterable="false"/><Property Name="BillApp" Type="Edm.String" Nullable="false" MaxLength="10" sap:unicode="false" sap:label="Billing Approver ID"
					sap:creatable="false" sap:updatable="false" sap:sortable="false" sap:filterable="false"/><Property Name="SubId" Type="Edm.String" Nullable="false" MaxLength="10" sap:unicode="false" sap:label="Submitter ID" sap:creatable="false"
					sap:updatable="false" sap:sortable="false" sap:filterable="false"/><Property Name="AprId" Type="Edm.String" Nullable="false" MaxLength="10" sap:unicode="false" sap:label="Designated Approver ID"
					sap:creatable="false" sap:updatable="false" sap:sortable="false" sap:filterable="false"/><Property Name="FinAppr" Type="Edm.String" Nullable="false" MaxLength="10" sap:unicode="false" sap:label="Finance Analyst ID"
					sap:creatable="false" sap:updatable="false" sap:sortable="false" sap:filterable="false"/><Property Name="Status" Type="Edm.String" Nullable="false" MaxLength="10" sap:unicode="false" sap:label="Validation Status"
					sap:creatable="false" sap:updatable="false" sap:sortable="false" sap:filterable="false"/><Property Name="ReqComm" Type="Edm.String" Nullable="false" MaxLength="255" sap:unicode="false" sap:label="Submission Comments"
					sap:creatable="false" sap:updatable="false" sap:sortable="false" sap:filterable="false"/><Property Name="AprComm" Type="Edm.String" Nullable="false" MaxLength="255" sap:unicode="false" sap:label="Approval Comments"
					sap:creatable="false" sap:updatable="false" sap:sortable="false" sap:filterable="false"/><Property Name="SubTim" Type="Edm.Decimal" Nullable="false" Precision="15" Scale="0" sap:unicode="false" sap:label="Timestamp of Submission"
					sap:creatable="false" sap:updatable="false" sap:sortable="false" sap:filterable="false"/><Property Name="AprTim" Type="Edm.Decimal" Nullable="false" Precision="15" Scale="0" sap:unicode="false" sap:label="Timestamp of Approval"
					sap:creatable="false" sap:updatable="false" sap:sortable="false" sap:filterable="false"/><Property Name="BilAprTim" Type="Edm.Decimal" Nullable="false" Precision="15" Scale="0" sap:unicode="false"
					sap:label="Timestamp of Bill Approval" sap:creatable="false" sap:updatable="false" sap:sortable="false" sap:filterable="false"/></EntityType>
			<EntityType Name="SearchInvLayout" sap:content-version="1">
				<Key><PropertyRef Name="Kvgr1"/></Key><Property Name="Kvgr1" Type="Edm.String" Nullable="false" MaxLength="3" sap:unicode="false" sap:label="Invoice Layour" sap:creatable="false"
					sap:updatable="false" sap:sortable="false" sap:filterable="false"/><Property Name="Text" Type="Edm.String" Nullable="false" MaxLength="20" sap:unicode="false" sap:label="Description" sap:creatable="false"
					sap:updatable="false" sap:sortable="false" sap:filterable="false"/></EntityType>
			<EntityType Name="SearchEmpPartner" sap:content-version="1">
				<Key><PropertyRef Name="Bukrs"/></Key><Property Name="Bukrs" Type="Edm.String" Nullable="false" MaxLength="4" sap:unicode="false" sap:label="Company Code" sap:creatable="false"
					sap:updatable="false" sap:sortable="false" sap:filterable="false"/><Property Name="Pernr" Type="Edm.String" Nullable="false" MaxLength="8" sap:unicode="false" sap:label="Personnel Number"
					sap:creatable="false" sap:updatable="false" sap:sortable="false" sap:filterable="false"/><Property Name="Name1" Type="Edm.String" Nullable="false" MaxLength="40" sap:unicode="false" sap:label="First Name" sap:creatable="false"
					sap:updatable="false" sap:sortable="false" sap:filterable="false"/><Property Name="Name2" Type="Edm.String" Nullable="false" MaxLength="40" sap:unicode="false" sap:label="Last Name" sap:creatable="false"
					sap:updatable="false" sap:sortable="false" sap:filterable="false"/></EntityType>
			<EntityType Name="SearchBMTPartner" sap:content-version="1">
				<Key><PropertyRef Name="Bukrs"/><PropertyRef Name="Prart"/><PropertyRef Name="Kunnr"/><PropertyRef Name="AppTeam"/></Key><Property Name="Bukrs" Type="Edm.String" Nullable="false" MaxLength="4" sap:unicode="false" sap:label="Company Code" sap:creatable="false"
					sap:updatable="false" sap:sortable="false" sap:filterable="false"/><Property Name="Prart" Type="Edm.String" Nullable="false" MaxLength="4" sap:unicode="false" sap:label="Project Type" sap:creatable="false"
					sap:updatable="false" sap:sortable="false" sap:filterable="false"/><Property Name="Kunnr" Type="Edm.String" Nullable="false" MaxLength="10" sap:unicode="false" sap:label="Parnter No" sap:creatable="false"
					sap:updatable="false" sap:sortable="false" sap:filterable="false"/><Property Name="AppTeam" Type="Edm.String" Nullable="false" MaxLength="12" sap:unicode="false" sap:label="Approval Team"
					sap:creatable="false" sap:updatable="false" sap:sortable="false" sap:filterable="false"/><Property Name="AppId" Type="Edm.String" Nullable="false" MaxLength="8" sap:unicode="false" sap:label="Approver ID" sap:creatable="false"
					sap:updatable="false" sap:sortable="false" sap:filterable="false"/><Property Name="PDLMail" Type="Edm.String" Nullable="false" MaxLength="40" sap:unicode="false" sap:label="Approver Group (PDL)"
					sap:creatable="false" sap:updatable="false" sap:sortable="false" sap:filterable="false"/></EntityType>
			<EntityType Name="SearchMatMaster" sap:content-version="1">
				<Key><PropertyRef Name="SysNam"/><PropertyRef Name="Matnr"/></Key><Property Name="SysNam" Type="Edm.String" Nullable="false" MaxLength="8" sap:unicode="false" sap:label="System Name" sap:creatable="false"
					sap:updatable="false" sap:sortable="false" sap:filterable="false"/><Property Name="Matnr" Type="Edm.String" Nullable="false" MaxLength="18" sap:unicode="false" sap:label="Material Number"
					sap:creatable="false" sap:updatable="false" sap:sortable="false" sap:filterable="false"/><Property Name="Maktx" Type="Edm.String" Nullable="false" MaxLength="40" sap:unicode="false" sap:label="Material Description"
					sap:creatable="false" sap:updatable="false" sap:sortable="false" sap:filterable="false"/><Property Name="Prdha" Type="Edm.String" Nullable="false" MaxLength="18" sap:unicode="false" sap:label="Product Hierarchy"
					sap:creatable="false" sap:updatable="false" sap:sortable="false" sap:filterable="false"/><Property Name="Prctr" Type="Edm.String" Nullable="false" MaxLength="10" sap:unicode="false" sap:label="Profit Center" sap:creatable="false"
					sap:updatable="false" sap:sortable="false" sap:filterable="false"/><Property Name="Mtpos" Type="Edm.String" Nullable="false" MaxLength="4" sap:unicode="false" sap:label="Item Cat Group" sap:creatable="false"
					sap:updatable="false" sap:sortable="false" sap:filterable="false"/></EntityType>
			<EntityType Name="SearchRAKey" sap:content-version="1">
				<Key><PropertyRef Name="RAKey"/></Key><Property Name="RAKey" Type="Edm.String" Nullable="false" MaxLength="6" sap:unicode="false" sap:label="RA Key" sap:creatable="false"
					sap:updatable="false" sap:sortable="false" sap:filterable="false"/><Property Name="RAText" Type="Edm.String" Nullable="false" MaxLength="40" sap:unicode="false" sap:label="RA Key Text" sap:creatable="false"
					sap:updatable="false" sap:sortable="false" sap:filterable="false"/></EntityType>
			<EntityType Name="SearchItemCat" sap:content-version="1">
				<Key><PropertyRef Name="Pstyv"/></Key><Property Name="Pstyv" Type="Edm.String" Nullable="false" MaxLength="4" sap:unicode="false" sap:label="Item Category" sap:creatable="false"
					sap:updatable="false" sap:sortable="false" sap:filterable="false"/><Property Name="Vtext" Type="Edm.String" Nullable="false" MaxLength="20" sap:unicode="false" sap:label="Item Cat Text" sap:creatable="false"
					sap:updatable="false" sap:sortable="false" sap:filterable="false"/></EntityType>
			<EntityType Name="WBSRequestHeader" sap:content-version="1">
				<Key><PropertyRef Name="ReqNo"/><PropertyRef Name="Bukrs"/></Key><Property Name="ReqNo" Type="Edm.String" Nullable="false" MaxLength="10" sap:unicode="false" sap:label="Request Number"
					sap:creatable="false" sap:updatable="false" sap:sortable="false" sap:filterable="false"/><Property Name="Bukrs" Type="Edm.String" Nullable="false" MaxLength="4" sap:unicode="false" sap:label="Company Code" sap:creatable="false"
					sap:updatable="false" sap:sortable="false" sap:filterable="false"/><Property Name="ProjTyp" Type="Edm.String" Nullable="false" MaxLength="3" sap:unicode="false" sap:label="Project Type" sap:creatable="false"
					sap:updatable="false" sap:sortable="false" sap:filterable="false"/><Property Name="Pspid" Type="Edm.String" Nullable="false" MaxLength="24" sap:unicode="false" sap:label="Project Definition"
					sap:creatable="false" sap:updatable="false" sap:sortable="false" sap:filterable="false"/><Property Name="Vbeln" Type="Edm.String" Nullable="false" MaxLength="10" sap:unicode="false" sap:label="Contract No" sap:creatable="false"
					sap:updatable="false" sap:sortable="false" sap:filterable="false"/><Property Name="SoldTo" Type="Edm.String" Nullable="false" MaxLength="10" sap:unicode="false" sap:label="Sold-to Customer"
					sap:creatable="false" sap:updatable="false" sap:sortable="false" sap:filterable="false"/><Property Name="Payer" Type="Edm.String" Nullable="false" MaxLength="10" sap:unicode="false" sap:label="Payer" sap:creatable="false"
					sap:updatable="false" sap:sortable="false" sap:filterable="false"/><Property Name="ShipTo" Type="Edm.String" Nullable="false" MaxLength="10" sap:unicode="false" sap:label="Ship to" sap:creatable="false"
					sap:updatable="false" sap:sortable="false" sap:filterable="false"/><Property Name="BillTo" Type="Edm.String" Nullable="false" MaxLength="10" sap:unicode="false" sap:label="Bill to" sap:creatable="false"
					sap:updatable="false" sap:sortable="false" sap:filterable="false"/><Property Name="Ktext" Type="Edm.String" Nullable="false" MaxLength="40" sap:unicode="false" sap:label="Project Desc​" sap:creatable="false"
					sap:updatable="false" sap:sortable="false" sap:filterable="false"/><Property Name="RiskInd" Type="Edm.String" Nullable="false" MaxLength="1" sap:unicode="false" sap:label="At Risk" sap:creatable="false"
					sap:updatable="false" sap:sortable="false" sap:filterable="false"/><Property Name="ZCasId" Type="Edm.String" Nullable="false" MaxLength="20" sap:unicode="false" sap:label="Signature ID" sap:creatable="false"
					sap:updatable="false" sap:sortable="false" sap:filterable="false"/><Property Name="Waers" Type="Edm.String" Nullable="false" MaxLength="5" sap:unicode="false" sap:label="Project Currency"
					sap:creatable="false" sap:updatable="false" sap:sortable="false" sap:filterable="false" sap:semantics="currency-code"/><Property Name="Bstnk" Type="Edm.String" Nullable="false" MaxLength="20" sap:unicode="false" sap:label="PO Number​" sap:creatable="false"
					sap:updatable="false" sap:sortable="false" sap:filterable="false"/><Property Name="Bstdk" Type="Edm.DateTime" Precision="7" sap:unicode="false" sap:label="PO Date" sap:creatable="false" sap:updatable="false"
					sap:sortable="false" sap:filterable="false"/><Property Name="Zterm" Type="Edm.String" Nullable="false" MaxLength="4" sap:unicode="false" sap:label="Payment Terms" sap:creatable="false"
					sap:updatable="false" sap:sortable="false" sap:filterable="false"/><Property Name="PtReason" Type="Edm.String" Nullable="false" MaxLength="80" sap:unicode="false"
					sap:label="Reason if payment term is changed​" sap:creatable="false" sap:updatable="false" sap:sortable="false" sap:filterable="false"/><Property Name="Vtweg" Type="Edm.String" Nullable="false" MaxLength="2" sap:unicode="false" sap:label="Distribution Channel"
					sap:creatable="false" sap:updatable="false" sap:sortable="false" sap:filterable="false"/><Property Name="Spart" Type="Edm.String" Nullable="false" MaxLength="2" sap:unicode="false" sap:label="Division" sap:creatable="false"
					sap:updatable="false" sap:sortable="false" sap:filterable="false"/><Property Name="InvLayout" Type="Edm.String" Nullable="false" MaxLength="3" sap:unicode="false" sap:label="Invoice Layout"
					sap:creatable="false" sap:updatable="false" sap:sortable="false" sap:filterable="false"/><Property Name="BilCal" Type="Edm.String" Nullable="false" MaxLength="2" sap:unicode="false" sap:label="Billing Calendar"
					sap:creatable="false" sap:updatable="false" sap:sortable="false" sap:filterable="false"/><Property Name="ConStDt" Type="Edm.DateTime" Nullable="false" Precision="7" sap:unicode="false" sap:label="Contract Start Date"
					sap:creatable="false" sap:updatable="false" sap:sortable="false" sap:filterable="false"/><Property Name="ConEnDt" Type="Edm.DateTime" Nullable="false" Precision="7" sap:unicode="false" sap:label="Contract End Date"
					sap:creatable="false" sap:updatable="false" sap:sortable="false" sap:filterable="false"/><Property Name="Agm" Type="Edm.String" Nullable="false" MaxLength="10" sap:unicode="false" sap:label="Account General Manager​"
					sap:creatable="false" sap:updatable="false" sap:sortable="false" sap:filterable="false"/><Property Name="Wbs1" Type="Edm.String" Nullable="false" MaxLength="10" sap:unicode="false" sap:label="WBS Owner 1" sap:creatable="false"
					sap:updatable="false" sap:sortable="false" sap:filterable="false"/><Property Name="Wbs2" Type="Edm.String" Nullable="false" MaxLength="10" sap:unicode="false" sap:label="WBS Owner 2" sap:creatable="false"
					sap:updatable="false" sap:sortable="false" sap:filterable="false"/><Property Name="DraftIA" Type="Edm.String" Nullable="false" MaxLength="10" sap:unicode="false" sap:label="Draft Invoice Approver"
					sap:creatable="false" sap:updatable="false" sap:sortable="false" sap:filterable="false"/><Property Name="FinApp" Type="Edm.String" Nullable="false" MaxLength="10" sap:unicode="false" sap:label="Finance Approver"
					sap:creatable="false" sap:updatable="false" sap:sortable="false" sap:filterable="false"/><Property Name="ProjAcc" Type="Edm.String" Nullable="false" MaxLength="10" sap:unicode="false" sap:label="Project Accountant"
					sap:creatable="false" sap:updatable="false" sap:sortable="false" sap:filterable="false"/><Property Name="BDS" Type="Edm.String" Nullable="false" MaxLength="10" sap:unicode="false" sap:label="Billing Data Steward"
					sap:creatable="false" sap:updatable="false" sap:sortable="false" sap:filterable="false"/><Property Name="InvRec" Type="Edm.String" Nullable="false" MaxLength="10" sap:unicode="false" sap:label="Invoice Receiver"
					sap:creatable="false" sap:updatable="false" sap:sortable="false" sap:filterable="false"/><NavigationProperty Name="WBSRequestItemSet" Relationship="ZODATA_WBS_REQUEST_C1_SRV.ProjHeaderToItem" FromRole="FromRole_ProjHeaderToItem"
					ToRole="ToRole_ProjHeaderToItem"/><NavigationProperty Name="WBSRequestStatusSet" Relationship="ZODATA_WBS_REQUEST_C1_SRV.ProjHeaderToStatus"
					FromRole="FromRole_ProjHeaderToStatus" ToRole="ToRole_ProjHeaderToStatus"/></EntityType>
			<EntityType Name="WBSRequestItem" sap:content-version="1">
				<Key><PropertyRef Name="ReqNo"/><PropertyRef Name="Pspid"/><PropertyRef Name="Vbeln"/><PropertyRef Name="Posid"/><PropertyRef Name="Posnr"/><PropertyRef Name="Bukrs"/></Key><Property Name="ReqNo" Type="Edm.String" Nullable="false" MaxLength="10" sap:unicode="false" sap:label="Request Number"
					sap:creatable="false" sap:updatable="false" sap:sortable="false" sap:filterable="false"/><Property Name="Pspid" Type="Edm.String" Nullable="false" MaxLength="24" sap:unicode="false" sap:label="Project Definition"
					sap:creatable="false" sap:updatable="false" sap:sortable="false" sap:filterable="false"/><Property Name="Vbeln" Type="Edm.String" Nullable="false" MaxLength="10" sap:unicode="false" sap:label="Contract No" sap:creatable="false"
					sap:updatable="false" sap:sortable="false" sap:filterable="false"/><Property Name="Posid" Type="Edm.String" Nullable="false" MaxLength="24" sap:unicode="false" sap:label="WBS number" sap:creatable="false"
					sap:updatable="false" sap:sortable="false" sap:filterable="false"/><Property Name="Posnr" Type="Edm.String" Nullable="false" MaxLength="6" sap:unicode="false" sap:label="SD CntrctLine Item"
					sap:creatable="false" sap:updatable="false" sap:sortable="false" sap:filterable="false"/><Property Name="Bukrs" Type="Edm.String" Nullable="false" MaxLength="4" sap:unicode="false" sap:label="Company Code" sap:creatable="false"
					sap:updatable="false" sap:sortable="false" sap:filterable="false"/><Property Name="Arktx" Type="Edm.String" Nullable="false" MaxLength="40" sap:unicode="false" sap:label="Line Item/WBS Descri"
					sap:creatable="false" sap:updatable="false" sap:sortable="false" sap:filterable="false"/><Property Name="OppId" Type="Edm.String" Nullable="false" MaxLength="30" sap:unicode="false" sap:label="Opportunity ID"
					sap:creatable="false" sap:updatable="false" sap:sortable="false" sap:filterable="false"/><Property Name="Bstnk" Type="Edm.String" Nullable="false" MaxLength="20" sap:unicode="false" sap:label="PO Number" sap:creatable="false"
					sap:updatable="false" sap:sortable="false" sap:filterable="false"/><Property Name="Bstkd" Type="Edm.DateTime" Precision="7" sap:unicode="false" sap:label="PO Date" sap:creatable="false" sap:updatable="false"
					sap:sortable="false" sap:filterable="false"/><Property Name="Zterm" Type="Edm.String" Nullable="false" MaxLength="4" sap:unicode="false" sap:label="Payment Terms" sap:creatable="false"
					sap:updatable="false" sap:sortable="false" sap:filterable="false"/><Property Name="Matnr" Type="Edm.String" Nullable="false" MaxLength="18" sap:unicode="false" sap:label="Material Number"
					sap:creatable="false" sap:updatable="false" sap:sortable="false" sap:filterable="false"/><Property Name="ProdHier" Type="Edm.String" Nullable="false" MaxLength="18" sap:unicode="false" sap:label="Product Hierarchy"
					sap:creatable="false" sap:updatable="false" sap:sortable="false" sap:filterable="false"/><Property Name="Maktx" Type="Edm.String" Nullable="false" MaxLength="40" sap:unicode="false" sap:label="Material description"
					sap:creatable="false" sap:updatable="false" sap:sortable="false" sap:filterable="false"/><Property Name="Prctr" Type="Edm.String" Nullable="false" MaxLength="10" sap:unicode="false" sap:label="Profit Center" sap:creatable="false"
					sap:updatable="false" sap:sortable="false" sap:filterable="false"/><Property Name="RAKey" Type="Edm.String" Nullable="false" MaxLength="6" sap:unicode="false" sap:label="RA Key" sap:creatable="false"
					sap:updatable="false" sap:sortable="false" sap:filterable="false"/><Property Name="Pstyv" Type="Edm.String" Nullable="false" MaxLength="4" sap:unicode="false" sap:label="Item Category" sap:creatable="false"
					sap:updatable="false" sap:sortable="false" sap:filterable="false"/><Property Name="PlnRev" Type="Edm.Decimal" Nullable="false" Precision="16" Scale="3" sap:unicode="false" sap:label="Planned Revenue"
					sap:creatable="false" sap:updatable="false" sap:sortable="false" sap:filterable="false"/><Property Name="PlnCost" Type="Edm.Decimal" Nullable="false" Precision="16" Scale="3" sap:unicode="false" sap:label="Planned Cost"
					sap:creatable="false" sap:updatable="false" sap:sortable="false" sap:filterable="false"/><Property Name="DIPProf" Type="Edm.String" Nullable="false" MaxLength="8" sap:unicode="false" sap:label="DIP Profile" sap:creatable="false"
					sap:updatable="false" sap:sortable="false" sap:filterable="false"/><Property Name="PCSNo" Type="Edm.String" Nullable="false" MaxLength="20" sap:unicode="false" sap:label="PCS Number" sap:creatable="false"
					sap:updatable="false" sap:sortable="false" sap:filterable="false"/><Property Name="Zifis" Type="Edm.String" Nullable="false" MaxLength="10" sap:unicode="false" sap:label="IFIS Cost Center"
					sap:creatable="false" sap:updatable="false" sap:sortable="false" sap:filterable="false"/><Property Name="ZifisDesc" Type="Edm.String" Nullable="false" MaxLength="40" sap:unicode="false" sap:label="IFIS Description"
					sap:creatable="false" sap:updatable="false" sap:sortable="false" sap:filterable="false"/><Property Name="LegWBS" Type="Edm.String" Nullable="false" MaxLength="24" sap:unicode="false" sap:label="Legacy WBS" sap:creatable="false"
					sap:updatable="false" sap:sortable="false" sap:filterable="false"/><Property Name="INInd" Type="Edm.String" Nullable="false" MaxLength="1" sap:unicode="false" sap:label="India Indicator check box"
					sap:creatable="false" sap:updatable="false" sap:sortable="false" sap:filterable="false"/><Property Name="Agm" Type="Edm.String" Nullable="false" MaxLength="10" sap:unicode="false" sap:label="Account General Manager​"
					sap:creatable="false" sap:updatable="false" sap:sortable="false" sap:filterable="false"/><Property Name="WBSOwn1" Type="Edm.String" Nullable="false" MaxLength="10" sap:unicode="false" sap:label="WBS Owner 1" sap:creatable="false"
					sap:updatable="false" sap:sortable="false" sap:filterable="false"/><Property Name="WBSOwn2" Type="Edm.String" Nullable="false" MaxLength="10" sap:unicode="false" sap:label="WBS Owner 2" sap:creatable="false"
					sap:updatable="false" sap:sortable="false" sap:filterable="false"/><Property Name="DraftIA" Type="Edm.String" Nullable="false" MaxLength="10" sap:unicode="false" sap:label="Draft Invoice Approver"
					sap:creatable="false" sap:updatable="false" sap:sortable="false" sap:filterable="false"/><Property Name="FinApp" Type="Edm.String" Nullable="false" MaxLength="10" sap:unicode="false" sap:label="Finance Approver"
					sap:creatable="false" sap:updatable="false" sap:sortable="false" sap:filterable="false"/><Property Name="ProjAcc" Type="Edm.String" Nullable="false" MaxLength="10" sap:unicode="false" sap:label="Project Accountant"
					sap:creatable="false" sap:updatable="false" sap:sortable="false" sap:filterable="false"/><Property Name="BDS" Type="Edm.String" Nullable="false" MaxLength="10" sap:unicode="false" sap:label="Billing Data Steward"
					sap:creatable="false" sap:updatable="false" sap:sortable="false" sap:filterable="false"/><Property Name="InvRev" Type="Edm.String" Nullable="false" MaxLength="10" sap:unicode="false" sap:label="Invoice Receiver"
					sap:creatable="false" sap:updatable="false" sap:sortable="false" sap:filterable="false"/><Property Name="VbegDat" Type="Edm.DateTime" Precision="7" sap:unicode="false" sap:label="WBS Start Date" sap:creatable="false"
					sap:updatable="false" sap:sortable="false" sap:filterable="false"/><Property Name="VendDat" Type="Edm.DateTime" Precision="7" sap:unicode="false" sap:label="WBS End Date" sap:creatable="false"
					sap:updatable="false" sap:sortable="false" sap:filterable="false"/></EntityType>
			<EntityType Name="WBSRequestLaborTyp" sap:content-version="1">
				<Key><PropertyRef Name="ReqNo"/><PropertyRef Name="Posnr"/><PropertyRef Name="Kschl"/><PropertyRef Name="Matnr"/></Key><Property Name="ReqNo" Type="Edm.String" Nullable="false" MaxLength="10" sap:unicode="false" sap:label="Request Number"
					sap:creatable="false" sap:updatable="false" sap:sortable="false" sap:filterable="false"/><Property Name="Posnr" Type="Edm.String" Nullable="false" MaxLength="6" sap:unicode="false" sap:label="SD Contract Line Item"
					sap:creatable="false" sap:updatable="false" sap:sortable="false" sap:filterable="false"/><Property Name="Kschl" Type="Edm.String" Nullable="false" MaxLength="4" sap:unicode="false" sap:label="Condition type" sap:creatable="false"
					sap:updatable="false" sap:sortable="false" sap:filterable="false"/><Property Name="Matnr" Type="Edm.String" Nullable="false" MaxLength="18" sap:unicode="false" sap:label="Labor Type" sap:creatable="false"
					sap:updatable="false" sap:sortable="false" sap:filterable="false"/><Property Name="Datab" Type="Edm.DateTime" Precision="7" sap:unicode="false" sap:label="Labor Type Start Date" sap:creatable="false"
					sap:updatable="false" sap:sortable="false" sap:filterable="false"/><Property Name="Datbi" Type="Edm.DateTime" Precision="7" sap:unicode="false" sap:label="Labor Type End Date" sap:creatable="false"
					sap:updatable="false" sap:sortable="false" sap:filterable="false"/></EntityType>
			<EntityType Name="WBSRequestTask" sap:content-version="1">
				<Key><PropertyRef Name="ReqNo"/><PropertyRef Name="Posnr"/><PropertyRef Name="Posid"/><PropertyRef Name="Task"/></Key><Property Name="ReqNo" Type="Edm.String" Nullable="false" MaxLength="10" sap:unicode="false" sap:label="Request Number"
					sap:creatable="false" sap:updatable="false" sap:sortable="false" sap:filterable="false"/><Property Name="Posnr" Type="Edm.String" Nullable="false" MaxLength="6" sap:unicode="false" sap:label="SD Contract Line Item"
					sap:creatable="false" sap:updatable="false" sap:sortable="false" sap:filterable="false"/><Property Name="Posid" Type="Edm.String" Nullable="false" MaxLength="24" sap:unicode="false" sap:label="WBS Number" sap:creatable="false"
					sap:updatable="false" sap:sortable="false" sap:filterable="false"/><Property Name="Task" Type="Edm.String" Nullable="false" MaxLength="10" sap:unicode="false" sap:label="Task" sap:creatable="false"
					sap:updatable="false" sap:sortable="false" sap:filterable="false"/><Property Name="Begda" Type="Edm.DateTime" Precision="7" sap:unicode="false" sap:label="Start Date" sap:creatable="false"
					sap:updatable="false" sap:sortable="false" sap:filterable="false"/><Property Name="Endda" Type="Edm.DateTime" Precision="7" sap:unicode="false" sap:label="End Date" sap:creatable="false"
					sap:updatable="false" sap:sortable="false" sap:filterable="false"/><Property Name="TskTxt" Type="Edm.String" Nullable="false" MaxLength="60" sap:unicode="false" sap:label="Task Text" sap:creatable="false"
					sap:updatable="false" sap:sortable="false" sap:filterable="false"/></EntityType>
			<EntityType Name="SearchCustomer" sap:content-version="1">
				<Key><PropertyRef Name="Kunnr"/><PropertyRef Name="Bukrs"/></Key><Property Name="Kunnr" Type="Edm.String" Nullable="false" MaxLength="10" sap:unicode="false" sap:label="Customer Number"
					sap:creatable="false" sap:updatable="false" sap:sortable="false"/><Property Name="Bukrs" Type="Edm.String" Nullable="false" MaxLength="4" sap:unicode="false" sap:label="Company Code" sap:creatable="false"
					sap:updatable="false" sap:sortable="false" sap:filterable="false"/><Property Name="Land1" Type="Edm.String" Nullable="false" MaxLength="3" sap:unicode="false" sap:label="Country Key" sap:creatable="false"
					sap:updatable="false" sap:sortable="false"/><Property Name="Name1" Type="Edm.String" Nullable="false" MaxLength="30" sap:unicode="false" sap:label="Customer Name 1"
					sap:creatable="false" sap:updatable="false" sap:sortable="false"/><Property Name="Name2" Type="Edm.String" Nullable="false" MaxLength="30" sap:unicode="false" sap:label="Customer Name 2"
					sap:creatable="false" sap:updatable="false" sap:sortable="false" sap:filterable="false"/><Property Name="City" Type="Edm.String" Nullable="false" MaxLength="25" sap:unicode="false" sap:label="City" sap:creatable="false"
					sap:updatable="false" sap:sortable="false"/><Property Name="Pstlz" Type="Edm.String" Nullable="false" MaxLength="10" sap:unicode="false" sap:label="Postal Code" sap:creatable="false"
					sap:updatable="false" sap:sortable="false"/><Property Name="Regio" Type="Edm.String" Nullable="false" MaxLength="3" sap:unicode="false" sap:label="Region" sap:creatable="false"
					sap:updatable="false" sap:sortable="false"/><Property Name="Stras" Type="Edm.String" Nullable="false" MaxLength="30" sap:unicode="false" sap:label="Street" sap:creatable="false"
					sap:updatable="false" sap:sortable="false"/></EntityType>
			<EntityType Name="SearchCompCode" sap:content-version="1">
				<Key><PropertyRef Name="SysId"/><PropertyRef Name="Bukrs"/></Key><Property Name="SysId" Type="Edm.String" Nullable="false" MaxLength="10" sap:unicode="false" sap:label="System ID" sap:creatable="false"
					sap:updatable="false" sap:sortable="false"/><Property Name="Bukrs" Type="Edm.String" Nullable="false" MaxLength="4" sap:unicode="false" sap:label="Company Code" sap:creatable="false"
					sap:updatable="false" sap:sortable="false"/></EntityType>
			<EntityType Name="SearchProjTyp" sap:content-version="1">
				<Key><PropertyRef Name="Auart"/></Key><Property Name="Auart" Type="Edm.String" Nullable="false" MaxLength="4" sap:unicode="false" sap:label="Project Type" sap:creatable="false"
					sap:updatable="false" sap:sortable="false"/><Property Name="Text" Type="Edm.String" Nullable="false" MaxLength="40" sap:unicode="false" sap:label="Project Type Text"
					sap:creatable="false" sap:updatable="false" sap:sortable="false"/><Property Name="Bukrs" Type="Edm.String" Nullable="false" MaxLength="4" sap:unicode="false" sap:label="Comapny Code" sap:creatable="false"
					sap:updatable="false" sap:sortable="false" sap:filterable="false"/></EntityType>
			<EntityType Name="SearchBillCal" sap:content-version="1">
				<Key><PropertyRef Name="FactCal"/></Key><Property Name="FactCal" Type="Edm.String" Nullable="false" MaxLength="2" sap:unicode="false" sap:label="Billing Calendar"
					sap:creatable="false" sap:updatable="false" sap:sortable="false"/><Property Name="CalText" Type="Edm.String" Nullable="false" MaxLength="60" sap:unicode="false" sap:label="Bill Calendar Text"
					sap:creatable="false" sap:updatable="false" sap:sortable="false"/></EntityType>
			<EntityType Name="SearchPrjSubTyp" sap:content-version="1">
				<Key><PropertyRef Name="Auart"/><PropertyRef Name="Langu"/><PropertyRef Name="Zprjsub"/></Key><Property Name="Auart" Type="Edm.String" Nullable="false" MaxLength="4" sap:unicode="false" sap:label="Sales doc. type"
					sap:creatable="false" sap:updatable="false" sap:sortable="false" sap:filterable="false"/><Property Name="Langu" Type="Edm.String" Nullable="false" MaxLength="2" sap:unicode="false" sap:label="Language" sap:creatable="false"
					sap:updatable="false" sap:sortable="false" sap:filterable="false"/><Property Name="Zprjsub" Type="Edm.String" Nullable="false" MaxLength="2" sap:unicode="false" sap:label="Proj Sub Typ" sap:creatable="false"
					sap:updatable="false" sap:sortable="false" sap:filterable="false"/><Property Name="Text" Type="Edm.String" Nullable="false" MaxLength="40" sap:unicode="false" sap:label="Text" sap:creatable="false"
					sap:updatable="false" sap:sortable="false" sap:filterable="false"/></EntityType>
			<EntityType Name="SearchOppId" sap:content-version="1">
				<Key><PropertyRef Name="OptyId"/></Key><Property Name="OptyId" Type="Edm.String" Nullable="false" MaxLength="30" sap:unicode="false" sap:label="Opportunity ID"
					sap:creatable="false" sap:updatable="false" sap:sortable="false"/></EntityType>
			<Association Name="ProjHeaderToItem" sap:content-version="1" sap:label="HeaderToItem"><End Type="ZODATA_WBS_REQUEST_C1_SRV.WBSRequestHeader" Multiplicity="1" Role="FromRole_ProjHeaderToItem"/><End Type="ZODATA_WBS_REQUEST_C1_SRV.WBSRequestItem" Multiplicity="*" Role="ToRole_ProjHeaderToItem"/>
				<ReferentialConstraint>
					<Principal Role="FromRole_ProjHeaderToItem"><PropertyRef Name="Bukrs"/><PropertyRef Name="ReqNo"/></Principal>
					<Dependent Role="ToRole_ProjHeaderToItem"><PropertyRef Name="Bukrs"/><PropertyRef Name="ReqNo"/></Dependent>
				</ReferentialConstraint>
			</Association>
			<Association Name="ProjHeaderToStatus" sap:content-version="1" sap:label="HeaderToStatus"><End Type="ZODATA_WBS_REQUEST_C1_SRV.WBSRequestHeader" Multiplicity="1" Role="FromRole_ProjHeaderToStatus"/><End Type="ZODATA_WBS_REQUEST_C1_SRV.WBSRequestStatus" Multiplicity="1" Role="ToRole_ProjHeaderToStatus"/>
				<ReferentialConstraint>
					<Principal Role="FromRole_ProjHeaderToStatus"><PropertyRef Name="ReqNo"/><PropertyRef Name="Bukrs"/></Principal>
					<Dependent Role="ToRole_ProjHeaderToStatus"><PropertyRef Name="ReqNo"/><PropertyRef Name="Bukrs"/></Dependent>
				</ReferentialConstraint>
			</Association>
			<EntityContainer Name="ZODATA_WBS_REQUEST_C1_SRV_Entities" m:IsDefaultEntityContainer="true" sap:supported-formats="atom json xlsx"><EntitySet Name="WBSRequestStatusSet" EntityType="ZODATA_WBS_REQUEST_C1_SRV.WBSRequestStatus" sap:creatable="false" sap:updatable="false"
				sap:deletable="false" sap:pageable="false" sap:addressable="false" sap:content-version="1"/><EntitySet Name="SearchInvLayoutSet" EntityType="ZODATA_WBS_REQUEST_C1_SRV.SearchInvLayout" sap:creatable="false" sap:updatable="false"
				sap:deletable="false" sap:pageable="false" sap:content-version="1"/><EntitySet Name="SearchEmpPartnerSet" EntityType="ZODATA_WBS_REQUEST_C1_SRV.SearchEmpPartner" sap:creatable="false" sap:updatable="false"
				sap:deletable="false" sap:pageable="false" sap:content-version="1"/><EntitySet Name="SearchBMTPartnerSet" EntityType="ZODATA_WBS_REQUEST_C1_SRV.SearchBMTPartner" sap:creatable="false" sap:updatable="false"
				sap:deletable="false" sap:pageable="false" sap:content-version="1"/><EntitySet Name="SearchMatMastSet" EntityType="ZODATA_WBS_REQUEST_C1_SRV.SearchMatMaster" sap:creatable="false" sap:updatable="false"
				sap:deletable="false" sap:pageable="false" sap:content-version="1"/><EntitySet Name="SearchRAKeySet" EntityType="ZODATA_WBS_REQUEST_C1_SRV.SearchRAKey" sap:creatable="false" sap:updatable="false"
				sap:deletable="false" sap:pageable="false" sap:content-version="1"/><EntitySet Name="SearchItemCatSet" EntityType="ZODATA_WBS_REQUEST_C1_SRV.SearchItemCat" sap:creatable="false" sap:updatable="false"
				sap:deletable="false" sap:pageable="false" sap:content-version="1"/><EntitySet Name="WBSRequestHeaderSet" EntityType="ZODATA_WBS_REQUEST_C1_SRV.WBSRequestHeader" sap:creatable="false" sap:updatable="false"
				sap:deletable="false" sap:pageable="false" sap:addressable="false" sap:content-version="1"/><EntitySet Name="WBSRequestItemSet" EntityType="ZODATA_WBS_REQUEST_C1_SRV.WBSRequestItem" sap:creatable="false" sap:updatable="false"
				sap:deletable="false" sap:pageable="false" sap:addressable="false" sap:content-version="1"/><EntitySet Name="WBSRequestLaborTypSet" EntityType="ZODATA_WBS_REQUEST_C1_SRV.WBSRequestLaborTyp" sap:creatable="false"
				sap:updatable="false" sap:deletable="false" sap:pageable="false" sap:addressable="false" sap:content-version="1"/><EntitySet Name="WBSRequestTaskSet" EntityType="ZODATA_WBS_REQUEST_C1_SRV.WBSRequestTask" sap:creatable="false" sap:updatable="false"
				sap:deletable="false" sap:pageable="false" sap:addressable="false" sap:content-version="1"/><EntitySet Name="SearchCustomerSet" EntityType="ZODATA_WBS_REQUEST_C1_SRV.SearchCustomer" sap:creatable="false" sap:updatable="false"
				sap:deletable="false" sap:pageable="false" sap:content-version="1"/><EntitySet Name="SearchCompCodeSet" EntityType="ZODATA_WBS_REQUEST_C1_SRV.SearchCompCode" sap:creatable="false" sap:updatable="false"
				sap:deletable="false" sap:pageable="false" sap:content-version="1"/><EntitySet Name="SearchProjTypSet" EntityType="ZODATA_WBS_REQUEST_C1_SRV.SearchProjTyp" sap:creatable="false" sap:updatable="false"
				sap:deletable="false" sap:pageable="false" sap:content-version="1"/><EntitySet Name="SearchBillCalSet" EntityType="ZODATA_WBS_REQUEST_C1_SRV.SearchBillCal" sap:creatable="false" sap:updatable="false"
				sap:deletable="false" sap:pageable="false" sap:content-version="1"/><EntitySet Name="SearchPrjSubTypSet" EntityType="ZODATA_WBS_REQUEST_C1_SRV.SearchPrjSubTyp" sap:creatable="false" sap:updatable="false"
				sap:deletable="false" sap:pageable="false" sap:content-version="1"/><EntitySet Name="SearchOppIdSet" EntityType="ZODATA_WBS_REQUEST_C1_SRV.SearchOppId" sap:creatable="false" sap:updatable="false"
				sap:deletable="false" sap:pageable="false" sap:addressable="false" sap:content-version="1"/>
				<AssociationSet Name="ProjHeaderToItemSet" Association="ZODATA_WBS_REQUEST_C1_SRV.ProjHeaderToItem" sap:creatable="false"
					sap:updatable="false" sap:deletable="false" sap:content-version="1"><End EntitySet="WBSRequestHeaderSet" Role="FromRole_ProjHeaderToItem"/><End EntitySet="WBSRequestItemSet" Role="ToRole_ProjHeaderToItem"/></AssociationSet>
				<AssociationSet Name="ProjHeaderToStatusSet" Association="ZODATA_WBS_REQUEST_C1_SRV.ProjHeaderToStatus" sap:creatable="false"
					sap:updatable="false" sap:deletable="false" sap:content-version="1"><End EntitySet="WBSRequestHeaderSet" Role="FromRole_ProjHeaderToStatus"/><End EntitySet="WBSRequestStatusSet" Role="ToRole_ProjHeaderToStatus"/></AssociationSet>
			</EntityContainer><atom:link xmlns:atom="http://www.w3.org/2005/Atom" rel="self" href="./sap/ZODATA_WBS_REQUEST_C1_SRV/$metadata"/><atom:link xmlns:atom="http://www.w3.org/2005/Atom" rel="latest-version" href="./sap/ZODATA_WBS_REQUEST_C1_SRV/$metadata"/></Schema>
	</edmx:DataServices>
</edmx:Edmx>