<edmx:Edmx xmlns:edmx="http://schemas.microsoft.com/ado/2007/06/edmx"
	xmlns:m="http://schemas.microsoft.com/ado/2007/08/dataservices/metadata" xmlns:sap="http://www.sap.com/Protocols/SAPData" Version="1.0">
	<edmx:DataServices m:DataServiceVersion="2.0">
		<Schema xmlns="http://schemas.microsoft.com/ado/2008/09/edm" Namespace="ZODATA_OPPORTUNITYID_REQUEST_SRV" xml:lang="en"
			sap:schema-version="1">
			<EntityType Name="Header_opid" sap:content-version="1">
				<Key><PropertyRef Name="OptId"/></Key><Property Name="OptId" Type="Edm.String" Nullable="false" MaxLength="30" sap:unicode="false" sap:label="Opportunity ID"
					sap:creatable="false" sap:updatable="false" sap:sortable="false" sap:filterable="false"/><Property Name="UniqId" Type="Edm.String" Nullable="false" MaxLength="20" sap:unicode="false" sap:label="Unique ID" sap:creatable="false"
					sap:updatable="false" sap:sortable="false" sap:filterable="false"/><Property Name="OptTyp" Type="Edm.String" Nullable="false" MaxLength="30" sap:unicode="false" sap:label="Opp. Type" sap:creatable="false"
					sap:updatable="false" sap:sortable="false" sap:filterable="false"/><Property Name="Zpspid" Type="Edm.String" Nullable="false" MaxLength="40" sap:unicode="false" sap:label="Project Description"
					sap:creatable="false" sap:updatable="false" sap:sortable="false" sap:filterable="false"/><Property Name="Soldto" Type="Edm.String" Nullable="false" MaxLength="10" sap:unicode="false" sap:label="C1 Sold-To Customer"
					sap:creatable="false" sap:updatable="false" sap:sortable="false" sap:filterable="false"/><Property Name="Guebg" Type="Edm.DateTime" Precision="7" sap:unicode="false" sap:label="Start Date" sap:creatable="false"
					sap:updatable="false" sap:sortable="false" sap:filterable="false"/><Property Name="Gueen" Type="Edm.DateTime" Precision="7" sap:unicode="false" sap:label="End Date" sap:creatable="false"
					sap:updatable="false" sap:sortable="false" sap:filterable="false"/><Property Name="PerResp" Type="Edm.String" Nullable="false" MaxLength="8" sap:unicode="false" sap:label="Person Responsible"
					sap:creatable="false" sap:updatable="false" sap:sortable="false" sap:filterable="false"/><Property Name="Zzpgid" Type="Edm.String" Nullable="false" MaxLength="24" sap:unicode="false" sap:label="Prog/Contract ID"
					sap:creatable="false" sap:updatable="false" sap:sortable="false" sap:filterable="false"/><Property Name="Zzldpcid" Type="Edm.String" Nullable="false" MaxLength="6" sap:unicode="false" sap:label="Lead Practice"
					sap:creatable="false" sap:updatable="false" sap:sortable="false" sap:filterable="false"/><Property Name="OptManag" Type="Edm.String" Nullable="false" MaxLength="10" sap:unicode="false" sap:label="opp.Manager"
					sap:creatable="false" sap:updatable="false" sap:sortable="false" sap:filterable="false"/><Property Name="CaDate" Type="Edm.DateTime" Nullable="false" Precision="7" sap:unicode="false" sap:label="Cntrct.date" sap:creatable="false"
					sap:updatable="false" sap:sortable="false" sap:filterable="false"/><Property Name="ActGm" Type="Edm.String" Nullable="false" MaxLength="8" sap:unicode="false" sap:label="Acc.General Mgnr"
					sap:creatable="false" sap:updatable="false" sap:sortable="false" sap:filterable="false"/><Property Name="BundFlag" Type="Edm.String" Nullable="false" MaxLength="1" sap:unicode="false" sap:label="Bundle Flag" sap:creatable="false"
					sap:updatable="false" sap:sortable="false" sap:filterable="false"/><Property Name="SalStage" Type="Edm.String" Nullable="false" MaxLength="3" sap:unicode="false" sap:label="Sales Stage" sap:creatable="false"
					sap:updatable="false" sap:sortable="false" sap:filterable="false"/><Property Name="ValFlag" Type="Edm.String" Nullable="false" MaxLength="1" sap:unicode="false" sap:label="Validation Flag"
					sap:creatable="false" sap:updatable="false" sap:sortable="false" sap:filterable="false"/><Property Name="ValStatus" Type="Edm.String" Nullable="false" MaxLength="10" sap:unicode="false" sap:label="Val.Status"
					sap:creatable="false" sap:updatable="false" sap:sortable="false" sap:filterable="false"/><Property Name="ValDate" Type="Edm.DateTime" Precision="7" sap:unicode="false" sap:label="Val.Date" sap:creatable="false"
					sap:updatable="false" sap:sortable="false" sap:filterable="false"/><Property Name="TimeStamp" Type="Edm.String" Nullable="false" MaxLength="15" sap:unicode="false" sap:label="Timestamp" sap:creatable="false"
					sap:updatable="false" sap:sortable="false" sap:filterable="false"/><Property Name="DelInd" Type="Edm.String" Nullable="false" MaxLength="1" sap:unicode="false" sap:label="Del.ind" sap:creatable="false"
					sap:updatable="false" sap:sortable="false" sap:filterable="false"/><Property Name="DealTyp" Type="Edm.String" Nullable="false" MaxLength="30" sap:unicode="false" sap:label="Deal Type" sap:creatable="false"
					sap:updatable="false" sap:sortable="false" sap:filterable="false"/><Property Name="ChangedBy" Type="Edm.String" Nullable="false" MaxLength="12" sap:unicode="false" sap:label="Last Changed By"
					sap:creatable="false" sap:updatable="false" sap:sortable="false" sap:filterable="false"/><Property Name="ChangedOn" Type="Edm.DateTime" Precision="7" sap:unicode="false" sap:label="Date" sap:creatable="false"
					sap:updatable="false" sap:sortable="false" sap:filterable="false"/><Property Name="ChangedAt" Type="Edm.Time" Precision="0" sap:unicode="false" sap:label="Time" sap:creatable="false" sap:updatable="false"
					sap:sortable="false" sap:filterable="false"/><NavigationProperty Name="ToItems" Relationship="ZODATA_OPPORTUNITYID_REQUEST_SRV.Asc_headeroptid_Item"
					FromRole="FromRole_Asc_headeroptid_Item" ToRole="ToRole_Asc_headeroptid_Item"/></EntityType>
			<EntityType Name="Item_Optid" sap:content-version="1">
				<Key><PropertyRef Name="BillVal"/><PropertyRef Name="OptId"/></Key><Property Name="BillVal" Type="Edm.String" Nullable="false" MaxLength="15" sap:unicode="false" sap:label="Bill Val" sap:creatable="false"
					sap:updatable="false" sap:sortable="false" sap:filterable="false"/><Property Name="OptId" Type="Edm.String" Nullable="false" MaxLength="30" sap:unicode="false" sap:label="Opportunity ID"
					sap:creatable="false" sap:updatable="false" sap:sortable="false" sap:filterable="false"/><Property Name="Bukrs" Type="Edm.String" Nullable="false" MaxLength="4" sap:unicode="false" sap:label="Company Code" sap:creatable="false"
					sap:updatable="false" sap:sortable="false" sap:filterable="false"/><Property Name="FinAnl" Type="Edm.String" Nullable="false" MaxLength="8" sap:unicode="false" sap:label="Fin.analyst" sap:creatable="false"
					sap:updatable="false" sap:sortable="false" sap:filterable="false"/><Property Name="FinEmil" Type="Edm.String" Nullable="false" MaxLength="35" sap:unicode="false" sap:label="Fin.Analyst Mail"
					sap:creatable="false" sap:updatable="false" sap:sortable="false" sap:filterable="false"/><Property Name="Status" Type="Edm.String" Nullable="false" MaxLength="12" sap:unicode="false" sap:label="Status" sap:creatable="false"
					sap:updatable="false" sap:sortable="false" sap:filterable="false"/><Property Name="NotPrssCmt" Type="Edm.String" Nullable="false" MaxLength="255" sap:unicode="false" sap:label="Don't process"
					sap:creatable="false" sap:updatable="false" sap:sortable="false" sap:filterable="false"/><Property Name="DispChCmt" Type="Edm.String" Nullable="false" MaxLength="255" sap:unicode="false" sap:label="Disposition"
					sap:creatable="false" sap:updatable="false" sap:sortable="false" sap:filterable="false"/><Property Name="ChangedBy" Type="Edm.String" Nullable="false" MaxLength="12" sap:unicode="false" sap:label="Last Changed By"
					sap:creatable="false" sap:updatable="false" sap:sortable="false" sap:filterable="false"/><Property Name="ChangedOn" Type="Edm.DateTime" Nullable="false" Precision="7" sap:unicode="false" sap:label="Date" sap:creatable="false"
					sap:updatable="false" sap:sortable="false" sap:filterable="false"/><Property Name="ChangedAt" Type="Edm.Time" Nullable="false" Precision="0" sap:unicode="false" sap:label="Time" sap:creatable="false"
					sap:updatable="false" sap:sortable="false" sap:filterable="false"/><NavigationProperty Name="Header_opid" Relationship="ZODATA_OPPORTUNITYID_REQUEST_SRV.Asc_headeroptid_Item"
					FromRole="ToRole_Asc_headeroptid_Item" ToRole="FromRole_Asc_headeroptid_Item"/></EntityType>
			<EntityType Name="HEADER_CCODE" sap:content-version="1">
				<Key><PropertyRef Name="OptId"/><PropertyRef Name="UniqId"/></Key><Property Name="OptId" Type="Edm.String" Nullable="false" MaxLength="30" sap:unicode="false" sap:label="Opportunity ID"
					sap:creatable="false" sap:updatable="false" sap:sortable="false"/><Property Name="UniqId" Type="Edm.String" Nullable="false" MaxLength="20" sap:unicode="false" sap:label="Unique ID" sap:creatable="false"
					sap:updatable="false" sap:sortable="false" sap:filterable="false"/><Property Name="OptTyp" Type="Edm.String" Nullable="false" MaxLength="30" sap:unicode="false" sap:label="Opp. Type" sap:creatable="false"
					sap:updatable="false" sap:sortable="false" sap:filterable="false"/><Property Name="Zpspid" Type="Edm.String" Nullable="false" MaxLength="40" sap:unicode="false" sap:label="Project Description"
					sap:creatable="false" sap:updatable="false" sap:sortable="false" sap:filterable="false"/><Property Name="Soldto" Type="Edm.String" Nullable="false" MaxLength="10" sap:unicode="false" sap:label="C1 Sold-To Customer"
					sap:creatable="false" sap:updatable="false" sap:sortable="false" sap:filterable="false"/><Property Name="Guebg" Type="Edm.DateTime" Precision="7" sap:unicode="false" sap:label="Start Date" sap:creatable="false"
					sap:updatable="false" sap:sortable="false" sap:filterable="false"/><Property Name="Gueen" Type="Edm.DateTime" Precision="7" sap:unicode="false" sap:label="End Date" sap:creatable="false"
					sap:updatable="false" sap:sortable="false" sap:filterable="false"/><Property Name="PerResp" Type="Edm.String" Nullable="false" MaxLength="8" sap:unicode="false" sap:label="Person Responsible"
					sap:creatable="false" sap:updatable="false" sap:sortable="false" sap:filterable="false"/><Property Name="Zzpgid" Type="Edm.String" Nullable="false" MaxLength="24" sap:unicode="false" sap:label="Prog/Contract ID"
					sap:creatable="false" sap:updatable="false" sap:sortable="false" sap:filterable="false"/><Property Name="Zzldpcid" Type="Edm.String" Nullable="false" MaxLength="6" sap:unicode="false" sap:label="Lead Practice"
					sap:creatable="false" sap:updatable="false" sap:sortable="false" sap:filterable="false"/><Property Name="OptManag" Type="Edm.String" Nullable="false" MaxLength="10" sap:unicode="false" sap:label="opp.Manager"
					sap:creatable="false" sap:updatable="false" sap:sortable="false" sap:filterable="false"/><Property Name="CaDate" Type="Edm.DateTime" Nullable="false" Precision="7" sap:unicode="false" sap:label="Cntrct.date" sap:creatable="false"
					sap:updatable="false" sap:sortable="false" sap:filterable="false"/><Property Name="ActGm" Type="Edm.String" Nullable="false" MaxLength="8" sap:unicode="false" sap:label="Acc.General Mgnr"
					sap:creatable="false" sap:updatable="false" sap:sortable="false" sap:filterable="false"/><Property Name="BundFlag" Type="Edm.String" Nullable="false" MaxLength="1" sap:unicode="false" sap:label="Bundle Flag" sap:creatable="false"
					sap:updatable="false" sap:sortable="false" sap:filterable="false"/><Property Name="SalStage" Type="Edm.String" Nullable="false" MaxLength="3" sap:unicode="false" sap:label="Sales Stage" sap:creatable="false"
					sap:updatable="false" sap:sortable="false" sap:filterable="false"/><Property Name="ValFlag" Type="Edm.String" Nullable="false" MaxLength="1" sap:unicode="false" sap:label="Validation Flag"
					sap:creatable="false" sap:updatable="false" sap:sortable="false" sap:filterable="false"/><Property Name="ValStatus" Type="Edm.String" MaxLength="10" sap:unicode="false" sap:label="Val.Status" sap:creatable="false"
					sap:updatable="false" sap:sortable="false"/><Property Name="ValDate" Type="Edm.DateTime" Precision="7" sap:unicode="false" sap:label="Val.Date" sap:creatable="false"
					sap:updatable="false" sap:sortable="false" sap:filterable="false"/><Property Name="TimeStamp" Type="Edm.String" Nullable="false" MaxLength="15" sap:unicode="false" sap:label="Timestamp" sap:creatable="false"
					sap:updatable="false" sap:sortable="false" sap:filterable="false"/><Property Name="DelInd" Type="Edm.String" Nullable="false" MaxLength="1" sap:unicode="false" sap:label="Del.ind" sap:creatable="false"
					sap:updatable="false" sap:sortable="false" sap:filterable="false"/><Property Name="DealTyp" Type="Edm.String" Nullable="false" MaxLength="30" sap:unicode="false" sap:label="Deal Type" sap:creatable="false"
					sap:updatable="false" sap:sortable="false" sap:filterable="false"/><Property Name="BillVal" Type="Edm.String" Nullable="false" MaxLength="15" sap:unicode="false" sap:label="Bill Val" sap:creatable="false"
					sap:updatable="false" sap:sortable="false" sap:filterable="false"/><Property Name="Bukrs" Type="Edm.String" Nullable="false" MaxLength="4" sap:unicode="false" sap:label="Company Code" sap:creatable="false"
					sap:updatable="false" sap:sortable="false"/><Property Name="FinAnl" Type="Edm.String" Nullable="false" MaxLength="8" sap:unicode="false" sap:label="Fin.analyst" sap:creatable="false"
					sap:updatable="false" sap:sortable="false" sap:filterable="false"/><Property Name="FinEmil" Type="Edm.String" Nullable="false" MaxLength="35" sap:unicode="false" sap:label="Fin.Analyst Mail"
					sap:creatable="false" sap:updatable="false" sap:sortable="false" sap:filterable="false"/></EntityType>
			<Association Name="Asc_headeroptid_Item" sap:content-version="1"><End Type="ZODATA_OPPORTUNITYID_REQUEST_SRV.Header_opid" Multiplicity="1" Role="FromRole_Asc_headeroptid_Item"/><End Type="ZODATA_OPPORTUNITYID_REQUEST_SRV.Item_Optid" Multiplicity="*" Role="ToRole_Asc_headeroptid_Item"/>
				<ReferentialConstraint>
					<Principal Role="FromRole_Asc_headeroptid_Item"><PropertyRef Name="OptId"/></Principal>
					<Dependent Role="ToRole_Asc_headeroptid_Item"><PropertyRef Name="OptId"/></Dependent>
				</ReferentialConstraint>
			</Association>
			<EntityContainer Name="ZODATA_OPPORTUNITYID_REQUEST_SRV_Entities" m:IsDefaultEntityContainer="true" sap:supported-formats="atom json xlsx"><EntitySet Name="Header_opidSet" EntityType="ZODATA_OPPORTUNITYID_REQUEST_SRV.Header_opid" sap:creatable="false" sap:updatable="false"
				sap:deletable="false" sap:pageable="false" sap:content-version="1"/><EntitySet Name="Item_OptidSet" EntityType="ZODATA_OPPORTUNITYID_REQUEST_SRV.Item_Optid" sap:creatable="false" sap:updatable="false"
				sap:deletable="false" sap:pageable="false" sap:content-version="1"/><EntitySet Name="HEADER_CCODESet" EntityType="ZODATA_OPPORTUNITYID_REQUEST_SRV.HEADER_CCODE" sap:creatable="false" sap:updatable="false"
				sap:deletable="false" sap:pageable="false" sap:content-version="1"/>
				<AssociationSet Name="Asc_headeroptid_ItemSet" Association="ZODATA_OPPORTUNITYID_REQUEST_SRV.Asc_headeroptid_Item" sap:creatable="false"
					sap:updatable="false" sap:deletable="false" sap:content-version="1"><End EntitySet="Header_opidSet" Role="FromRole_Asc_headeroptid_Item"/><End EntitySet="Item_OptidSet" Role="ToRole_Asc_headeroptid_Item"/></AssociationSet>
			</EntityContainer><atom:link xmlns:atom="http://www.w3.org/2005/Atom" rel="self" href="./sap/ZODATA_OPPORTUNITYID_REQUEST_SRV/$metadata"/><atom:link xmlns:atom="http://www.w3.org/2005/Atom" rel="latest-version" href="./sap/ZODATA_OPPORTUNITYID_REQUEST_SRV/$metadata"/></Schema>
	</edmx:DataServices>
</edmx:Edmx>