<core:FragmentDefinition xmlns:core="sap.ui.core" xmlns="sap.m" xmlns:u="sap.ui.unified" xmlns:l="sap.ui.layout">
	<Dialog contentHeight="auto" contentWidth="auto" horizontalScrolling="true" showHeader="true" state="None" stretch="true"
		title="Attachments" type="Standard" verticalScrolling="true" id="idDialog">
		<content>
			<l:VerticalLayout class="sapUiContentPadding" width="100%">
				<l:content>
					<List items="{path : '/toAttach'}" class="sapContrast sapContrastPlus">
						<CustomListItem>
							<HBox>
								<core:Icon size="2rem" src="sap-icon://document" class="sapUiSmallMarginBegin sapUiSmallMarginTopBottom"/>
								<VBox class="sapUiSmallMarginBegin sapUiSmallMarginTopBottom">
									<!--<Link text="{Name}" target="{ProductPicUrl}" press="handlePress"/>-->
									<Label text="{Filename}"/>
									<HBox>
										<FlexBox alignItems="End" justifyContent="End">
											<items>
												<Button text="Download Attachment" enabled="{path: 'Reqid',formatter:'.formatter.AttachBtnEnabled'}" icon="sap-icon://download" type="Accept" press="onDownladAttach"
													class="sapUiSmallMarginBegin"/>
												<Button text="Delete Attachment" icon="sap-icon://delete" type="Reject" press="onDeleteAttach" class="sapUiSmallMarginBegin" enabled="{=${appView>/type} === 'View' ? false : true}"/>
											</items>
										</FlexBox>
									</HBox>
								</VBox>
							</HBox>
						</CustomListItem>
						<!--<FeedListItem sender="{Reqid}" icon="sap-icon://document" -->
						<!--	info="{Mimetype}" -->
						<!--	timestamp="{Ernam}" -->
						<!--	text="{Filename}"-->
						<!--	convertLinksToAnchorTags="All" actions="">-->
						<!--	<FeedListItemAction text="Download" icon="sap-icon://download" key="Add"   press="onDownladAttach"/>-->
						<!--	<FeedListItemAction text="Delete" icon="sap-icon://delete" key="Delete" press="onDeleteAttach"/>-->
						<!--</FeedListItem>-->
						<!--<NotificationListItem-->
						<!--		title="{Filename}"-->
						<!--		description="Type: {Mimetype}"-->
						<!--		showCloseButton="false"-->
						<!--		unread="true"-->
						<!--		priority="None"-->
						<!--		authorName="{Ernam}"-->
						<!--		authorPicture="sap-icon://document">-->
						<!--	<buttons>-->
						<!--		<Button text="Download Attachment" icon="sap-icon://download" type="Accept" press="onDownladAttach"/>-->
						<!--		<Button text="Delete Attachment" icon="sap-icon://delete" type="Reject" press="onDeleteAttach"/>-->
						<!--</buttons>-->
						<!--</NotificationListItem>-->
					</List>
				</l:content>
			</l:VerticalLayout>
		</content>
		<beginButton/>
		<buttons>
			<!--<Button text="Upload" id="idUploadFile" type="Default" iconFirst="true" width="auto"  visible="true" iconDensityAware="false" press="onUploadPress" enabled="true"/>-->
			<Button text="Cancel" type="Default" iconFirst="true" width="auto" enabled="true" visible="true" iconDensityAware="false" press="onCancel"/>
		</buttons>
		<customHeader/>
		<endButton/>
		<subHeader/>
	</Dialog>
</core:FragmentDefinition>