<core:FragmentDefinition xmlns:core="sap.ui.core" xmlns="sap.m" xmlns:f="sap.ui.layout.form" xmlns:u="sap.ui.unified"
	xmlns:l="sap.ui.layout">

	<Dialog contentHeight="auto" contentWidth="50rem" horizontalScrolling="true" showHeader="true" state="None" stretch="false"
		title="Error Information" type="Standard" verticalScrolling="true" draggable="true" id="idDialogpdf1" class="sapContrast sapContrastPlus">
		<content>
			<VBox fitContainer="true">
				<items>
					<Table width="100%"  growing="true" id="errorLog11" items="{ path: '/' }">
						<!--<headerToolbar>-->
						<!--	<OverflowToolbar design="Transparent">-->
						<!--		<content>-->
									<!--<Title textAlign="Begin" text=""/>-->
						<!--			<ToolbarSpacer/>-->
						<!--		</content>-->
						<!--	</OverflowToolbar>-->
						<!--</headerToolbar>-->
						<columns >
							<Column width="4rem">
								<header>
									<Text text="No" width="auto"/>
								</header>
							</Column>
							<Column width="12rem" >
								<header>
									<Text text="Field" width="auto"/>
								</header>
							</Column>
							<Column width="auto" >
								<header>
									<Text text="WBS Element" width="auto"/>
								</header>
							</Column>
							<Column width="auto" >
								<header>
									<Text text="Description" width="auto"/>
								</header>
							</Column>
						</columns>
						<items>
							<ColumnListItem>
								<cells>
									<Text text="{MsgN0}"></Text>
									<Text text="{MsgId}"></Text>
									<Text text="{MSG_WBS}"></Text>
									<Text text="{MsgDes}"></Text>
								</cells>
							</ColumnListItem>
						</items>
					</Table>
				</items>
			</VBox>
		</content>
		<buttons>
			<Button text="Cancel" type="Default" iconFirst="true" width="auto" enabled="true" visible="true" iconDensityAware="false"
				press="onCancel"/>
		</buttons>
	</Dialog>
</core:FragmentDefinition>