<core:FragmentDefinition xmlns:core="sap.ui.core" xmlns="sap.m" xmlns:form="sap.ui.layout.form">
	<Dialog contentHeight="auto" contentWidth="auto" horizontalScrolling="true" showHeader="true" state="None" stretch="false"
		title="Select Project" type="Standard" verticalScrolling="true" id="idIwoOwner">
		<content>
		<form:SimpleForm xmlns:sap.ui.layout.form="sap.ui.layout.form" editable="true" layout="ResponsiveGridLayout" id="__form28">
		<form:content>
			<Label text="Project"></Label>
				<Input
				width="auto"
				id="SpanishID"
				showSuggestion="true"
				placeholder="Search Project(Start with: ES)..."
				showValueHelp="false" suggest="onSuggestSpanish"
				maxSuggestionWidth="500px"
				suggestionItems="{oDataModel>/Search_spanish_ProjheadSet}">
				<core:ListItem key="{oDataModel>Zpspid}" text="{oDataModel>Zpspid}" />
				</Input>
			
		</form:content>
	</form:SimpleForm>
		</content>
		<beginButton/>
		<buttons>
			<!--<Button text="Validate" id="idValidateOwner" type="Default" iconFirst="true" width="auto" enabled="true" visible="true" iconDensityAware="false" press="onOwnerValidate"/>-->
			<Button text="Select Project" id="idSpanishProject" type="Default" iconFirst="true" width="auto" enabled="true" visible="true" iconDensityAware="false" press="onSelectSpanish"/>
			<Button text="Cancel" type="Default" iconFirst="true" width="auto" enabled="true" visible="true" iconDensityAware="false" press="onCancelSpanish"/>
		</buttons>
		<customHeader/>
		<endButton/>
		<subHeader/>
	</Dialog>
</core:FragmentDefinition>