<core:FragmentDefinition xmlns:core="sap.ui.core" xmlns="sap.m" xmlns:u="sap.ui.unified" 	xmlns:l="sap.ui.layout">
	<Dialog contentHeight="auto" contentWidth="auto" horizontalScrolling="true" showHeader="true" state="None" stretch="false"
		title="Upload File" type="Standard" verticalScrolling="true" id="idDialog" >
		<content>
		<l:VerticalLayout class="sapUiResponsiveMargin">
		<u:FileUploader
			id="idFileUploader"
			uploadUrl=""
			tooltip="Upload File"
			uploadComplete="onUploadCompleteIWO"
			style="Emphasized"
			useMultipart="false"
			placeholder="Choose a file for Update..">
			</u:FileUploader>	
		</l:VerticalLayout>			
		</content>
		<beginButton/>
		<buttons>
			<Button text="Upload" id="idUploadFile" type="Default" iconFirst="true" width="auto"  visible="true" iconDensityAware="false" press="onUploadPressIWO" enabled="true"/>
			<Button text="Cancel" type="Default" iconFirst="true" width="auto" enabled="true" visible="true" iconDensityAware="false" press="onCancelIWO"/>
		</buttons>
		<customHeader/>
		<endButton/>
		<subHeader/>
	</Dialog>
</core:FragmentDefinition>


