<core:FragmentDefinition xmlns:core="sap.ui.core" xmlns="sap.m" xmlns:u="sap.ui.unified" 	xmlns:l="sap.ui.layout">
	<Dialog contentHeight="auto" contentWidth="auto" horizontalScrolling="true" showHeader="true" state="None" stretch="false"
		title="{i18n>XTIT_UPLOADFILEDIALOG}" type="Standard" verticalScrolling="true" id="idUploadDialog" >
		<content>
		<l:VerticalLayout class="sapUiResponsiveMargin">
		<u:FileUploader
			id="idFileUploader"
			uploadUrl="/sap/opu/odata/sap/ZODATA_WBS_REQUEST_PH2_SRV/WBSExcel_UploadSet"
			tooltip="{i18n>XTXT_FILETOOLTIP}"
			uploadComplete="onUploadComplete"
			change="onValueChange"
			typeMissmatch="onTypeMissmatch"
			style="Emphasized"
			fileType="xlsx"
			useMultipart="false"
			placeholder="{i18n>XTXT_FILEPLACEHOLDER}">
			</u:FileUploader>	
		</l:VerticalLayout>			
		</content>
		<beginButton/>
		<buttons>
			<Button text="{i18n>XBUT_UPLOADFILE}" id="idUploadFile" type="Default" iconFirst="true" width="auto"  visible="true" iconDensityAware="false" press="onUploadPress" enabled="true"/>
			<Button text="{i18n>XBUT_CAN}" type="Default" iconFirst="true" width="auto" enabled="true" visible="true" iconDensityAware="false" press="onCancel"/>
		</buttons>
		<customHeader/>
		<endButton/>
		<subHeader/>
	</Dialog>
</core:FragmentDefinition>


