<core:FragmentDefinition xmlns:core="sap.ui.core" xmlns="sap.m" xmlns:f="sap.ui.layout.form">
	<Dialog contentHeight="auto" contentWidth="850px" horizontalScrolling="true" showHeader="true" state="None" stretch="false"
		title="{i18n>XTEXT_LINETEXT}" type="Standard" verticalScrolling="true" id="idDialog" draggable="true" resizable="true">
		<content>
			<f:SimpleForm id="idWBSAddFields" editable="true" layout="ResponsiveGridLayout" title="" labelSpanXL="4" labelSpanL="4" labelSpanM="5"
				labelSpanS="12" adjustLabelSpan="false" emptySpanXL="0" emptySpanL="0" emptySpanM="0" emptySpanS="0" columnsXL="2" columnsL="2" columnsM="2"
				singleContainerFullSize="false">
				<f:content>
					<core:Title text=""/>
					<Label text="{i18n>XLBL_for_sDate}" required="false"/>
					<DatePicker width="180px"
						value="{path: 'WbsElem>/PrteEstrt', type: 'sap.ui.model.type.Date', formatOptions: {strictParsing: true , UTC: true}}"
						editable="{=${toItmChngFlg>/PrteEstrt}==='X' ? true : false}" id="idStartDateAddiField1" valueState="None" valueFormat="yyyy-MM-dd"
						change="handleFragDateChangeFore"/>
					<Label text="{i18n>XLBL_for_eDate}" required="false"/>
					<DatePicker value="{path: 'WbsElem>/PrteEende', type: 'sap.ui.model.type.Date', formatOptions: {strictParsing: true , UTC: true}}"
						editable="{=${toItmChngFlg>/PrteEende}==='X' ? true : false}" id="idEnddateAddiField" width="180px" valueState="None" change="onGetWeekDays"/>
					<Label text="{i18n>XLBL_Risk_Indi}"/>
					<CheckBox text="" id="idRiskInd" selected="{WbsElem>/Zzriskind_bool}"/>
					<Label text="{i18n>XLBL_Tim_Track}" required="false"/>
					<ComboBox value="{WbsElem>/Zcats}" id="idTimeTrack" enabled="true" visible="true" valueState="None" maxWidth="100%"
						showSecondaryValues="true" width="180px" change="onGarbageValueDrop" editable="{=${toItmChngFlg>/Zcats}==='X' ? true : false}"
						items="{path:'oDataModel>/Search_Time_TrackingSet', templateShareable : false, sorter : { path : 'Value', group : true }}">
						<core:ListItem text="{oDataModel>Value}" key="{oDataModel>Value}" additionalText="{oDataModel>Descripton}"/>
					</ComboBox>
					<Label text="{i18n>XLBL_Plan_Rev}" required="false"/>
					<ComboBox value="{WbsElem>/ZzPlanWaers}" id="idPlnRevCurr" editable="{=${toItmChngFlg>/ZzPlanWaers}==='X' ? true : false}" enabled="true"
						visible="true" valueState="None" maxWidth="100%" showSecondaryValues="true" width="180px" change="onGarbageValueDrop"
						items="{path:'oDataModel>/Search_Plan_Rev_CurrSet', templateShareable : false }">
						<core:ListItem key="{oDataModel>Waers}" text="{oDataModel>Waers}" additionalText="{oDataModel>Ltext}"/>
					</ComboBox>
					<!--<Label text="{i18n>XLBL_User_Co1}" required="false"/>-->
					<!--<Input value="{WbsElem>/ZzUsr01}" id="idAddUsr01" maxLength="20" liveChange="checkSpecialChars" width="180px"/>-->
					<!--<Label text="{i18n>XLBL_User_Co2}" required="false"/>-->
					<!--<Input value="{WbsElem>/ZzUsr02}" id="idAddUsr02" maxLength="20" liveChange="checkSpecialChars" width="180px"/>-->
					<!--<Label text="{i18n>XLBL_User_Co3}" required="false"/>-->
					<!--<Input value="{WbsElem>/ZzUsr03}" id="idAddUsr03" maxLength="20" liveChange="checkSpecialChars" width="180px"/>-->
					<!--<Label text="{i18n>XLBL_Task_Odr}" required="false"/>-->
					<!--<Input value="{WbsElem>/ZzTaskOrder}" liveChange="checkSpecialChars" maxLength="40" id="idAddTaskOrd" width="180px"/>-->
					<!--<Label text="{i18n>XLABEL_CONTRACT_TYPE}"/>-->
					<!--<ComboBox value="{WbsElem>/ZzGovCtrtype}" id="idContType" editable="{=${toItmChngFlg>/Zcats}==='X' ? true : false}" enabled="true"-->
					<!--	visible="true" valueState="None" maxWidth="100%" showSecondaryValues="true" width="180px" change="onGarbageValueDrop"-->
					<!--	items="{path:'oDataModel>/Search_Gov_Contr_TypeSet', templateShareable : false }">-->
					<!--	<core:ListItem key="{oDataModel>Value}" text="{oDataModel>Value}" additionalText="{oDataModel>Descripton}"/>-->
					<!--</ComboBox>-->
					<Label text="{i18n>XLBL_Embedd_Lease}"/>
					<!--<Input value="{WbsElem>/Usr01}" id="idEmbLease" width="180px"/>-->
					<ComboBox value="{WbsElem>/Usr01}" id="idEmbLease" enabled="true" visible="true" valueState="None" width="180px" change="onGarbageValueDrop"
						showSecondaryValues="true" selectionChange="onInputValidation" editable="{=${toItmChngFlg>/Usr01}==='X' ? true : false}">
						<core:ListItem key="Y" text="Y"/>
					</ComboBox>
					<!--<Label text="{i18n>XLBL_Basic_sDate}" required="false"/>-->
					<!--<DatePicker value="{path: 'WbsElem>/Vbegdat', type: 'sap.ui.model.type.Date', formatOptions: {strictParsing: true , UTC: true}}"-->
					<!--	width="180px" id="idBasicSDate" valueState="None" valueFormat="yyyy-MM-dd" change="handleFragDateChangeBasic"/>-->
					<!--<Label text="{i18n>XLBL_Basic_eDate}" required="false"/>-->
					<!--<DatePicker value="{path: 'WbsElem>/Venddat', type: 'sap.ui.model.type.Date', formatOptions: {strictParsing: true , UTC: true}}"-->
					<!--	width="180px" id="idBasicEDate" valueState="None" valueFormat="yyyy-MM-dd" change="onGetWeekDays"/>-->
					<!--<Label text="{i18n>XLBL_Tsk_Odr_Ctr}"/>-->
					<!--<ComboBox value="{WbsElem>/ZzTaskOrderCat}" id="idTaskOrder"  visible="true" width="180px" valueState="None" maxWidth="100%" change="onGarbageValueDrop"-->
					<!--	showSecondaryValues="true" required="false"  enabled = "true"-->
					<!--	editable="{=${WbsElem>/Zentry_tp}==='E' ? false : ${parts:[{path:'appView>/projType'},{path:'WbsElem>/Stufe'},{path:'appView>/type'}] ,formatter:'.formatter.taskColumnDisabled'}}" class="disablinputPicker">-->
					<!--	<core:ListItem key="P" text="P"/>-->
					<!--	<core:ListItem key="R" text="R"/>-->
					<!--	<core:ListItem key="T" text="T"/>-->
					<!--	<core:ListItem key="" text=""/>-->
					<!--</ComboBox>-->
					<Label text="{i18n>XLBL_BPO}"/>
					<!--<Input value="{WbsElem>/Zz_bpa}" width="180px" id="idBPO" type="Number" maxLength="2"/>-->
					<ComboBox value="{WbsElem>/Zz_bpa}" id="idBPO" enabled="true" visible="true" width="180px" valueState="None" maxWidth="100%"
						showSecondaryValues="true" required="false" change="onGarbageValueDrop" editable="{=${toItmChngFlg>/Zz_bpa}==='X' ? true : false}">
						<core:ListItem key="1" text="1"/>
						<core:ListItem key="2" text="2"/>
					</ComboBox>
					<!--<CheckBox text="{i18n>XLBL_BPO}"/>-->
					<Label text="{i18n>XLBL_Proj_Sub_Pse}"/>
					<ComboBox value="{WbsElem>/Zproj_Subp_Cat_C}" id="idProjSubPhase" enabled="true" visible="true" width="180px" valueState="None"
						change="onGarbageValueDrop" maxWidth="100%" showSecondaryValues="true"
						items="{path:'oDataModel>/Search_Proj_Sub_Phase_CatSet', templateShareable : false }"
						editable="{=${toItmChngFlg>/Zproj_Subp_Cat_C}==='X' ? true : false}">
						<core:ListItem text="{oDataModel>ZprojSubpCatC}" key="{oDataModel>ZprojSubpCatC}"
							additionalText="{oDataModel>ZprojSubphase}-{oDataModel>ZprojSubpCat}"/>
					</ComboBox>
					<Label text="GTM WBS element"/>
					<Input value="{WbsElem>/Zz_gtmwbs}" id="idGTMwbs" maxLength="24" width="180px" 
						editable="{=${toItmChngFlg>/Zz_gtmwbs}==='X' ? true : false}"/>
					<core:Title text=""/>
					<Label text="{i18n>XLBL_C_Type}" required="false"/>
					<ComboBox value="{path: 'WbsElem>/ZzCapPt',formatter:'.formatter.canType'}" id="idCanType"
						editable="{=${toItmChngFlg>/ZzCapPt}==='X' ? true : false}" enabled="true" visible="true" valueState="None" maxWidth="100%"
						showSecondaryValues="true" width="180px" selectionChange="onChangeCanType" change="onGarbageValueDrop"
						items="{path:'oDataModel>/Search_CAN_TypeSet', templateShareable : false }">
						<core:ListItem key="{oDataModel>ZzCapPt}" text="{oDataModel>ZzPtcodeText}" additionalText="{oDataModel>ZzCapPt}"/>
					</ComboBox>
					<Label text="{i18n>XLBL_For_Cast_str}"/>
					<ComboBox value="{WbsElem>/ZzStrategy}" id="idForCastStr" editable="{=${toItmChngFlg>/ZzStrategy}==='X' ? true : false}" enabled="true"
						visible="true" valueState="None" maxWidth="100%" showSecondaryValues="true" width="180px" selectionChange="onInputValidation"
						items="{path:'oDataModel>/Search_Forecasting_StrategySet', templateShareable : false }" change="onGarbageValueDrop">
						<core:ListItem key="{oDataModel>ZzStrategy}" text="{oDataModel>ZzStrategy}" additionalText="{oDataModel>ZzStrcodeText}"/>
					</ComboBox>
					<Label text="{i18n>XLBL_Priori}"/>
					<!--<Input value="{WbsElem>/Pspri}" width="180px" id="idPriority"/>-->
					<ComboBox value="{path: 'WbsElem>/Pspri',formatter:'.formatter.PriorityData'}" id="idPriority" enabled="true" visible="true" width="180px"
						editable="{=${toItmChngFlg>/Pspri}==='X' ? true : false}" valueState="None" maxWidth="100%" showSecondaryValues="true" required="false"
						selectionChange="onInputValidation" change="onGarbageValueDrop">
						<core:ListItem key="1" text="1 CONTRACT-PENALTY" additionalText="CONTRACTUALLY REQUIRED, TIME SPECIFIC, PREVENTS SLA PENALTIES"/>
						<core:ListItem key="2" text="2 CONTRACT-NOPENALTY" additionalText="CONTRACTUALLY REQUIRED, NOT TIME SPECIFIC, NO SLA PENALTIES"/>
						<core:ListItem key="3" text="3 HIGH" additionalText="NON-CONTRACTUAL OF HIGH IMPORTANCE"/>
						<core:ListItem key="4" text="4 MEDIUM" additionalText="NON-CONTRACTUAL OF MEDIUM IMPORTANCE"/>
						<core:ListItem key="5" text="5 LOW" additionalText="NON-CONTRACTUAL OF LOW IMPORTANCE"/>
						<core:ListItem key="6" text="6 UNSIGNED GROWTH" additionalText="UNSIGNED NEW SERVICE TO EXISTING OR NEW CLIENT"/>
					</ComboBox>
					<Label text="{i18n>XLBL_Rev_CC_trt}"/>
					<ComboBox value="{WbsElem>/ZzCapRat}" id="idCapRat" enabled="true" visible="true" width="180px" selectionChange="onInputValidation"
						editable="{=${toItmChngFlg>/ZzCapRat}==='X' ? true : false}" valueState="None" maxWidth="100%" showSecondaryValues="true" required="false"
						change="onGarbageValueDrop">
						<core:ListItem key="GROSS" text="GROSS"/>
						<core:ListItem key="NET" text="NET"/>
					</ComboBox>
					<!--<Input value="{WbsElem>/ZzCapRat}" width="180px" id="idCapRat"/>-->
					<Label text="{i18n>XLBL_Markup}"/>
					<Input value="{WbsElem>/ZzMarkup}" width="180px" id="idMarkup" maxLength="3" liveChange="onNoValidation"/>
					<Label text="{i18n>XLBL_POC}"/>
					<!--<Input value="{WbsElem>/ZzPtContact}" liveChange="checkSpecialChars" id="idAddPOC" type="Email" width="180px"/>-->
					<Input value="{WbsElem>/ZzPtContact}" id="idAddPOC" valueState="None" showSuggestion="true" width="180px" liveChange="onInputValidation"
						suggestionItems="{ path: 'oDataModel>/Search_EmailSet', templateShareable:false}" suggest="onSuggestionPOC" change="onGarbageValue"
						editable="{=${toItmChngFlg>/ZzPtContact}==='X' ? true : false}" filterSuggests="false">
						<core:ListItem key="{oDataModel>Email}" text="{oDataModel>Email}"/>
					</Input>
					<Label text="{i18n>XLBL_Asst_Typ}"/>
					<ComboBox value="{WbsElem>/ZzAtcode}" id="idAsstType" editable="{=${toItmChngFlg>/ZzAtcode}==='X' ? true : false}" enabled="true"
						visible="true" valueState="None" maxWidth="100%" showSecondaryValues="true" width="180px" change="onGarbageValueDrop"
						selectionChange="onInputValidation" items="{path:'oDataModel>/Search_Asset_TypeSet', templateShareable : false }">
						<core:ListItem key="{oDataModel>ZzAtcode}" text="{oDataModel>ZzAtcode}" additionalText="{oDataModel>ZzAtcodeText}"/>
					</ComboBox>
					<!--value="{WbsElem>/ZzFinalFo}" -->
					<Label text="{i18n>XLBL_Fin_opt}"/>
					<ComboBox value="{WbsElem>/Zz_focode}" id="idFinOpt" editable="{=${toItmChngFlg>/Zz_focode}==='X' ? true : false}" enabled="true"
						visible="true" valueState="None" maxWidth="100%" showSecondaryValues="true" width="180px" change="onGarbageValueDrop"
						selectionChange="onInputValidation" items="{path:'oDataModel>/Search_Financing_OptionSet', templateShareable : false }">
						<core:ListItem key="{oDataModel>ZzFocode}" text="{oDataModel>ZzFocode}" additionalText="{oDataModel>ZzFocodeText}"/>
					</ComboBox>
					<Label text="{i18n>XLBL_Vebdr}"/>
					<ComboBox value="{WbsElem>/Zz_vrcode}" id="idVendr" editable="{=${toItmChngFlg>/Zz_vrcode}==='X' ? true : false}" enabled="true"
						visible="true" valueState="None" maxWidth="100%" showSecondaryValues="true" width="180px" selectionChange="onInputValidation"
						change="onGarbageValueDrop" items="{path:'oDataModel>/Search_WBS_VendorSet', templateShareable : false }">
						<core:ListItem key="{oDataModel>Zz_vrcode}" text="{oDataModel>Zz_vrcode}" additionalText="{oDataModel>Zz_vrcode_text}"/>
					</ComboBox>
					
					
				</f:content>
			</f:SimpleForm>
		</content>
		<beginButton/>
		<buttons>
			<Button text="{i18n>XBUT_Save}" type="Default" id="idSavePopUpBtn" iconFirst="true" width="auto" enabled="true" visible="true"
				iconDensityAware="false" press="onAutopopulateAddiSave"/>
			<Button text="{i18n>XBUT_CAN}" type="Default" iconFirst="true" width="auto" enabled="true" visible="true" iconDensityAware="false"
				press="onCancel"/>
		</buttons>
		<customHeader/>
		<endButton/>
		<subHeader/>
	</Dialog>
</core:FragmentDefinition>