<edmx:Edmx xmlns:edmx="http://schemas.microsoft.com/ado/2007/06/edmx"
	xmlns:m="http://schemas.microsoft.com/ado/2007/08/dataservices/metadata" xmlns:sap="http://www.sap.com/Protocols/SAPData" Version="1.0">
	<edmx:DataServices m:DataServiceVersion="2.0">
		<Schema xmlns="http://schemas.microsoft.com/ado/2008/09/edm" Namespace="ZODATA_IWO_REQUEST_SRV" xml:lang="en" sap:schema-version="1">
			<EntityType Name="IWOFileUpload" m:HasStream="true" sap:content-version="1">
				<Key><PropertyRef Name="Uploadid"/></Key><Property Name="Uploadid" Type="Edm.String" Nullable="false" MaxLength="32" sap:unicode="false" sap:label="Upload ID" sap:creatable="false"
					sap:updatable="false" sap:sortable="false" sap:filterable="false"/><Property Name="Requestid" Type="Edm.String" MaxLength="32" sap:unicode="false" sap:label="RequestID" sap:creatable="false"
					sap:updatable="false" sap:sortable="false" sap:filterable="false"/><Property Name="Iwo" Type="Edm.String" MaxLength="24" sap:unicode="false" sap:label="IWO" sap:creatable="false" sap:updatable="false"
					sap:sortable="false" sap:filterable="false"/><NavigationProperty Name="toError" Relationship="ZODATA_IWO_REQUEST_SRV.UploadError" FromRole="FromRole_UploadError"
					ToRole="ToRole_UploadError"/></EntityType>
			<EntityType Name="SearchEmployee" sap:content-version="1">
				<Key><PropertyRef Name="Bukrs"/><PropertyRef Name="Pernr"/></Key><Property Name="Bukrs" Type="Edm.String" Nullable="false" MaxLength="4" sap:unicode="false" sap:label="Company Code" sap:creatable="false"
					sap:updatable="false" sap:sortable="false"/><Property Name="Pernr" Type="Edm.String" Nullable="false" MaxLength="8" sap:unicode="false" sap:label="Personnel No." sap:creatable="false"
					sap:updatable="false" sap:sortable="false"/><Property Name="Cname" Type="Edm.String" Nullable="false" MaxLength="81" sap:unicode="false" sap:label="CNAME" sap:creatable="false"
					sap:updatable="false" sap:sortable="false"/><Property Name="Email" Type="Edm.String" Nullable="false" MaxLength="241" sap:unicode="false" sap:label="Email" sap:creatable="false"
					sap:updatable="false" sap:sortable="false"/><Property Name="Zsystem" Type="Edm.String" Nullable="false" MaxLength="10" sap:unicode="false" sap:label="Ext.System" sap:creatable="false"
					sap:updatable="false" sap:sortable="false"/></EntityType>
			<EntityType Name="IWOManage" sap:content-version="1">
				<Key><PropertyRef Name="RequestID"/><PropertyRef Name="Iwono"/></Key><Property Name="RequestID" Type="Edm.String" Nullable="false" MaxLength="32" sap:unicode="false" sap:label="Request ID"
					sap:creatable="false" sap:updatable="false" sap:sortable="false" sap:filterable="false"/><Property Name="Iwono" Type="Edm.String" Nullable="false" MaxLength="24" sap:unicode="false" sap:label="IWO" sap:creatable="false"
					sap:updatable="false" sap:sortable="false"/><Property Name="owner" Type="Edm.String" Nullable="false" MaxLength="8" sap:unicode="false" sap:label="IWO Owner" sap:creatable="false"
					sap:sortable="false" sap:filterable="false"/><Property Name="Masterwbs" Type="Edm.String" Nullable="false" MaxLength="24" sap:unicode="false" sap:label="WBS element"
					sap:creatable="false" sap:updatable="false" sap:sortable="false" sap:filterable="false"/><Property Name="Childwbs" Type="Edm.String" Nullable="false" MaxLength="24" sap:unicode="false" sap:label="WBS element"
					sap:creatable="false" sap:updatable="false" sap:sortable="false" sap:filterable="false"/><Property Name="Masterwbscocode" Type="Edm.String" Nullable="false" MaxLength="4" sap:unicode="false" sap:label="Orig.Co.Code"
					sap:creatable="false" sap:updatable="false" sap:sortable="false" sap:filterable="false"/><Property Name="Empcocode" Type="Edm.String" Nullable="false" MaxLength="4" sap:unicode="false" sap:label="Perf.Co.Code"
					sap:creatable="false" sap:updatable="false" sap:sortable="false" sap:filterable="false"/><Property Name="Clientname" Type="Edm.String" Nullable="false" MaxLength="40" sap:unicode="false" sap:label="Name" sap:creatable="false"
					sap:updatable="false" sap:sortable="false" sap:filterable="false"/><Property Name="Projectname" Type="Edm.String" Nullable="false" MaxLength="40" sap:unicode="false" sap:label="Description"
					sap:creatable="false" sap:updatable="false" sap:sortable="false" sap:filterable="false"/><Property Name="Submitter" Type="Edm.String" Nullable="false" MaxLength="8" sap:unicode="false" sap:label="Submitter" sap:creatable="false"
					sap:updatable="false" sap:sortable="false" sap:filterable="false"/><Property Name="Approver" Type="Edm.String" Nullable="false" MaxLength="200" sap:unicode="false" sap:label="Text (200 char)"
					sap:creatable="false" sap:updatable="false" sap:sortable="false" sap:filterable="false"/><Property Name="Performingmanager" Type="Edm.String" Nullable="false" MaxLength="200" sap:unicode="false" sap:label="Text (200 char)"
					sap:creatable="false" sap:updatable="false" sap:sortable="false" sap:filterable="false"/><Property Name="Status" Type="Edm.String" Nullable="false" MaxLength="5" sap:unicode="false" sap:label="User status" sap:creatable="false"
					sap:updatable="false" sap:sortable="false" sap:filterable="false"/><Property Name="StatusTxt" Type="Edm.String" Nullable="false" MaxLength="60" sap:unicode="false" sap:label="Status Description"
					sap:creatable="false" sap:updatable="false" sap:sortable="false" sap:filterable="false"/><Property Name="Startdate" Type="Edm.DateTime" Precision="7" sap:unicode="false" sap:label="Start Date" sap:creatable="false"
					sap:updatable="false" sap:sortable="false" sap:filterable="false"/><Property Name="Enddate" Type="Edm.DateTime" Precision="7" sap:unicode="false" sap:label="End Date" sap:creatable="false"
					sap:updatable="false" sap:sortable="false" sap:filterable="false"/><Property Name="Totalestcost" Type="Edm.Decimal" Nullable="false" Precision="22" Scale="3" sap:unicode="false" sap:label="Cost Amount"
					sap:creatable="false" sap:updatable="false" sap:sortable="false" sap:filterable="false"/><Property Name="Datesubmitted" Type="Edm.DateTime" Precision="7" sap:unicode="false" sap:label="Created on" sap:creatable="false"
					sap:updatable="false" sap:sortable="false" sap:filterable="false"/><Property Name="Editable" Type="Edm.String" Nullable="false" MaxLength="1" sap:unicode="false" sap:label="Editable" sap:creatable="false"
					sap:updatable="false" sap:sortable="false" sap:filterable="false"/><Property Name="Allowrev" Type="Edm.String" Nullable="false" MaxLength="1" sap:unicode="false" sap:label="ALLOWREV" sap:creatable="false"
					sap:updatable="false" sap:sortable="false" sap:filterable="false"/><Property Name="Chgowner" Type="Edm.String" Nullable="false" MaxLength="1" sap:unicode="false" sap:label="Chgowner" sap:creatable="false"
					sap:updatable="false" sap:sortable="false" sap:filterable="false"/></EntityType>
			<EntityType Name="SearchCompany" sap:content-version="1">
				<Key><PropertyRef Name="Bukrs"/></Key><Property Name="Bukrs" Type="Edm.String" Nullable="false" MaxLength="4" sap:unicode="false" sap:label="CoCode" sap:creatable="false"
					sap:updatable="false" sap:sortable="false" sap:filterable="false"/><Property Name="Butxt" Type="Edm.String" Nullable="false" MaxLength="25" sap:unicode="false" sap:label="CoName" sap:creatable="false"
					sap:updatable="false" sap:sortable="false" sap:filterable="false"/><Property Name="System" Type="Edm.String" Nullable="false" MaxLength="10" sap:unicode="false" sap:label="System" sap:creatable="false"
					sap:updatable="false" sap:sortable="false" sap:filterable="false"/><Property Name="AdminGrp" Type="Edm.String" Nullable="false" MaxLength="10" sap:unicode="false" sap:label="AdminGrpID" sap:creatable="false"
					sap:updatable="false" sap:sortable="false" sap:filterable="false"/></EntityType>
			<EntityType Name="SearchMasterWBS" sap:content-version="1">
				<Key><PropertyRef Name="MasterWBS"/></Key><Property Name="MasterWBS" Type="Edm.String" Nullable="false" MaxLength="24" sap:unicode="false" sap:label="MasterWBS" sap:creatable="false"
					sap:updatable="false" sap:sortable="false" sap:filterable="false"/><Property Name="CompCode" Type="Edm.String" Nullable="false" MaxLength="4" sap:unicode="false" sap:label="CompanyCode" sap:creatable="false"
					sap:updatable="false" sap:sortable="false" sap:filterable="false"/><Property Name="ProjName" Type="Edm.String" Nullable="false" MaxLength="40" sap:unicode="false" sap:label="Project Name"
					sap:creatable="false" sap:updatable="false" sap:sortable="false" sap:filterable="false"/><Property Name="ClientName" Type="Edm.String" Nullable="false" MaxLength="40" sap:unicode="false" sap:label="Client Name"
					sap:creatable="false" sap:updatable="false" sap:sortable="false" sap:filterable="false"/></EntityType>
			<EntityType Name="SearchProfitCentre" sap:content-version="1">
				<Key><PropertyRef Name="ProfitCentre"/></Key><Property Name="ProfitCentre" Type="Edm.String" Nullable="false" MaxLength="10" sap:unicode="false" sap:label="ProfitCentre"
					sap:creatable="false" sap:updatable="false" sap:sortable="false"/><Property Name="CoCode" Type="Edm.String" Nullable="false" MaxLength="4" sap:unicode="false" sap:label="CompanyCode" sap:creatable="false"
					sap:updatable="false" sap:sortable="false" sap:filterable="false"/><Property Name="ShortText" Type="Edm.String" Nullable="false" MaxLength="20" sap:unicode="false" sap:label="ShortText" sap:creatable="false"
					sap:updatable="false" sap:sortable="false" sap:filterable="false"/></EntityType>
			<EntityType Name="SearchIWOBasic" sap:content-version="1">
				<Key><PropertyRef Name="IWO"/></Key><Property Name="IWO" Type="Edm.String" Nullable="false" MaxLength="24" sap:unicode="false" sap:label="IWO" sap:creatable="false"
					sap:updatable="false" sap:sortable="false" sap:filterable="false"/><Property Name="Originator" Type="Edm.String" Nullable="false" MaxLength="8" sap:unicode="false" sap:label="Originator"
					sap:creatable="false" sap:updatable="false" sap:sortable="false" sap:filterable="false"/><Property Name="Owner" Type="Edm.String" Nullable="false" MaxLength="8" sap:unicode="false" sap:label="Owner" sap:creatable="false"
					sap:updatable="false" sap:sortable="false" sap:filterable="false"/><Property Name="ProjectName" Type="Edm.String" Nullable="false" MaxLength="40" sap:unicode="false" sap:label="ProjectName"
					sap:creatable="false" sap:updatable="false" sap:sortable="false" sap:filterable="false"/><Property Name="ClientName" Type="Edm.String" Nullable="false" MaxLength="40" sap:unicode="false" sap:label="Client Name"
					sap:creatable="false" sap:updatable="false" sap:sortable="false" sap:filterable="false"/><Property Name="StatusCode" Type="Edm.String" Nullable="false" MaxLength="4" sap:unicode="false" sap:label="Status Code"
					sap:creatable="false" sap:updatable="false" sap:sortable="false" sap:filterable="false"/><Property Name="StatusText" Type="Edm.String" Nullable="false" MaxLength="60" sap:unicode="false" sap:label="Status Text"
					sap:creatable="false" sap:updatable="false" sap:sortable="false" sap:filterable="false"/></EntityType>
			<EntityType Name="SearchIWOApprover" sap:content-version="1">
				<Key><PropertyRef Name="Approver"/><PropertyRef Name="IWO"/></Key><Property Name="Approver" Type="Edm.String" Nullable="false" MaxLength="8" sap:unicode="false" sap:label="Approver" sap:creatable="false"
					sap:updatable="false" sap:sortable="false" sap:filterable="false"/><Property Name="IWO" Type="Edm.String" Nullable="false" MaxLength="24" sap:unicode="false" sap:label="IWO" sap:creatable="false"
					sap:updatable="false" sap:sortable="false" sap:filterable="false"/><Property Name="ApproverName" Type="Edm.String" Nullable="false" MaxLength="80" sap:unicode="false" sap:label="Approver Name"
					sap:creatable="false" sap:updatable="false" sap:sortable="false" sap:filterable="false"/></EntityType>
			<EntityType Name="SearchIndiaLocation" sap:content-version="1">
				<Key><PropertyRef Name="CoCode"/><PropertyRef Name="LocationCode"/></Key><Property Name="CoCode" Type="Edm.String" Nullable="false" MaxLength="5" sap:unicode="false" sap:label="Company Code" sap:creatable="false"
					sap:updatable="false" sap:sortable="false" sap:filterable="false"/><Property Name="LocationCode" Type="Edm.String" Nullable="false" MaxLength="10" sap:unicode="false" sap:label="STPI Name"
					sap:creatable="false" sap:updatable="false" sap:sortable="false" sap:filterable="false"/><Property Name="LocationTxt" Type="Edm.String" Nullable="false" MaxLength="50" sap:unicode="false" sap:label="STPI Location"
					sap:creatable="false" sap:updatable="false" sap:sortable="false" sap:filterable="false"/></EntityType>
			<EntityType Name="IWOAttach" m:HasStream="true" sap:content-version="1">
				<Key><PropertyRef Name="AttachID"/><PropertyRef Name="Iwo"/></Key><Property Name="AttachID" Type="Edm.String" Nullable="false" MaxLength="10" sap:unicode="false" sap:label="AttachID" sap:creatable="false"
					sap:updatable="false" sap:sortable="false" sap:filterable="false"/><Property Name="Iwo" Type="Edm.String" Nullable="false" MaxLength="24" sap:unicode="false" sap:label="IWO" sap:creatable="false"
					sap:updatable="false" sap:sortable="false" sap:filterable="false"/><Property Name="Filename" Type="Edm.String" Nullable="false" MaxLength="100" sap:unicode="false" sap:label="Character 100"
					sap:creatable="false" sap:updatable="false" sap:sortable="false" sap:filterable="false"/><Property Name="Sydate" Type="Edm.DateTime" Nullable="false" Precision="7" sap:unicode="false" sap:label="Current Date"
					sap:creatable="false" sap:updatable="false" sap:sortable="false" sap:filterable="false"/><Property Name="Sytime" Type="Edm.Time" Nullable="false" Precision="0" sap:unicode="false" sap:label="Time" sap:creatable="false"
					sap:updatable="false" sap:sortable="false" sap:filterable="false"/><Property Name="Value" Type="Edm.Binary" Nullable="false" sap:unicode="false" sap:label="Binary String" sap:creatable="false"
					sap:updatable="false" sap:sortable="false" sap:filterable="false"/><Property Name="Mimetype" Type="Edm.String" Nullable="false" MaxLength="100" sap:unicode="false" sap:label="Character 100"
					sap:creatable="false" sap:updatable="false" sap:sortable="false" sap:filterable="false"/><NavigationProperty Name="toLines" Relationship="ZODATA_IWO_REQUEST_SRV.IwoAttachtoLine" FromRole="FromRole_IwoAttachtoLine"
					ToRole="ToRole_IwoAttachtoLine"/></EntityType>
			<EntityType Name="SearchIWOEmp" sap:content-version="1">
				<Key><PropertyRef Name="Iwo"/></Key><Property Name="Iwo" Type="Edm.String" Nullable="false" MaxLength="24" sap:unicode="false" sap:label="IWO" sap:creatable="false"
					sap:updatable="false" sap:sortable="false" sap:filterable="false"/><Property Name="Empname" Type="Edm.String" Nullable="false" MaxLength="80" sap:unicode="false" sap:label="EMPNAME" sap:creatable="false"
					sap:updatable="false" sap:sortable="false" sap:filterable="false"/><Property Name="StartDate" Type="Edm.DateTime" Precision="7" sap:unicode="false" sap:label="STARTDATE" sap:creatable="false"
					sap:updatable="false" sap:sortable="false" sap:filterable="false"/><Property Name="EndDate" Type="Edm.DateTime" Precision="7" sap:unicode="false" sap:label="ENDDATE" sap:creatable="false"
					sap:updatable="false" sap:sortable="false" sap:filterable="false"/><Property Name="OrigBukrs" Type="Edm.String" Nullable="false" MaxLength="4" sap:unicode="false" sap:label="ORIGBUKRS" sap:creatable="false"
					sap:updatable="false" sap:sortable="false" sap:filterable="false"/><Property Name="ChildBukrs" Type="Edm.String" Nullable="false" MaxLength="4" sap:unicode="false" sap:label="CHILDBUKRS"
					sap:creatable="false" sap:updatable="false" sap:sortable="false" sap:filterable="false"/><Property Name="ComCodeText" Type="Edm.String" Nullable="false" MaxLength="100" sap:unicode="false" sap:label="COMCODETEXT"
					sap:creatable="false" sap:updatable="false" sap:sortable="false" sap:filterable="false"/><Property Name="OrigBukrsTexts" Type="Edm.String" Nullable="false" MaxLength="100" sap:unicode="false" sap:label="ORIGBUKRSTEXTS"
					sap:creatable="false" sap:updatable="false" sap:sortable="false" sap:filterable="false"/><Property Name="PerfBukrsTexts" Type="Edm.String" Nullable="false" MaxLength="80" sap:unicode="false" sap:label="PERFBUKRSTEXTS"
					sap:creatable="false" sap:updatable="false" sap:sortable="false" sap:filterable="false"/><Property Name="OrigWBS" Type="Edm.String" Nullable="false" MaxLength="24" sap:unicode="false" sap:label="ORIGWBS" sap:creatable="false"
					sap:updatable="false" sap:sortable="false" sap:filterable="false"/><Property Name="PerfWBS" Type="Edm.String" Nullable="false" MaxLength="24" sap:unicode="false" sap:label="PERFWBS" sap:creatable="false"
					sap:updatable="false" sap:sortable="false" sap:filterable="false"/></EntityType>
			<EntityType Name="IWOLabor1_Jobcat_SH" sap:content-version="1">
				<Key><PropertyRef Name="JobCat"/><PropertyRef Name="JobSubcat"/></Key><Property Name="JobCat" Type="Edm.String" Nullable="false" MaxLength="7" sap:unicode="false" sap:label="Job Categry Code"
					sap:creatable="false" sap:updatable="false" sap:sortable="false" sap:filterable="false"/><Property Name="JobSubcat" Type="Edm.String" Nullable="false" MaxLength="7" sap:unicode="false" sap:label="JobSubCatCode"
					sap:creatable="false" sap:updatable="false" sap:sortable="false" sap:filterable="false"/><Property Name="JobCatTxt" Type="Edm.String" Nullable="false" MaxLength="100" sap:unicode="false" sap:label="Text" sap:creatable="false"
					sap:updatable="false" sap:sortable="false" sap:filterable="false"/><Property Name="JobSubCatTxt" Type="Edm.String" Nullable="false" MaxLength="100" sap:unicode="false" sap:label="Text" sap:creatable="false"
					sap:updatable="false" sap:sortable="false" sap:filterable="false"/></EntityType>
			<EntityType Name="IWOLabor2_Jobcat_SH" sap:content-version="1">
				<Key><PropertyRef Name="JobCat"/><PropertyRef Name="JobSubcat"/></Key><Property Name="JobCat" Type="Edm.String" Nullable="false" MaxLength="7" sap:unicode="false" sap:label="Job Categry Code"
					sap:creatable="false" sap:updatable="false" sap:sortable="false" sap:filterable="false"/><Property Name="JobSubcat" Type="Edm.String" Nullable="false" MaxLength="7" sap:unicode="false" sap:label="JobSubCatCode"
					sap:creatable="false" sap:updatable="false" sap:sortable="false" sap:filterable="false"/><Property Name="JobCatTxt" Type="Edm.String" Nullable="false" MaxLength="100" sap:unicode="false" sap:label="Text" sap:creatable="false"
					sap:updatable="false" sap:sortable="false" sap:filterable="false"/><Property Name="JobSubCatTxt" Type="Edm.String" Nullable="false" MaxLength="100" sap:unicode="false" sap:label="Text" sap:creatable="false"
					sap:updatable="false" sap:sortable="false" sap:filterable="false"/></EntityType>
			<EntityType Name="IWOOther_Jobcat_SH" sap:content-version="1">
				<Key><PropertyRef Name="CostCat"/><PropertyRef Name="CostSubcat"/></Key><Property Name="CostCat" Type="Edm.String" Nullable="false" MaxLength="7" sap:unicode="false" sap:label="Job Categry Code"
					sap:creatable="false" sap:updatable="false" sap:sortable="false" sap:filterable="false"/><Property Name="CostSubcat" Type="Edm.String" Nullable="false" MaxLength="7" sap:unicode="false" sap:label="JobSubCatCode"
					sap:creatable="false" sap:updatable="false" sap:sortable="false" sap:filterable="false"/><Property Name="CostCatTxt" Type="Edm.String" Nullable="false" MaxLength="100" sap:unicode="false" sap:label="Text" sap:creatable="false"
					sap:updatable="false" sap:sortable="false" sap:filterable="false"/><Property Name="CostSubCatTxt" Type="Edm.String" Nullable="false" MaxLength="100" sap:unicode="false" sap:label="Text" sap:creatable="false"
					sap:updatable="false" sap:sortable="false" sap:filterable="false"/></EntityType>
			<EntityType Name="IWODelegation" sap:content-version="1">
				<Key><PropertyRef Name="Delegation_ID"/><PropertyRef Name="Approver"/></Key><Property Name="Delegation_ID" Type="Edm.String" Nullable="false" MaxLength="10" sap:unicode="false" sap:label="Delegation ID"
					sap:updatable="false" sap:sortable="false" sap:filterable="false"/><Property Name="Approver" Type="Edm.String" Nullable="false" MaxLength="8" sap:unicode="false" sap:label="Personnel No."
					sap:updatable="false" sap:sortable="false" sap:filterable="false"/><Property Name="Fromdate" Type="Edm.DateTime" Precision="0" sap:unicode="false" sap:label="Date" sap:updatable="false" sap:sortable="false"
					sap:filterable="false"/><Property Name="Todate" Type="Edm.DateTime" Precision="0" sap:unicode="false" sap:label="Date" sap:updatable="false" sap:sortable="false"
					sap:filterable="false"/><Property Name="Substitutedeligateto" Type="Edm.String" Nullable="false" MaxLength="8" sap:unicode="false" sap:label="Personnel No."
					sap:updatable="false" sap:sortable="false" sap:filterable="false"/></EntityType>
			<EntityType Name="IWORequest" sap:content-version="1">
				<Key><PropertyRef Name="Requestid"/><PropertyRef Name="Iwo"/></Key><Property Name="Requestid" Type="Edm.String" Nullable="false" MaxLength="32" sap:unicode="false" sap:label="RequestID" sap:creatable="false"
					sap:updatable="false" sap:sortable="false" sap:filterable="false"/><Property Name="Iwo" Type="Edm.String" Nullable="false" MaxLength="24" sap:unicode="false" sap:label="IWO" sap:creatable="false"
					sap:updatable="false" sap:sortable="false" sap:filterable="false"/><Property Name="Originator" Type="Edm.String" Nullable="false" MaxLength="8" sap:unicode="false" sap:label="User Name" sap:creatable="false"
					sap:updatable="false" sap:sortable="false" sap:filterable="false"/><Property Name="OriginatorName" Type="Edm.String" Nullable="false" MaxLength="80" sap:unicode="false" sap:label="Originator name"
					sap:creatable="false" sap:updatable="false" sap:sortable="false" sap:filterable="false"/><Property Name="Owner" Type="Edm.String" MaxLength="8" sap:unicode="false" sap:label="User Name" sap:creatable="false" sap:updatable="false"
					sap:sortable="false" sap:filterable="false"/><Property Name="OwnerName" Type="Edm.String" Nullable="false" MaxLength="80" sap:unicode="false" sap:label="Owner Name"
					sap:creatable="false" sap:updatable="false" sap:sortable="false" sap:filterable="false"/><Property Name="Submitter" Type="Edm.String" Nullable="false" MaxLength="8" sap:unicode="false" sap:label="Submitter" sap:creatable="false"
					sap:updatable="false" sap:sortable="false" sap:filterable="false"/><Property Name="SubmitterName" Type="Edm.String" Nullable="false" MaxLength="80" sap:unicode="false" sap:label="Submitter Name"
					sap:creatable="false" sap:updatable="false" sap:sortable="false" sap:filterable="false"/><Property Name="ProjectName" Type="Edm.String" Nullable="false" MaxLength="40" sap:unicode="false" sap:label="Description"
					sap:creatable="false" sap:updatable="false" sap:sortable="false" sap:filterable="false"/><Property Name="ClientName" Type="Edm.String" Nullable="false" MaxLength="40" sap:unicode="false" sap:label="Name" sap:creatable="false"
					sap:updatable="false" sap:sortable="false" sap:filterable="false"/><Property Name="Rev_Reason" Type="Edm.String" Nullable="false" MaxLength="60" sap:unicode="false" sap:label="RevisionReason"
					sap:creatable="false" sap:updatable="false" sap:sortable="false" sap:filterable="false"/><Property Name="Send_Back_Reason" Type="Edm.String" Nullable="false" MaxLength="60" sap:unicode="false" sap:label="Send_Back_Reason"
					sap:creatable="false" sap:sortable="false" sap:filterable="false"/><Property Name="IWOAdmin" Type="Edm.String" Nullable="false" MaxLength="10" sap:unicode="false" sap:label="IWOAdmin" sap:creatable="false"
					sap:updatable="false" sap:sortable="false" sap:filterable="false"/><Property Name="AdminName" Type="Edm.String" Nullable="false" MaxLength="80" sap:unicode="false" sap:label="Admin Name"
					sap:creatable="false" sap:updatable="false" sap:sortable="false" sap:filterable="false"/><Property Name="ProjManager" Type="Edm.String" Nullable="false" MaxLength="200" sap:unicode="false" sap:label="Text (200 char)"
					sap:creatable="false" sap:updatable="false" sap:sortable="false" sap:filterable="false"/><Property Name="ProjectManagerName" Type="Edm.String" Nullable="false" MaxLength="200" sap:unicode="false" sap:label="ProjectManager"
					sap:creatable="false" sap:updatable="false" sap:sortable="false" sap:filterable="false"/><Property Name="PerfManager" Type="Edm.String" Nullable="false" MaxLength="200" sap:unicode="false" sap:label="Text (200 char)"
					sap:creatable="false" sap:updatable="false" sap:sortable="false" sap:filterable="false"/><Property Name="Action" Type="Edm.String" Nullable="false" MaxLength="10" sap:unicode="false" sap:label="Action" sap:creatable="false"
					sap:updatable="false" sap:sortable="false" sap:filterable="false"/><Property Name="Estat" Type="Edm.String" Nullable="false" MaxLength="5" sap:unicode="false" sap:label="User status" sap:creatable="false"
					sap:updatable="false" sap:sortable="false" sap:filterable="false"/><Property Name="EstatTxt" Type="Edm.String" Nullable="false" MaxLength="60" sap:unicode="false" sap:label="StatusText" sap:creatable="false"
					sap:updatable="false" sap:sortable="false" sap:filterable="false"/><Property Name="Editable" Type="Edm.String" Nullable="false" MaxLength="1" sap:unicode="false" sap:label="Fields editable"
					sap:creatable="false" sap:updatable="false" sap:sortable="false" sap:filterable="false"/><Property Name="ErrType" Type="Edm.String" Nullable="false" MaxLength="1" sap:unicode="false" sap:label="Error Mesg Type"
					sap:creatable="false" sap:updatable="false" sap:sortable="false" sap:filterable="false"/><Property Name="BSAVEASDRAFT" Type="Edm.String" Nullable="false" MaxLength="1" sap:unicode="false" sap:label="Field Save as Draft"
					sap:creatable="false" sap:updatable="false" sap:sortable="false" sap:filterable="false"/><Property Name="BVALIDATE" Type="Edm.String" Nullable="false" MaxLength="1" sap:unicode="false" sap:label="Field Validate"
					sap:creatable="false" sap:updatable="false" sap:sortable="false" sap:filterable="false"/><Property Name="BSUBMIT" Type="Edm.String" Nullable="false" MaxLength="1" sap:unicode="false" sap:label="Field Submit" sap:creatable="false"
					sap:updatable="false" sap:sortable="false" sap:filterable="false"/><Property Name="BADDLINE" Type="Edm.String" Nullable="false" MaxLength="1" sap:unicode="false" sap:label="Field Add Line"
					sap:creatable="false" sap:updatable="false" sap:sortable="false" sap:filterable="false"/><Property Name="BDELETELINE" Type="Edm.String" Nullable="false" MaxLength="1" sap:unicode="false" sap:label="Field Delete Line"
					sap:creatable="false" sap:updatable="false" sap:sortable="false" sap:filterable="false"/><Property Name="ProjManagerName" Type="Edm.String" Nullable="false" MaxLength="200" sap:unicode="false" sap:label="ProjManagerName"
					sap:creatable="false" sap:updatable="false" sap:sortable="false" sap:filterable="false"/><Property Name="PerfManagerName" Type="Edm.String" Nullable="false" MaxLength="200" sap:unicode="false" sap:label="PerfManagerName"
					sap:creatable="false" sap:updatable="false" sap:sortable="false" sap:filterable="false"/><Property Name="OrigFinPOCName" Type="Edm.String" Nullable="false" MaxLength="200" sap:unicode="false" sap:label="OrigFinPOCName"
					sap:creatable="false" sap:updatable="false" sap:sortable="false" sap:filterable="false"/><Property Name="PerfFinPOCNName" Type="Edm.String" Nullable="false" MaxLength="200" sap:unicode="false" sap:label="PerfFinPOCNName"
					sap:creatable="false" sap:updatable="false" sap:sortable="false" sap:filterable="false"/><NavigationProperty Name="toOther" Relationship="ZODATA_IWO_REQUEST_SRV.RequesttoOther" FromRole="FromRole_RequesttoOther"
					ToRole="ToRole_RequesttoOther"/><NavigationProperty Name="toLabor2" Relationship="ZODATA_IWO_REQUEST_SRV.RequesttoLabor2" FromRole="FromRole_RequesttoLabor2"
					ToRole="ToRole_RequesttoLabor2"/><NavigationProperty Name="toLabor1" Relationship="ZODATA_IWO_REQUEST_SRV.RequesttoLabor1" FromRole="FromRole_RequesttoLabor1"
					ToRole="ToRole_RequesttoLabor1"/><NavigationProperty Name="toErrors" Relationship="ZODATA_IWO_REQUEST_SRV.RequestToErrors" FromRole="FromRole_RequestToErrors"
					ToRole="ToRole_RequestToErrors"/></EntityType>
			<EntityType Name="IWOLabor1" sap:content-version="1">
				<Key><PropertyRef Name="Requestid"/><PropertyRef Name="Iwo"/><PropertyRef Name="IwoguidItem"/></Key><Property Name="Requestid" Type="Edm.String" Nullable="false" MaxLength="32" sap:unicode="false" sap:label="RequestID" sap:creatable="false"
					sap:updatable="false" sap:sortable="false" sap:filterable="false"/><Property Name="Iwo" Type="Edm.String" Nullable="false" MaxLength="24" sap:unicode="false" sap:label="IWO" sap:creatable="false"
					sap:updatable="false" sap:sortable="false" sap:filterable="false"/><Property Name="IwoguidItem" Type="Edm.String" Nullable="false" MaxLength="32" sap:unicode="false" sap:label="IWOGUID" sap:creatable="false"
					sap:updatable="false" sap:sortable="false" sap:filterable="false"/><Property Name="Item" Type="Edm.String" Nullable="false" MaxLength="5" sap:unicode="false" sap:label="Item" sap:creatable="false"
					sap:updatable="false" sap:sortable="false" sap:filterable="false"/><Property Name="JobCat" Type="Edm.String" Nullable="false" MaxLength="7" sap:unicode="false" sap:label="JobCat" sap:creatable="false"
					sap:updatable="false" sap:sortable="false" sap:filterable="false"/><Property Name="JobSubCat" Type="Edm.String" Nullable="false" MaxLength="7" sap:unicode="false" sap:label="JobSubCat" sap:creatable="false"
					sap:updatable="false" sap:sortable="false" sap:filterable="false"/><Property Name="SowText" Type="Edm.String" Nullable="false" MaxLength="255" sap:unicode="false" sap:label="StatmtOfWork"
					sap:creatable="false" sap:updatable="false" sap:sortable="false" sap:filterable="false"/><Property Name="OrigWbs" Type="Edm.String" Nullable="false" MaxLength="24" sap:unicode="false" sap:label="WBS element" sap:creatable="false"
					sap:updatable="false" sap:sortable="false" sap:filterable="false"/><Property Name="OrigBukrs" Type="Edm.String" Nullable="false" MaxLength="4" sap:unicode="false" sap:label="WBSCoCode" sap:creatable="false"
					sap:updatable="false" sap:sortable="false" sap:filterable="false"/><Property Name="Orig_WBSTyp" Type="Edm.String" Nullable="false" MaxLength="3" sap:unicode="false" sap:label="WBSTyp" sap:creatable="false"
					sap:updatable="false" sap:sortable="false" sap:filterable="false"/><Property Name="Employee" Type="Edm.String" Nullable="false" MaxLength="8" sap:unicode="false" sap:label="Personnel No."
					sap:creatable="false" sap:updatable="false" sap:sortable="false" sap:filterable="false"/><Property Name="PerfLocation" Type="Edm.String" Nullable="false" MaxLength="10" sap:unicode="false" sap:label="Perf Location"
					sap:creatable="false" sap:updatable="false" sap:sortable="false" sap:filterable="false"/><Property Name="StartDate" Type="Edm.DateTime" Precision="7" sap:unicode="false" sap:label="Start Date" sap:creatable="false"
					sap:updatable="false" sap:sortable="false" sap:filterable="false"/><Property Name="EndDate" Type="Edm.DateTime" Precision="7" sap:unicode="false" sap:label="End Date" sap:creatable="false"
					sap:sortable="false" sap:filterable="false"/><Property Name="ProfitCentre" Type="Edm.String" Nullable="false" MaxLength="10" sap:unicode="false" sap:label="Profit Center"
					sap:creatable="false" sap:updatable="false" sap:sortable="false" sap:filterable="false"/><Property Name="Zhours" Type="Edm.Decimal" Nullable="false" Precision="9" Scale="2" sap:unicode="false" sap:label="Hours"
					sap:creatable="false" sap:updatable="false" sap:sortable="false" sap:filterable="false"/><Property Name="Rate" Type="Edm.Decimal" Nullable="false" Precision="16" Scale="3" sap:unicode="false" sap:label="Rate"
					sap:creatable="false" sap:updatable="false" sap:sortable="false" sap:filterable="false"/><Property Name="ProjManager" Type="Edm.String" Nullable="false" MaxLength="200" sap:unicode="false" sap:label="Text (200 char)"
					sap:creatable="false" sap:updatable="false" sap:sortable="false" sap:filterable="false"/><Property Name="PrefComCode" Type="Edm.String" Nullable="false" MaxLength="4" sap:unicode="false" sap:label="PrefComCode"
					sap:creatable="false" sap:updatable="false" sap:sortable="false" sap:filterable="false"/><Property Name="PerfManager" Type="Edm.String" Nullable="false" MaxLength="200" sap:unicode="false" sap:label="Text (200 char)"
					sap:creatable="false" sap:updatable="false" sap:sortable="false" sap:filterable="false"/><Property Name="OrigFinpoc" Type="Edm.String" Nullable="false" MaxLength="200" sap:unicode="false" sap:label="Text (200 char)"
					sap:creatable="false" sap:updatable="false" sap:sortable="false" sap:filterable="false"/><Property Name="PerfFinpoc" Type="Edm.String" Nullable="false" MaxLength="200" sap:unicode="false" sap:label="Text (200 char)"
					sap:creatable="false" sap:updatable="false" sap:sortable="false" sap:filterable="false"/><Property Name="ProjManagerCnf" Type="Edm.String" Nullable="false" MaxLength="1" sap:unicode="false" sap:label="ProjManagerCnf"
					sap:creatable="false" sap:updatable="false" sap:sortable="false" sap:filterable="false"/><Property Name="PerfManagerCnf" Type="Edm.String" Nullable="false" MaxLength="1" sap:unicode="false" sap:label="PerfManagerCnf"
					sap:creatable="false" sap:updatable="false" sap:sortable="false" sap:filterable="false"/><Property Name="OrigFinPOCCnf" Type="Edm.String" Nullable="false" MaxLength="1" sap:unicode="false" sap:label="OrigFPOCCnf"
					sap:creatable="false" sap:updatable="false" sap:sortable="false" sap:filterable="false"/><Property Name="PerfFinPOCCnf" Type="Edm.String" Nullable="false" MaxLength="1" sap:unicode="false" sap:label="PerfFPOCCnf"
					sap:creatable="false" sap:updatable="false" sap:sortable="false" sap:filterable="false"/><Property Name="ErrType" Type="Edm.String" Nullable="false" MaxLength="1" sap:unicode="false" sap:label="MessageType" sap:creatable="false"
					sap:updatable="false" sap:sortable="false" sap:filterable="false"/><NavigationProperty Name="L1ToL1AutoPop" Relationship="ZODATA_IWO_REQUEST_SRV.Labor1ToL1AutoPop" FromRole="FromRole_Labor1ToL1AutoPop"
					ToRole="ToRole_Labor1ToL1AutoPop"/></EntityType>
			<EntityType Name="IWOLabor2" sap:content-version="1">
				<Key><PropertyRef Name="Requestid"/><PropertyRef Name="Iwo"/><PropertyRef Name="IwoguidItem"/></Key><Property Name="Requestid" Type="Edm.String" Nullable="false" MaxLength="32" sap:unicode="false" sap:label="RequestID" sap:creatable="false"
					sap:updatable="false" sap:sortable="false" sap:filterable="false"/><Property Name="Iwo" Type="Edm.String" Nullable="false" MaxLength="24" sap:unicode="false" sap:label="IWO" sap:creatable="false"
					sap:updatable="false" sap:sortable="false" sap:filterable="false"/><Property Name="IwoguidItem" Type="Edm.String" Nullable="false" MaxLength="32" sap:unicode="false" sap:label="IWOGUID" sap:creatable="false"
					sap:updatable="false" sap:sortable="false" sap:filterable="false"/><Property Name="Item" Type="Edm.String" Nullable="false" MaxLength="5" sap:unicode="false" sap:label="Item" sap:creatable="false"
					sap:updatable="false" sap:sortable="false" sap:filterable="false"/><Property Name="JobCat" Type="Edm.String" Nullable="false" MaxLength="7" sap:unicode="false" sap:label="JobCat" sap:creatable="false"
					sap:updatable="false" sap:sortable="false" sap:filterable="false"/><Property Name="JobSubCat" Type="Edm.String" Nullable="false" MaxLength="7" sap:unicode="false" sap:label="JobSubCat" sap:creatable="false"
					sap:updatable="false" sap:sortable="false" sap:filterable="false"/><Property Name="SowText" Type="Edm.String" Nullable="false" MaxLength="255" sap:unicode="false" sap:label="StatmtOfWork"
					sap:creatable="false" sap:updatable="false" sap:sortable="false" sap:filterable="false"/><Property Name="OrigBukrs" Type="Edm.String" Nullable="false" MaxLength="4" sap:unicode="false" sap:label="Orig.Co.Code"
					sap:creatable="false" sap:updatable="false" sap:sortable="false" sap:filterable="false"/><Property Name="OrigWbs" Type="Edm.String" Nullable="false" MaxLength="24" sap:unicode="false" sap:label="WBS element" sap:creatable="false"
					sap:updatable="false" sap:sortable="false" sap:filterable="false"/><Property Name="OrigWbsTyp" Type="Edm.String" Nullable="false" MaxLength="3" sap:unicode="false" sap:label="WBSTyp" sap:creatable="false"
					sap:updatable="false" sap:sortable="false" sap:filterable="false"/><Property Name="FullName" Type="Edm.String" Nullable="false" MaxLength="80" sap:unicode="false" sap:label="Full Name" sap:creatable="false"
					sap:updatable="false" sap:sortable="false" sap:filterable="false"/><Property Name="PerfCoCode" Type="Edm.String" Nullable="false" MaxLength="4" sap:unicode="false" sap:label="Perf.Co.Code"
					sap:creatable="false" sap:updatable="false" sap:sortable="false" sap:filterable="false"/><Property Name="StartDate" Type="Edm.DateTime" Precision="7" sap:unicode="false" sap:label="Start Date" sap:creatable="false"
					sap:updatable="false" sap:sortable="false" sap:filterable="false"/><Property Name="EndDate" Type="Edm.DateTime" Precision="7" sap:unicode="false" sap:label="End Date" sap:creatable="false"
					sap:updatable="false" sap:sortable="false" sap:filterable="false"/><Property Name="ProfitCentre" Type="Edm.String" Nullable="false" MaxLength="10" sap:unicode="false" sap:label="Profit Center"
					sap:creatable="false" sap:updatable="false" sap:sortable="false" sap:filterable="false"/><Property Name="Zhours" Type="Edm.Decimal" Nullable="false" Precision="9" Scale="2" sap:unicode="false" sap:label="Hours"
					sap:creatable="false" sap:updatable="false" sap:sortable="false" sap:filterable="false"/><Property Name="Rate" Type="Edm.Decimal" Nullable="false" Precision="16" Scale="3" sap:unicode="false" sap:label="Rate"
					sap:creatable="false" sap:updatable="false" sap:sortable="false" sap:filterable="false"/><Property Name="ProjManager" Type="Edm.String" Nullable="false" MaxLength="200" sap:unicode="false" sap:label="Text (200 char)"
					sap:creatable="false" sap:updatable="false" sap:sortable="false" sap:filterable="false"/><Property Name="PerfManager" Type="Edm.String" Nullable="false" MaxLength="200" sap:unicode="false" sap:label="Text (200 char)"
					sap:creatable="false" sap:updatable="false" sap:sortable="false" sap:filterable="false"/><Property Name="OrigFinpoc" Type="Edm.String" Nullable="false" MaxLength="200" sap:unicode="false" sap:label="Text (200 char)"
					sap:creatable="false" sap:updatable="false" sap:sortable="false" sap:filterable="false"/><Property Name="PerfFinpoc" Type="Edm.String" Nullable="false" MaxLength="200" sap:unicode="false" sap:label="Text (200 char)"
					sap:creatable="false" sap:updatable="false" sap:sortable="false" sap:filterable="false"/><Property Name="ProjManagerCnf" Type="Edm.String" Nullable="false" MaxLength="1" sap:unicode="false" sap:label="ProjManagerCnf"
					sap:creatable="false" sap:updatable="false" sap:sortable="false" sap:filterable="false"/><Property Name="PerfManagerCnf" Type="Edm.String" Nullable="false" MaxLength="1" sap:unicode="false" sap:label="PerfManagerCnf"
					sap:creatable="false" sap:updatable="false" sap:sortable="false" sap:filterable="false"/><Property Name="OrigFinPOCCnf" Type="Edm.String" Nullable="false" MaxLength="1" sap:unicode="false" sap:label="OrigFPOCCnf"
					sap:creatable="false" sap:updatable="false" sap:sortable="false" sap:filterable="false"/><Property Name="PerfFinPOCCnf" Type="Edm.String" Nullable="false" MaxLength="1" sap:unicode="false" sap:label="PerfFPOCCnf"
					sap:creatable="false" sap:updatable="false" sap:sortable="false" sap:filterable="false"/><Property Name="ErrType" Type="Edm.String" Nullable="false" MaxLength="1" sap:unicode="false" sap:label="MessageType" sap:creatable="false"
					sap:updatable="false" sap:sortable="false" sap:filterable="false"/></EntityType>
			<EntityType Name="IWOOther" sap:content-version="1">
				<Key><PropertyRef Name="Requestid"/><PropertyRef Name="Iwo"/><PropertyRef Name="IwoguidItem"/></Key><Property Name="Requestid" Type="Edm.String" Nullable="false" MaxLength="32" sap:unicode="false" sap:label="RequestID" sap:creatable="false"
					sap:updatable="false" sap:sortable="false" sap:filterable="false"/><Property Name="Iwo" Type="Edm.String" Nullable="false" MaxLength="24" sap:unicode="false" sap:label="IWO" sap:creatable="false"
					sap:updatable="false" sap:sortable="false" sap:filterable="false"/><Property Name="IwoguidItem" Type="Edm.String" Nullable="false" MaxLength="32" sap:unicode="false" sap:label="IWOGUID" sap:creatable="false"
					sap:updatable="false" sap:sortable="false" sap:filterable="false"/><Property Name="Item" Type="Edm.String" Nullable="false" MaxLength="5" sap:unicode="false" sap:label="Item" sap:creatable="false"
					sap:updatable="false" sap:sortable="false" sap:filterable="false"/><Property Name="Costcat" Type="Edm.String" Nullable="false" MaxLength="7" sap:unicode="false" sap:label="Job Categry Code"
					sap:creatable="false" sap:updatable="false" sap:sortable="false" sap:filterable="false"/><Property Name="CostSubcat" Type="Edm.String" Nullable="false" MaxLength="7" sap:unicode="false" sap:label="JobSubCatCode"
					sap:creatable="false" sap:updatable="false" sap:sortable="false" sap:filterable="false"/><Property Name="SowText" Type="Edm.String" Nullable="false" MaxLength="255" sap:unicode="false" sap:label="StatmtOfWork"
					sap:creatable="false" sap:updatable="false" sap:sortable="false" sap:filterable="false"/><Property Name="OrigWbs" Type="Edm.String" Nullable="false" MaxLength="24" sap:unicode="false" sap:label="WBS element" sap:creatable="false"
					sap:updatable="false" sap:sortable="false" sap:filterable="false"/><Property Name="OrigWBSTyp" Type="Edm.String" Nullable="false" MaxLength="3" sap:unicode="false" sap:label="WBSTyp" sap:creatable="false"
					sap:updatable="false" sap:sortable="false" sap:filterable="false"/><Property Name="OrigBukrs" Type="Edm.String" Nullable="false" MaxLength="4" sap:unicode="false" sap:label="Orig.ComCode"
					sap:creatable="false" sap:updatable="false" sap:sortable="false" sap:filterable="false"/><Property Name="PerfBukrs" Type="Edm.String" Nullable="false" MaxLength="4" sap:unicode="false" sap:label="Perf.Co.Code"
					sap:creatable="false" sap:updatable="false" sap:sortable="false" sap:filterable="false"/><Property Name="StartDate" Type="Edm.DateTime" Precision="7" sap:unicode="false" sap:label="Start Date" sap:creatable="false"
					sap:updatable="false" sap:sortable="false" sap:filterable="false"/><Property Name="EndDate" Type="Edm.DateTime" Precision="7" sap:unicode="false" sap:label="End Date" sap:creatable="false"
					sap:updatable="false" sap:sortable="false" sap:filterable="false"/><Property Name="ProfitCentre" Type="Edm.String" Nullable="false" MaxLength="10" sap:unicode="false" sap:label="Profit Center"
					sap:creatable="false" sap:updatable="false" sap:sortable="false" sap:filterable="false"/><Property Name="CostAmt" Type="Edm.Decimal" Nullable="false" Precision="22" Scale="3" sap:unicode="false" sap:label="CostAmount"
					sap:creatable="false" sap:updatable="false" sap:sortable="false" sap:filterable="false"/><Property Name="GrossAmt" Type="Edm.Decimal" Nullable="false" Precision="22" Scale="3" sap:unicode="false" sap:label="GrossAmount"
					sap:creatable="false" sap:updatable="false" sap:sortable="false" sap:filterable="false"/><Property Name="ProjManager" Type="Edm.String" Nullable="false" MaxLength="200" sap:unicode="false" sap:label="Text (200 char)"
					sap:creatable="false" sap:updatable="false" sap:sortable="false" sap:filterable="false"/><Property Name="PerfManager" Type="Edm.String" Nullable="false" MaxLength="200" sap:unicode="false" sap:label="Text (200 char)"
					sap:creatable="false" sap:updatable="false" sap:sortable="false" sap:filterable="false"/><Property Name="OrigFinpoc" Type="Edm.String" Nullable="false" MaxLength="200" sap:unicode="false" sap:label="Text (200 char)"
					sap:creatable="false" sap:updatable="false" sap:sortable="false" sap:filterable="false"/><Property Name="PerfFinpoc" Type="Edm.String" Nullable="false" MaxLength="200" sap:unicode="false" sap:label="Text (200 char)"
					sap:creatable="false" sap:updatable="false" sap:sortable="false" sap:filterable="false"/><Property Name="ProjManagerCnf" Type="Edm.String" Nullable="false" MaxLength="1" sap:unicode="false" sap:label="ProjManagerCnf"
					sap:creatable="false" sap:updatable="false" sap:sortable="false" sap:filterable="false"/><Property Name="PerfManagerCnf" Type="Edm.String" Nullable="false" MaxLength="1" sap:unicode="false" sap:label="PerfManagerCnf"
					sap:creatable="false" sap:updatable="false" sap:sortable="false" sap:filterable="false"/><Property Name="OrigFinPOCCnf" Type="Edm.String" Nullable="false" MaxLength="1" sap:unicode="false" sap:label="OrigFPOCCnf"
					sap:creatable="false" sap:updatable="false" sap:sortable="false" sap:filterable="false"/><Property Name="PerfFinPOCCnf" Type="Edm.String" Nullable="false" MaxLength="1" sap:unicode="false" sap:label="PerfFPOCCnf"
					sap:creatable="false" sap:updatable="false" sap:sortable="false" sap:filterable="false"/><Property Name="ErrType" Type="Edm.String" Nullable="false" MaxLength="1" sap:unicode="false" sap:label="MessageType" sap:creatable="false"
					sap:updatable="false" sap:sortable="false" sap:filterable="false"/></EntityType>
			<EntityType Name="SearchSOW" sap:content-version="1">
				<Key><PropertyRef Name="Jobcat"/><PropertyRef Name="Jobsubcat"/></Key><Property Name="Jobcat" Type="Edm.String" Nullable="false" MaxLength="7" sap:unicode="false" sap:label="Job Categry Code"
					sap:creatable="false" sap:updatable="false" sap:sortable="false" sap:filterable="false"/><Property Name="Jobcattext" Type="Edm.String" Nullable="false" MaxLength="60" sap:unicode="false" sap:label="Text" sap:creatable="false"
					sap:updatable="false" sap:sortable="false" sap:filterable="false"/><Property Name="Jobsubcat" Type="Edm.String" Nullable="false" MaxLength="7" sap:unicode="false" sap:label="JobSubCatCode"
					sap:creatable="false" sap:updatable="false" sap:sortable="false" sap:filterable="false"/><Property Name="Jobsubcattext" Type="Edm.String" Nullable="false" MaxLength="100" sap:unicode="false" sap:label="Text" sap:creatable="false"
					sap:updatable="false" sap:sortable="false" sap:filterable="false"/><Property Name="Required" Type="Edm.Boolean" Nullable="false" sap:unicode="false" sap:label="Checkbox" sap:creatable="false"
					sap:updatable="false" sap:sortable="false" sap:filterable="false"/></EntityType>
			<EntityType Name="IWOErrLines" sap:content-version="1">
				<Key><PropertyRef Name="Requestid"/><PropertyRef Name="Iwo"/><PropertyRef Name="ITEMGUID"/><PropertyRef Name="SQNUM"/></Key><Property Name="Requestid" Type="Edm.String" Nullable="false" MaxLength="32" sap:unicode="false" sap:label="Request ID"
					sap:creatable="false" sap:updatable="false" sap:sortable="false" sap:filterable="false"/><Property Name="Iwo" Type="Edm.String" Nullable="false" MaxLength="24" sap:unicode="false" sap:label="IWO" sap:creatable="false"
					sap:updatable="false" sap:sortable="false" sap:filterable="false"/><Property Name="ITEMGUID" Type="Edm.String" Nullable="false" MaxLength="32" sap:unicode="false" sap:label="ItemGUID" sap:creatable="false"
					sap:updatable="false" sap:sortable="false" sap:filterable="false"/><Property Name="SQNUM" Type="Edm.String" Nullable="false" MaxLength="4" sap:unicode="false" sap:label="Item Number" sap:creatable="false"
					sap:updatable="false" sap:sortable="false" sap:filterable="false"/><Property Name="TYPE" Type="Edm.String" Nullable="false" MaxLength="1" sap:unicode="false" sap:label="Message Type" sap:creatable="false"
					sap:updatable="false" sap:sortable="false" sap:filterable="false"/><Property Name="MESSAGE" Type="Edm.String" Nullable="false" MaxLength="220" sap:unicode="false" sap:label="Message Text"
					sap:creatable="false" sap:updatable="false" sap:sortable="false" sap:filterable="false"/></EntityType>
			<EntityType Name="IWOAutoPopulateL1" sap:content-version="1">
				<Key><PropertyRef Name="Requestid"/><PropertyRef Name="IwoGuidItem"/></Key><Property Name="Requestid" Type="Edm.String" Nullable="false" MaxLength="32" sap:unicode="false" sap:label="RequestID" sap:creatable="false"
					sap:updatable="false" sap:sortable="false" sap:filterable="false"/><Property Name="IwoGuidItem" Type="Edm.String" Nullable="false" MaxLength="32" sap:unicode="false" sap:label="IwoGuidItem"
					sap:creatable="false" sap:updatable="false" sap:sortable="false" sap:filterable="false"/><Property Name="Iwo" Type="Edm.String" Nullable="false" MaxLength="24" sap:unicode="false" sap:label="IWO" sap:creatable="false"
					sap:updatable="false" sap:sortable="false" sap:filterable="false"/><Property Name="Item" Type="Edm.String" Nullable="false" MaxLength="5" sap:unicode="false" sap:label="Item Number" sap:creatable="false"
					sap:updatable="false" sap:sortable="false" sap:filterable="false"/><Property Name="Employee" Type="Edm.String" Nullable="false" MaxLength="8" sap:unicode="false" sap:label="Personnel No."
					sap:creatable="false" sap:updatable="false" sap:sortable="false" sap:filterable="false"/><Property Name="PersonnelNr" Type="Edm.String" Nullable="false" MaxLength="8" sap:unicode="false" sap:label="Personnel No."
					sap:creatable="false" sap:updatable="false" sap:sortable="false" sap:filterable="false"/><Property Name="FullName" Type="Edm.String" Nullable="false" MaxLength="80" sap:unicode="false" sap:label="Full Name" sap:creatable="false"
					sap:updatable="false" sap:sortable="false" sap:filterable="false"/><Property Name="PerfBukrs" Type="Edm.String" Nullable="false" MaxLength="4" sap:unicode="false" sap:label="Perf.Co.Code"
					sap:creatable="false" sap:updatable="false" sap:sortable="false" sap:filterable="false"/><Property Name="EmpLocation" Type="Edm.String" Nullable="false" MaxLength="50" sap:unicode="false" sap:label="EmpLocation"
					sap:creatable="false" sap:sortable="false" sap:filterable="false"/><Property Name="PerfSrvOffering" Type="Edm.String" Nullable="false" MaxLength="60" sap:unicode="false" sap:label="PrfSrvOffrng"
					sap:creatable="false" sap:sortable="false" sap:filterable="false"/><Property Name="OrigWbs" Type="Edm.String" Nullable="false" MaxLength="24" sap:unicode="false" sap:label="WBS element" sap:creatable="false"
					sap:updatable="false" sap:sortable="false" sap:filterable="false"/><Property Name="OrigBukrs" Type="Edm.String" Nullable="false" MaxLength="4" sap:unicode="false" sap:label="Orig.Co.Code"
					sap:creatable="false" sap:updatable="false" sap:sortable="false" sap:filterable="false"/><Property Name="SrvOffering" Type="Edm.String" Nullable="false" MaxLength="20" sap:unicode="false" sap:label="Char20" sap:creatable="false"
					sap:updatable="false" sap:sortable="false" sap:filterable="false"/><Property Name="ProjectName" Type="Edm.String" Nullable="false" MaxLength="40" sap:unicode="false" sap:label="Description"
					sap:creatable="false" sap:sortable="false" sap:filterable="false"/><Property Name="ClientName" Type="Edm.String" Nullable="false" MaxLength="40" sap:unicode="false" sap:label="Name" sap:creatable="false"
					sap:sortable="false" sap:filterable="false"/><Property Name="Rate" Type="Edm.Decimal" Nullable="false" Precision="16" Scale="3" sap:unicode="false" sap:label="Rate"
					sap:creatable="false" sap:sortable="false" sap:filterable="false"/><Property Name="CostAmount" Type="Edm.Decimal" Nullable="false" Precision="22" Scale="3" sap:unicode="false" sap:label="Cost Amount"
					sap:creatable="false" sap:updatable="false" sap:sortable="false" sap:filterable="false"/><Property Name="Iwocurrency" Type="Edm.String" Nullable="false" MaxLength="5" sap:unicode="false" sap:label="Currency" sap:creatable="false"
					sap:updatable="false" sap:sortable="false" sap:filterable="false" sap:semantics="currency-code"/><Property Name="PerfWbs" Type="Edm.String" Nullable="false" MaxLength="24" sap:unicode="false" sap:label="WBS element" sap:creatable="false"
					sap:sortable="false" sap:filterable="false"/><Property Name="PROJ_MANAGER_NAME" Type="Edm.String" Nullable="false" MaxLength="400" sap:unicode="false" sap:label="PROJ_MANAGER_NAME"
					sap:creatable="false" sap:updatable="false" sap:sortable="false" sap:filterable="false"/><Property Name="PERF_MANAGER_NAME" Type="Edm.String" Nullable="false" MaxLength="400" sap:unicode="false" sap:label="PERF_MANAGER_NAME"
					sap:creatable="false" sap:updatable="false" sap:sortable="false" sap:filterable="false"/><Property Name="ORIG_FIN_MANAGER_NAME" Type="Edm.String" Nullable="false" MaxLength="300" sap:unicode="false"
					sap:label="ORIG_FIN_MANAGER_NAME" sap:creatable="false" sap:updatable="false" sap:sortable="false" sap:filterable="false"/><Property Name="PERF_FIN_MANAGER_NAME" Type="Edm.String" Nullable="false" MaxLength="400" sap:unicode="false"
					sap:label="PERF_FIN_MANAGER_NAME" sap:creatable="false" sap:updatable="false" sap:sortable="false" sap:filterable="false"/><Property Name="MessageTyp" Type="Edm.String" Nullable="false" MaxLength="1" sap:unicode="false" sap:label="MessageTyp"
					sap:creatable="false" sap:updatable="false" sap:sortable="false" sap:filterable="false"/></EntityType>
			<EntityType Name="IWOAutoPopulateOther" sap:content-version="1">
				<Key><PropertyRef Name="Requestid"/><PropertyRef Name="IwoGuidItem"/></Key><Property Name="Requestid" Type="Edm.String" Nullable="false" MaxLength="32" sap:unicode="false" sap:label="RequestID" sap:creatable="false"
					sap:updatable="false" sap:sortable="false" sap:filterable="false"/><Property Name="IwoGuidItem" Type="Edm.String" Nullable="false" MaxLength="32" sap:unicode="false" sap:label="IwoGUIDItem"
					sap:creatable="false" sap:updatable="false" sap:sortable="false" sap:filterable="false"/><Property Name="Iwo" Type="Edm.String" Nullable="false" MaxLength="24" sap:unicode="false" sap:label="IWO" sap:creatable="false"
					sap:updatable="false" sap:sortable="false" sap:filterable="false"/><Property Name="Item" Type="Edm.String" Nullable="false" MaxLength="5" sap:unicode="false" sap:label="Item Number" sap:creatable="false"
					sap:updatable="false" sap:sortable="false" sap:filterable="false"/><Property Name="BillFrmLocation" Type="Edm.String" Nullable="false" MaxLength="50" sap:unicode="false" sap:label="BillFrmLocation"
					sap:creatable="false" sap:sortable="false" sap:filterable="false"/><Property Name="PerfSrvOffering" Type="Edm.String" Nullable="false" MaxLength="60" sap:unicode="false" sap:label="PrfSrvOffrng"
					sap:creatable="false" sap:sortable="false" sap:filterable="false"/><Property Name="OrigWBS" Type="Edm.String" Nullable="false" MaxLength="24" sap:unicode="false" sap:label="MasterWBS" sap:creatable="false"
					sap:updatable="false" sap:sortable="false" sap:filterable="false"/><Property Name="OrigBukrs" Type="Edm.String" Nullable="false" MaxLength="4" sap:unicode="false" sap:label="Orig.Co.Code"
					sap:creatable="false" sap:updatable="false" sap:sortable="false" sap:filterable="false"/><Property Name="SrvOffering" Type="Edm.String" Nullable="false" MaxLength="20" sap:unicode="false" sap:label="Char20" sap:creatable="false"
					sap:updatable="false" sap:sortable="false" sap:filterable="false"/><Property Name="ProjectName" Type="Edm.String" Nullable="false" MaxLength="40" sap:unicode="false" sap:label="Description"
					sap:creatable="false" sap:sortable="false" sap:filterable="false"/><Property Name="ClientName" Type="Edm.String" Nullable="false" MaxLength="40" sap:unicode="false" sap:label="Name" sap:creatable="false"
					sap:sortable="false" sap:filterable="false"/><Property Name="PerfBukrs" Type="Edm.String" Nullable="false" MaxLength="4" sap:unicode="false" sap:label="ExpCoCode" sap:creatable="false"
					sap:updatable="false" sap:sortable="false" sap:filterable="false"/><Property Name="CostAmount" Type="Edm.Decimal" Nullable="false" Precision="22" Scale="3" sap:unicode="false" sap:unit="Iwocurrency"
					sap:label="Cost Amount" sap:creatable="false" sap:updatable="false" sap:sortable="false" sap:filterable="false"/><Property Name="Iwocurrency" Type="Edm.String" Nullable="false" MaxLength="5" sap:unicode="false" sap:label="Currency" sap:creatable="false"
					sap:updatable="false" sap:sortable="false" sap:filterable="false" sap:semantics="currency-code"/><Property Name="PerfWbs" Type="Edm.String" Nullable="false" MaxLength="24" sap:unicode="false" sap:label="WBS element" sap:creatable="false"
					sap:sortable="false" sap:filterable="false"/><Property Name="Proj_manager_name" Type="Edm.String" Nullable="false" MaxLength="400" sap:unicode="false" sap:label="Proj_manager_name"
					sap:creatable="false" sap:updatable="false" sap:sortable="false" sap:filterable="false"/><Property Name="Perf_manager_name" Type="Edm.String" Nullable="false" MaxLength="400" sap:unicode="false" sap:label="Perf_manager_name"
					sap:creatable="false" sap:updatable="false" sap:sortable="false" sap:filterable="false"/><Property Name="Orig_Fin_manager_name" Type="Edm.String" Nullable="false" MaxLength="400" sap:unicode="false"
					sap:label="Orig_Fin_manager_name" sap:creatable="false" sap:updatable="false" sap:sortable="false" sap:filterable="false"/><Property Name="Perf_Fin_manager_name" Type="Edm.String" Nullable="false" MaxLength="400" sap:unicode="false"
					sap:label="Perf_Fin_manager_name" sap:creatable="false" sap:updatable="false" sap:sortable="false" sap:filterable="false"/><Property Name="MessageTyp" Type="Edm.String" Nullable="false" MaxLength="1" sap:unicode="false" sap:label="MessageTyp"
					sap:creatable="false" sap:updatable="false" sap:sortable="false" sap:filterable="false"/></EntityType>
			<EntityType Name="IWOAutoPopulateL2" sap:content-version="1">
				<Key><PropertyRef Name="Requestid"/><PropertyRef Name="IwoGuidItem"/></Key><Property Name="Requestid" Type="Edm.String" Nullable="false" MaxLength="32" sap:unicode="false" sap:label="RequestID" sap:creatable="false"
					sap:updatable="false" sap:sortable="false" sap:filterable="false"/><Property Name="IwoGuidItem" Type="Edm.String" Nullable="false" MaxLength="32" sap:unicode="false" sap:label="IWOGuidItem"
					sap:creatable="false" sap:updatable="false" sap:sortable="false" sap:filterable="false"/><Property Name="Iwo" Type="Edm.String" Nullable="false" MaxLength="24" sap:unicode="false" sap:label="IWO" sap:creatable="false"
					sap:updatable="false" sap:sortable="false" sap:filterable="false"/><Property Name="Item" Type="Edm.String" Nullable="false" MaxLength="5" sap:unicode="false" sap:label="Item Number" sap:creatable="false"
					sap:updatable="false" sap:sortable="false" sap:filterable="false"/><Property Name="FullName" Type="Edm.String" Nullable="false" MaxLength="80" sap:unicode="false" sap:label="Full Name" sap:creatable="false"
					sap:updatable="false" sap:sortable="false" sap:filterable="false"/><Property Name="PerfBukrs" Type="Edm.String" Nullable="false" MaxLength="4" sap:unicode="false" sap:label="PerfCompCode"
					sap:creatable="false" sap:updatable="false" sap:sortable="false" sap:filterable="false"/><Property Name="EmpLocation" Type="Edm.String" Nullable="false" MaxLength="50" sap:unicode="false" sap:label="EmpLocation"
					sap:creatable="false" sap:sortable="false" sap:filterable="false"/><Property Name="PerfSrvOffering" Type="Edm.String" Nullable="false" MaxLength="60" sap:unicode="false" sap:label="PrfSrvOffrng"
					sap:creatable="false" sap:sortable="false" sap:filterable="false"/><Property Name="OrigWbs" Type="Edm.String" Nullable="false" MaxLength="24" sap:unicode="false" sap:label="WBS element" sap:creatable="false"
					sap:updatable="false" sap:sortable="false" sap:filterable="false"/><Property Name="OrigBukrs" Type="Edm.String" Nullable="false" MaxLength="4" sap:unicode="false" sap:label="Orig.Co.Code"
					sap:creatable="false" sap:updatable="false" sap:sortable="false" sap:filterable="false"/><Property Name="SrvOffering" Type="Edm.String" Nullable="false" MaxLength="20" sap:unicode="false" sap:label="Char20" sap:creatable="false"
					sap:updatable="false" sap:sortable="false" sap:filterable="false"/><Property Name="ProjectName" Type="Edm.String" Nullable="false" MaxLength="40" sap:unicode="false" sap:label="Description"
					sap:creatable="false" sap:sortable="false" sap:filterable="false"/><Property Name="ClientName" Type="Edm.String" Nullable="false" MaxLength="40" sap:unicode="false" sap:label="Name" sap:creatable="false"
					sap:sortable="false" sap:filterable="false"/><Property Name="CostAmount" Type="Edm.Decimal" Nullable="false" Precision="22" Scale="3" sap:unicode="false" sap:unit="Iwocurrency"
					sap:label="Cost Amount" sap:creatable="false" sap:updatable="false" sap:sortable="false" sap:filterable="false"/><Property Name="Iwocurrency" Type="Edm.String" Nullable="false" MaxLength="5" sap:unicode="false" sap:label="Currency" sap:creatable="false"
					sap:updatable="false" sap:sortable="false" sap:filterable="false" sap:semantics="currency-code"/><Property Name="PerfManager" Type="Edm.String" Nullable="false" MaxLength="200" sap:unicode="false" sap:label="Text (200 char)"
					sap:creatable="false" sap:updatable="false" sap:sortable="false" sap:filterable="false"/><Property Name="OrigFinpoc" Type="Edm.String" Nullable="false" MaxLength="200" sap:unicode="false" sap:label="Text (200 char)"
					sap:creatable="false" sap:updatable="false" sap:sortable="false" sap:filterable="false"/><Property Name="PerfFinpoc" Type="Edm.String" Nullable="false" MaxLength="200" sap:unicode="false" sap:label="Text (200 char)"
					sap:creatable="false" sap:updatable="false" sap:sortable="false" sap:filterable="false"/><Property Name="PerfWbs" Type="Edm.String" Nullable="false" MaxLength="24" sap:unicode="false" sap:label="WBS element" sap:creatable="false"
					sap:sortable="false" sap:filterable="false"/><Property Name="PROJ_MANAGER_NAME" Type="Edm.String" Nullable="false" MaxLength="400" sap:unicode="false" sap:label="PROJ_MANAGER_NAME"
					sap:creatable="false" sap:updatable="false" sap:sortable="false" sap:filterable="false"/><Property Name="PERF_MANAGER_NAME" Type="Edm.String" Nullable="false" MaxLength="400" sap:unicode="false" sap:label="PERF_MANAGER_NAME"
					sap:creatable="false" sap:updatable="false" sap:sortable="false" sap:filterable="false"/><Property Name="ORIG_FIN_MANAGER_NAME" Type="Edm.String" Nullable="false" MaxLength="400" sap:unicode="false"
					sap:label="ORIG_FIN_MANAGER_NAME" sap:creatable="false" sap:updatable="false" sap:sortable="false" sap:filterable="false"/><Property Name="PERF_FIN_MANAGER_NAME" Type="Edm.String" Nullable="false" MaxLength="400" sap:unicode="false"
					sap:label="PERF_FIN_MANAGER_NAME" sap:creatable="false" sap:updatable="false" sap:sortable="false" sap:filterable="false"/><Property Name="MessageTyp" Type="Edm.String" Nullable="false" MaxLength="1" sap:unicode="false" sap:label="MessageType"
					sap:creatable="false" sap:updatable="false" sap:sortable="false" sap:filterable="false"/></EntityType>
			<EntityType Name="IWOHelp" sap:content-version="1">
				<Key><PropertyRef Name="Topics"/></Key><Property Name="Topics" Type="Edm.String" Nullable="false" MaxLength="100" sap:unicode="false" sap:label="Topics" sap:creatable="false"
					sap:updatable="false" sap:sortable="false" sap:filterable="false"/><Property Name="Link" Type="Edm.String" Nullable="false" MaxLength="256" sap:unicode="false" sap:label="Link" sap:creatable="false"
					sap:updatable="false" sap:sortable="false" sap:filterable="false"/></EntityType>
			<EntityType Name="IWOContacts" sap:content-version="1">
				<Key><PropertyRef Name="Issue"/></Key><Property Name="Issue" Type="Edm.String" Nullable="false" MaxLength="256" sap:unicode="false" sap:label="Issue" sap:creatable="false"
					sap:updatable="false" sap:sortable="false" sap:filterable="false"/><Property Name="Team" Type="Edm.String" Nullable="false" MaxLength="100" sap:unicode="false" sap:label="Team" sap:creatable="false"
					sap:updatable="false" sap:sortable="false" sap:filterable="false"/><Property Name="Contactid" Type="Edm.String" Nullable="false" MaxLength="120" sap:unicode="false" sap:label="Contact ID"
					sap:creatable="false" sap:updatable="false" sap:sortable="false" sap:filterable="false"/></EntityType>
			<EntityType Name="SearchIWOClientName" sap:content-version="1">
				<Key><PropertyRef Name="ClientName"/><PropertyRef Name="IWO"/></Key><Property Name="ClientName" Type="Edm.String" Nullable="false" MaxLength="40" sap:unicode="false" sap:label="Client Name"
					sap:creatable="false" sap:updatable="false" sap:sortable="false" sap:filterable="false"/><Property Name="IWO" Type="Edm.String" Nullable="false" MaxLength="24" sap:unicode="false" sap:label="IWO" sap:creatable="false"
					sap:updatable="false" sap:sortable="false" sap:filterable="false"/></EntityType>
			<EntityType Name="SearchIWOOrigWBS" sap:content-version="1">
				<Key><PropertyRef Name="OrigWBS"/><PropertyRef Name="IWO"/></Key><Property Name="OrigWBS" Type="Edm.String" Nullable="false" MaxLength="24" sap:unicode="false" sap:label="Originating WBS"
					sap:creatable="false" sap:updatable="false" sap:sortable="false" sap:filterable="false"/><Property Name="IWO" Type="Edm.String" Nullable="false" MaxLength="24" sap:unicode="false" sap:label="IWO" sap:creatable="false"
					sap:updatable="false" sap:sortable="false" sap:filterable="false"/></EntityType>
			<EntityType Name="SearchIWOOrigBukrs" sap:content-version="1">
				<Key><PropertyRef Name="OrigCoCode"/><PropertyRef Name="IWO"/></Key><Property Name="OrigCoCode" Type="Edm.String" Nullable="false" MaxLength="4" sap:unicode="false" sap:label="Orig.Co.Code"
					sap:creatable="false" sap:updatable="false" sap:sortable="false" sap:filterable="false"/><Property Name="IWO" Type="Edm.String" Nullable="false" MaxLength="24" sap:unicode="false" sap:label="IWO" sap:creatable="false"
					sap:updatable="false" sap:sortable="false" sap:filterable="false"/><Property Name="OrigCoName" Type="Edm.String" Nullable="false" MaxLength="25" sap:unicode="false" sap:label="Company Name"
					sap:creatable="false" sap:updatable="false" sap:sortable="false" sap:filterable="false"/></EntityType>
			<EntityType Name="SearchIWOPerfBukrs" sap:content-version="1">
				<Key><PropertyRef Name="PerfCoCode"/><PropertyRef Name="IWO"/></Key><Property Name="PerfCoCode" Type="Edm.String" Nullable="false" MaxLength="4" sap:unicode="false" sap:label="PerfCompanyCode"
					sap:creatable="false" sap:updatable="false" sap:sortable="false" sap:filterable="false"/><Property Name="IWO" Type="Edm.String" Nullable="false" MaxLength="24" sap:unicode="false" sap:label="IWO" sap:creatable="false"
					sap:updatable="false" sap:sortable="false" sap:filterable="false"/><Property Name="PerfCoName" Type="Edm.String" Nullable="false" MaxLength="25" sap:unicode="false" sap:label="Performing Company Name"
					sap:creatable="false" sap:updatable="false" sap:sortable="false" sap:filterable="false"/></EntityType>
			<EntityType Name="SearchIWOPerfWBS" sap:content-version="1">
				<Key><PropertyRef Name="PerfWBS"/><PropertyRef Name="IWO"/></Key><Property Name="PerfWBS" Type="Edm.String" Nullable="false" MaxLength="24" sap:unicode="false" sap:label="Performing WBS"
					sap:creatable="false" sap:updatable="false" sap:sortable="false" sap:filterable="false"/><Property Name="IWO" Type="Edm.String" Nullable="false" MaxLength="24" sap:unicode="false" sap:label="IWO" sap:creatable="false"
					sap:updatable="false" sap:sortable="false" sap:filterable="false"/></EntityType>
			<EntityType Name="SearchIWOProjName" sap:content-version="1">
				<Key><PropertyRef Name="ProjName"/><PropertyRef Name="IWO"/></Key><Property Name="ProjName" Type="Edm.String" Nullable="false" MaxLength="40" sap:unicode="false" sap:label="Project Name"
					sap:creatable="false" sap:updatable="false" sap:sortable="false" sap:filterable="false"/><Property Name="IWO" Type="Edm.String" Nullable="false" MaxLength="24" sap:unicode="false" sap:label="IWO" sap:creatable="false"
					sap:updatable="false" sap:sortable="false" sap:filterable="false"/></EntityType>
			<EntityType Name="SearchIWOStatus" sap:content-version="1">
				<Key><PropertyRef Name="StatusCodeInt"/><PropertyRef Name="IWO"/></Key><Property Name="StatusCodeInt" Type="Edm.String" Nullable="false" MaxLength="5" sap:unicode="false" sap:label="IntStatusCode"
					sap:creatable="false" sap:updatable="false" sap:sortable="false" sap:filterable="false"/><Property Name="IWO" Type="Edm.String" Nullable="false" MaxLength="24" sap:unicode="false" sap:label="IWO Number" sap:creatable="false"
					sap:updatable="false" sap:sortable="false" sap:filterable="false"/><Property Name="StatusCodeExt" Type="Edm.String" Nullable="false" MaxLength="4" sap:unicode="false" sap:label="ExtStatusCode"
					sap:creatable="false" sap:updatable="false" sap:sortable="false" sap:filterable="false"/><Property Name="StatusTxt" Type="Edm.String" Nullable="false" MaxLength="40" sap:unicode="false" sap:label="Status Text"
					sap:creatable="false" sap:updatable="false" sap:sortable="false" sap:filterable="false"/></EntityType>
			<EntityType Name="SearchIndSrvOff" sap:content-version="1">
				<Key><PropertyRef Name="Srvoffering"/></Key><Property Name="Srvoffering" Type="Edm.String" Nullable="false" MaxLength="20" sap:unicode="false" sap:label="Description"
					sap:creatable="false" sap:updatable="false" sap:sortable="false" sap:filterable="false"/><Property Name="Srvofferingtxt" Type="Edm.String" Nullable="false" MaxLength="155" sap:unicode="false" sap:label="Text of length 155"
					sap:creatable="false" sap:updatable="false" sap:sortable="false" sap:filterable="false"/></EntityType>
			<EntityType Name="IWOSTATUS" sap:content-version="1">
				<Key><PropertyRef Name="Statuscode"/></Key><Property Name="Statuscode" Type="Edm.String" Nullable="false" MaxLength="5" sap:unicode="false" sap:label="User status"
					sap:creatable="false" sap:updatable="false" sap:sortable="false" sap:filterable="false"/><Property Name="Statusdescription" Type="Edm.String" Nullable="false" MaxLength="60" sap:unicode="false" sap:label="Short Text"
					sap:creatable="false" sap:updatable="false" sap:sortable="false" sap:filterable="false"/><Property Name="StatusEditable" Type="Edm.String" Nullable="false" MaxLength="1" sap:unicode="false" sap:label="Editable"
					sap:creatable="false" sap:updatable="false" sap:sortable="false" sap:filterable="false"/></EntityType>
			<EntityType Name="IWOSummary" sap:content-version="1">
				<Key><PropertyRef Name="Requestid"/><PropertyRef Name="Iwo"/></Key><Property Name="Requestid" Type="Edm.String" Nullable="false" MaxLength="32" sap:unicode="false" sap:label="RequestID" sap:creatable="false"
					sap:updatable="false" sap:sortable="false" sap:filterable="false"/><Property Name="Iwo" Type="Edm.String" Nullable="false" MaxLength="24" sap:unicode="false" sap:label="IWO" sap:creatable="false"
					sap:updatable="false" sap:sortable="false" sap:filterable="false"/><Property Name="TotalLbrCst" Type="Edm.Decimal" Nullable="false" Precision="22" Scale="3" sap:unicode="false" sap:label="Total Labor Cost"
					sap:creatable="false" sap:updatable="false" sap:sortable="false" sap:filterable="false"/><Property Name="Overhead" Type="Edm.Decimal" Nullable="false" Precision="5" Scale="2" sap:unicode="false" sap:label="Overhead Data Element"
					sap:creatable="false" sap:updatable="false" sap:sortable="false" sap:filterable="false"/><Property Name="SubTotalA" Type="Edm.Decimal" Nullable="false" Precision="22" Scale="3" sap:unicode="false" sap:label="Sub Total A"
					sap:creatable="false" sap:updatable="false" sap:sortable="false" sap:filterable="false"/><Property Name="Travel" Type="Edm.Decimal" Nullable="false" Precision="22" Scale="3" sap:unicode="false" sap:label="Travel"
					sap:creatable="false" sap:updatable="false" sap:sortable="false" sap:filterable="false"/><Property Name="Allocations" Type="Edm.Decimal" Nullable="false" Precision="22" Scale="3" sap:unicode="false" sap:label="Allocations"
					sap:creatable="false" sap:updatable="false" sap:sortable="false" sap:filterable="false"/><Property Name="FixedAssets" Type="Edm.Decimal" Nullable="false" Precision="22" Scale="3" sap:unicode="false" sap:label="Fixed Assets"
					sap:creatable="false" sap:updatable="false" sap:sortable="false" sap:filterable="false"/><Property Name="PropertyFacilities" Type="Edm.Decimal" Nullable="false" Precision="22" Scale="3" sap:unicode="false"
					sap:label="Property and Facilit" sap:creatable="false" sap:updatable="false" sap:sortable="false" sap:filterable="false"/><Property Name="SwLicCharg" Type="Edm.Decimal" Nullable="false" Precision="22" Scale="3" sap:unicode="false"
					sap:label="Software Licence Charges" sap:creatable="false" sap:updatable="false" sap:sortable="false" sap:filterable="false"/><Property Name="VcCharges" Type="Edm.Decimal" Nullable="false" Precision="22" Scale="3" sap:unicode="false"
					sap:label="Volumetric/Consumption Charges" sap:creatable="false" sap:updatable="false" sap:sortable="false" sap:filterable="false"/><Property Name="OtherMis" Type="Edm.Decimal" Nullable="false" Precision="22" Scale="3" sap:unicode="false" sap:label="Other Misc"
					sap:creatable="false" sap:updatable="false" sap:sortable="false" sap:filterable="false"/><Property Name="SubTotalB" Type="Edm.Decimal" Nullable="false" Precision="22" Scale="3" sap:unicode="false" sap:label="Sub Total B"
					sap:creatable="false" sap:updatable="false" sap:sortable="false" sap:filterable="false"/><Property Name="TtlEstCstWoutMark" Type="Edm.Decimal" Nullable="false" Precision="22" Scale="3" sap:unicode="false"
					sap:label="Total Estimated Cost" sap:creatable="false" sap:updatable="false" sap:sortable="false" sap:filterable="false"/><Property Name="TtlEstCstWithMark" Type="Edm.Decimal" Nullable="false" Precision="22" Scale="3" sap:unicode="false"
					sap:label="Total Estimated Cost" sap:creatable="false" sap:updatable="false" sap:sortable="false" sap:filterable="false"/><Property Name="TRANSFER_PRICING" Type="Edm.Decimal" Nullable="false" Precision="22" Scale="3" sap:unicode="false"
					sap:label="TRANSFER_PRICING" sap:creatable="false" sap:updatable="false" sap:sortable="false" sap:filterable="false"/><Property Name="GLOBAL_FUNCTION" Type="Edm.Decimal" Nullable="false" Precision="22" Scale="3" sap:unicode="false"
					sap:label="GLOBAL_FUNCTION" sap:creatable="false" sap:updatable="false" sap:sortable="false" sap:filterable="false"/><Property Name="IWOCURRENCY" Type="Edm.String" Nullable="false" MaxLength="5" sap:unicode="false" sap:label="IWOCURRENCY"
					sap:creatable="false" sap:updatable="false" sap:sortable="false" sap:filterable="false" sap:semantics="currency-code"/><Property Name="Reftotal" Type="Edm.Decimal" Nullable="false" Precision="22" Scale="3" sap:unicode="false" sap:label="Reference IWO total"
					sap:creatable="false" sap:updatable="false" sap:sortable="false" sap:filterable="false"/><Property Name="RevReason" Type="Edm.String" Nullable="false" MaxLength="60" sap:unicode="false" sap:label="RevReason" sap:creatable="false"
					sap:updatable="false" sap:sortable="false" sap:filterable="false"/><Property Name="Markup" Type="Edm.Decimal" Nullable="false" Precision="22" Scale="3" sap:unicode="false" sap:label="Markup"
					sap:creatable="false" sap:updatable="false" sap:sortable="false" sap:filterable="false"/></EntityType>
			<EntityType Name="SearchIWOWBS" sap:content-version="1">
				<Key><PropertyRef Name="Iwo"/><PropertyRef Name="OrigWbs"/></Key><Property Name="Iwo" Type="Edm.String" Nullable="false" MaxLength="24" sap:unicode="false" sap:label="IWO" sap:creatable="false"
					sap:updatable="false" sap:sortable="false"/><Property Name="OrigWbs" Type="Edm.String" Nullable="false" MaxLength="24" sap:unicode="false" sap:label="WBS element" sap:creatable="false"
					sap:updatable="false" sap:sortable="false" sap:filterable="false"/></EntityType>
			<EntityType Name="CurrentUserAdminCheck" sap:content-version="1">
				<Key><PropertyRef Name="SystUser"/><PropertyRef Name="AdminGroup"/></Key><Property Name="SystUser" Type="Edm.String" Nullable="false" MaxLength="12" sap:unicode="false" sap:label="SystUserID" sap:creatable="false"
					sap:updatable="false" sap:sortable="false" sap:filterable="false"/><Property Name="AdminGroup" Type="Edm.String" Nullable="false" MaxLength="10" sap:unicode="false" sap:label="AdminGroup"
					sap:creatable="false" sap:updatable="false" sap:sortable="false" sap:filterable="false"/></EntityType>
			<EntityType Name="IWOAttachLine" m:HasStream="true" sap:content-version="1">
				<Key><PropertyRef Name="AttachID"/><PropertyRef Name="Iwo"/></Key><Property Name="AttachID" Type="Edm.String" Nullable="false" MaxLength="10" sap:unicode="false" sap:label="AttachID" sap:creatable="false"
					sap:updatable="false" sap:sortable="false" sap:filterable="false"/><Property Name="Iwo" Type="Edm.String" Nullable="false" MaxLength="24" sap:unicode="false" sap:label="IWO" sap:creatable="false"
					sap:updatable="false" sap:sortable="false" sap:filterable="false"/><Property Name="Filename" Type="Edm.String" Nullable="false" MaxLength="100" sap:unicode="false" sap:label="Character 100"
					sap:creatable="false" sap:updatable="false" sap:sortable="false" sap:filterable="false"/><Property Name="Systemdate" Type="Edm.DateTime" Nullable="false" Precision="7" sap:unicode="false" sap:label="Current Date"
					sap:creatable="false" sap:updatable="false" sap:sortable="false" sap:filterable="false"/><Property Name="Systemtime" Type="Edm.Time" Nullable="false" Precision="0" sap:unicode="false" sap:label="Time" sap:creatable="false"
					sap:updatable="false" sap:sortable="false" sap:filterable="false"/><Property Name="Value" Type="Edm.Binary" Nullable="false" sap:unicode="false" sap:label="Binary String" sap:creatable="false"
					sap:updatable="false" sap:sortable="false" sap:filterable="false"/><Property Name="Mimetype" Type="Edm.String" Nullable="false" MaxLength="100" sap:unicode="false" sap:label="Character 100"
					sap:creatable="false" sap:updatable="false" sap:sortable="false" sap:filterable="false"/></EntityType>
			<EntityType Name="IWOReqStatus" sap:content-version="1">
				<Key><PropertyRef Name="Iwo"/></Key><Property Name="Iwo" Type="Edm.String" Nullable="false" MaxLength="24" sap:unicode="false" sap:label="IWO" sap:creatable="false"
					sap:updatable="false" sap:sortable="false" sap:filterable="false"/><Property Name="Iwoguiid" Type="Edm.String" Nullable="false" MaxLength="1" sap:unicode="false" sap:label="IWOGUID" sap:creatable="false"
					sap:updatable="false" sap:sortable="false" sap:filterable="false"/><Property Name="Systemdate" Type="Edm.DateTime" Nullable="false" Precision="7" sap:unicode="false" sap:label="Current Date"
					sap:creatable="false" sap:updatable="false" sap:sortable="false" sap:filterable="false"/><Property Name="Systemtime" Type="Edm.Time" Nullable="false" Precision="0" sap:unicode="false" sap:label="Time" sap:creatable="false"
					sap:updatable="false" sap:sortable="false" sap:filterable="false"/><Property Name="Linestatus" Type="Edm.String" Nullable="false" MaxLength="5" sap:unicode="false" sap:label="Internal Status"
					sap:creatable="false" sap:updatable="false" sap:sortable="false" sap:filterable="false"/><Property Name="Userstatus" Type="Edm.String" Nullable="false" MaxLength="5" sap:unicode="false" sap:label="User status"
					sap:creatable="false" sap:updatable="false" sap:sortable="false" sap:filterable="false"/><Property Name="Username" Type="Edm.String" Nullable="false" MaxLength="12" sap:unicode="false" sap:label="User Name" sap:creatable="false"
					sap:updatable="false" sap:sortable="false" sap:filterable="false"/><Property Name="Roleid" Type="Edm.String" Nullable="false" MaxLength="10" sap:unicode="false" sap:label="Role ID" sap:creatable="false"
					sap:updatable="false" sap:sortable="false" sap:filterable="false"/><Property Name="Businesstype" Type="Edm.String" Nullable="false" MaxLength="6" sap:unicode="false" sap:label="BusProcess Code"
					sap:creatable="false" sap:updatable="false" sap:sortable="false" sap:filterable="false"/><Property Name="Text" Type="Edm.String" Nullable="false" MaxLength="1000" sap:unicode="false" sap:label="Text of length 1000"
					sap:creatable="false" sap:updatable="false" sap:sortable="false" sap:filterable="false"/><Property Name="Iwolinestatus" Type="Edm.String" Nullable="false" MaxLength="5" sap:unicode="false" sap:label="Internal Status"
					sap:creatable="false" sap:updatable="false" sap:sortable="false" sap:filterable="false"/><Property Name="Nextstatus" Type="Edm.String" Nullable="false" MaxLength="5" sap:unicode="false" sap:label="User status"
					sap:creatable="false" sap:updatable="false" sap:sortable="false" sap:filterable="false"/><Property Name="Itemnumber" Type="Edm.String" Nullable="false" MaxLength="5" sap:unicode="false" sap:label="Item Number"
					sap:creatable="false" sap:updatable="false" sap:sortable="false" sap:filterable="false"/><Property Name="EmpFrstLstName" Type="Edm.String" Nullable="false" MaxLength="80" sap:unicode="false" sap:label="EMPFRSTLSTNAME"
					sap:creatable="false" sap:updatable="false" sap:sortable="false" sap:filterable="false"/></EntityType>
			<EntityType Name="SearchWBSTypeIntOrRev" sap:content-version="1">
				<Key><PropertyRef Name="ProjIntRev"/><PropertyRef Name="ProjIntRevDescr"/></Key><Property Name="ProjIntRev" Type="Edm.String" Nullable="false" MaxLength="3" sap:unicode="false" sap:label="Lower Value"
					sap:creatable="false" sap:updatable="false" sap:sortable="false" sap:filterable="false"/><Property Name="ProjIntRevDescr" Type="Edm.String" Nullable="false" MaxLength="60" sap:unicode="false" sap:label="Short Descript."
					sap:creatable="false" sap:updatable="false" sap:sortable="false" sap:filterable="false"/></EntityType>
			<Association Name="Labor1ToL1AutoPop" sap:content-version="1"><End Type="ZODATA_IWO_REQUEST_SRV.IWOLabor1" Multiplicity="1" Role="FromRole_Labor1ToL1AutoPop"/><End Type="ZODATA_IWO_REQUEST_SRV.IWOAutoPopulateL1" Multiplicity="1" Role="ToRole_Labor1ToL1AutoPop"/>
				<ReferentialConstraint>
					<Principal Role="FromRole_Labor1ToL1AutoPop"><PropertyRef Name="Requestid"/><PropertyRef Name="Iwo"/><PropertyRef Name="IwoguidItem"/></Principal>
					<Dependent Role="ToRole_Labor1ToL1AutoPop"><PropertyRef Name="Requestid"/><PropertyRef Name="Iwo"/><PropertyRef Name="IwoGuidItem"/></Dependent>
				</ReferentialConstraint>
			</Association>
			<Association Name="RequesttoLabor1" sap:content-version="1"><End Type="ZODATA_IWO_REQUEST_SRV.IWORequest" Multiplicity="1" Role="FromRole_RequesttoLabor1"/><End Type="ZODATA_IWO_REQUEST_SRV.IWOLabor1" Multiplicity="*" Role="ToRole_RequesttoLabor1"/>
				<ReferentialConstraint>
					<Principal Role="FromRole_RequesttoLabor1"><PropertyRef Name="Iwo"/><PropertyRef Name="Requestid"/></Principal>
					<Dependent Role="ToRole_RequesttoLabor1"><PropertyRef Name="Iwo"/><PropertyRef Name="Requestid"/></Dependent>
				</ReferentialConstraint>
			</Association>
			<Association Name="RequesttoLabor2" sap:content-version="1"><End Type="ZODATA_IWO_REQUEST_SRV.IWORequest" Multiplicity="1" Role="FromRole_RequesttoLabor2"/><End Type="ZODATA_IWO_REQUEST_SRV.IWOLabor2" Multiplicity="*" Role="ToRole_RequesttoLabor2"/>
				<ReferentialConstraint>
					<Principal Role="FromRole_RequesttoLabor2"><PropertyRef Name="Iwo"/><PropertyRef Name="Requestid"/></Principal>
					<Dependent Role="ToRole_RequesttoLabor2"><PropertyRef Name="Iwo"/><PropertyRef Name="Requestid"/></Dependent>
				</ReferentialConstraint>
			</Association>
			<Association Name="RequesttoOther" sap:content-version="1"><End Type="ZODATA_IWO_REQUEST_SRV.IWORequest" Multiplicity="1" Role="FromRole_RequesttoOther"/><End Type="ZODATA_IWO_REQUEST_SRV.IWOOther" Multiplicity="*" Role="ToRole_RequesttoOther"/>
				<ReferentialConstraint>
					<Principal Role="FromRole_RequesttoOther"><PropertyRef Name="Iwo"/><PropertyRef Name="Requestid"/></Principal>
					<Dependent Role="ToRole_RequesttoOther"><PropertyRef Name="Iwo"/><PropertyRef Name="Requestid"/></Dependent>
				</ReferentialConstraint>
			</Association>
			<Association Name="RequestToErrors" sap:content-version="1"><End Type="ZODATA_IWO_REQUEST_SRV.IWORequest" Multiplicity="1" Role="FromRole_RequestToErrors"/><End Type="ZODATA_IWO_REQUEST_SRV.IWOErrLines" Multiplicity="*" Role="ToRole_RequestToErrors"/>
				<ReferentialConstraint>
					<Principal Role="FromRole_RequestToErrors"><PropertyRef Name="Requestid"/><PropertyRef Name="Iwo"/></Principal>
					<Dependent Role="ToRole_RequestToErrors"><PropertyRef Name="Requestid"/><PropertyRef Name="Iwo"/></Dependent>
				</ReferentialConstraint>
			</Association>
			<Association Name="IwoAttachtoLine" sap:content-version="1"><End Type="ZODATA_IWO_REQUEST_SRV.IWOAttach" Multiplicity="1" Role="FromRole_IwoAttachtoLine"/><End Type="ZODATA_IWO_REQUEST_SRV.IWOAttachLine" Multiplicity="*" Role="ToRole_IwoAttachtoLine"/>
				<ReferentialConstraint>
					<Principal Role="FromRole_IwoAttachtoLine"><PropertyRef Name="AttachID"/><PropertyRef Name="Iwo"/></Principal>
					<Dependent Role="ToRole_IwoAttachtoLine"><PropertyRef Name="AttachID"/><PropertyRef Name="Iwo"/></Dependent>
				</ReferentialConstraint>
			</Association>
			<Association Name="UploadError" sap:content-version="1"><End Type="ZODATA_IWO_REQUEST_SRV.IWOFileUpload" Multiplicity="1" Role="FromRole_UploadError"/><End Type="ZODATA_IWO_REQUEST_SRV.IWOErrLines" Multiplicity="*" Role="ToRole_UploadError"/>
				<ReferentialConstraint>
					<Principal Role="FromRole_UploadError"><PropertyRef Name="Uploadid"/></Principal>
					<Dependent Role="ToRole_UploadError"><PropertyRef Name="Requestid"/></Dependent>
				</ReferentialConstraint>
			</Association>
			<EntityContainer Name="ZODATA_IWO_REQUEST_SRV_Entities" m:IsDefaultEntityContainer="true" sap:supported-formats="atom json xlsx"><EntitySet Name="IWOFileUploadSet" EntityType="ZODATA_IWO_REQUEST_SRV.IWOFileUpload" sap:updatable="false" sap:deletable="false"
				sap:pageable="false" sap:content-version="1"/><EntitySet Name="SearchEmployeeSet" EntityType="ZODATA_IWO_REQUEST_SRV.SearchEmployee" sap:creatable="false" sap:updatable="false"
				sap:deletable="false" sap:pageable="false" sap:content-version="1"/><EntitySet Name="IWOManageSet" EntityType="ZODATA_IWO_REQUEST_SRV.IWOManage" sap:creatable="false" sap:updatable="false"
				sap:deletable="false" sap:pageable="false" sap:content-version="1"/><EntitySet Name="SearchCompanySet" EntityType="ZODATA_IWO_REQUEST_SRV.SearchCompany" sap:creatable="false" sap:updatable="false"
				sap:deletable="false" sap:searchable="true" sap:pageable="false" sap:content-version="1"/><EntitySet Name="SearchMasterWBSSet" EntityType="ZODATA_IWO_REQUEST_SRV.SearchMasterWBS" sap:creatable="false" sap:updatable="false"
				sap:deletable="false" sap:searchable="true" sap:pageable="false" sap:content-version="1"/><EntitySet Name="SearchProfitCentreSet" EntityType="ZODATA_IWO_REQUEST_SRV.SearchProfitCentre" sap:creatable="false" sap:updatable="false"
				sap:deletable="false" sap:searchable="true" sap:pageable="false" sap:content-version="1"/><EntitySet Name="SearchIWOBasicSet" EntityType="ZODATA_IWO_REQUEST_SRV.SearchIWOBasic" sap:creatable="false" sap:updatable="false"
				sap:deletable="false" sap:searchable="true" sap:pageable="false" sap:content-version="1"/><EntitySet Name="SearchIWOApproverSet" EntityType="ZODATA_IWO_REQUEST_SRV.SearchIWOApprover" sap:creatable="false" sap:updatable="false"
				sap:deletable="false" sap:pageable="false" sap:addressable="false" sap:content-version="1"/><EntitySet Name="SearchIndiaLocationSet" EntityType="ZODATA_IWO_REQUEST_SRV.SearchIndiaLocation" sap:creatable="false" sap:updatable="false"
				sap:deletable="false" sap:pageable="false" sap:addressable="false" sap:content-version="1"/><EntitySet Name="IWOAttachSet" EntityType="ZODATA_IWO_REQUEST_SRV.IWOAttach" sap:creatable="false" sap:updatable="false"
				sap:deletable="false" sap:pageable="false" sap:content-version="1"/><EntitySet Name="SearchIWOEmpSet" EntityType="ZODATA_IWO_REQUEST_SRV.SearchIWOEmp" sap:creatable="false" sap:updatable="false"
				sap:deletable="false" sap:pageable="false" sap:content-version="1"/><EntitySet Name="IWOLabor1_JobcatSet_SH" EntityType="ZODATA_IWO_REQUEST_SRV.IWOLabor1_Jobcat_SH" sap:creatable="false" sap:updatable="false"
				sap:deletable="false" sap:pageable="false" sap:content-version="1"/><EntitySet Name="IWOLabor2_JobcatSet_SH" EntityType="ZODATA_IWO_REQUEST_SRV.IWOLabor2_Jobcat_SH" sap:creatable="false" sap:updatable="false"
				sap:deletable="false" sap:pageable="false" sap:content-version="1"/><EntitySet Name="IWOOther_JobcatSet_SH" EntityType="ZODATA_IWO_REQUEST_SRV.IWOOther_Jobcat_SH" sap:creatable="false" sap:updatable="false"
				sap:deletable="false" sap:pageable="false" sap:content-version="1"/><EntitySet Name="IWODelegationSet" EntityType="ZODATA_IWO_REQUEST_SRV.IWODelegation" sap:creatable="false" sap:updatable="false"
				sap:deletable="false" sap:pageable="false" sap:content-version="1"/><EntitySet Name="IWORequestSet" EntityType="ZODATA_IWO_REQUEST_SRV.IWORequest" sap:updatable="false" sap:deletable="false"
				sap:pageable="false" sap:content-version="1"/><EntitySet Name="IWOLabor1Set" EntityType="ZODATA_IWO_REQUEST_SRV.IWOLabor1" sap:updatable="false" sap:deletable="false"
				sap:pageable="false" sap:content-version="1"/><EntitySet Name="IWOLabor2Set" EntityType="ZODATA_IWO_REQUEST_SRV.IWOLabor2" sap:updatable="false" sap:deletable="false"
				sap:pageable="false" sap:content-version="1"/><EntitySet Name="IWOOtherSet" EntityType="ZODATA_IWO_REQUEST_SRV.IWOOther" sap:updatable="false" sap:deletable="false" sap:pageable="false"
				sap:content-version="1"/><EntitySet Name="SearchSOWSet" EntityType="ZODATA_IWO_REQUEST_SRV.SearchSOW" sap:creatable="false" sap:updatable="false"
				sap:deletable="false" sap:pageable="false" sap:content-version="1"/><EntitySet Name="IWOErrLinesSet" EntityType="ZODATA_IWO_REQUEST_SRV.IWOErrLines" sap:creatable="false" sap:updatable="false"
				sap:deletable="false" sap:pageable="false" sap:addressable="false" sap:content-version="1"/><EntitySet Name="IWOAutoPopulateL1Set" EntityType="ZODATA_IWO_REQUEST_SRV.IWOAutoPopulateL1" sap:creatable="false" sap:deletable="false"
				sap:pageable="false" sap:content-version="1"/><EntitySet Name="IWOAutoPopulateOtherSet" EntityType="ZODATA_IWO_REQUEST_SRV.IWOAutoPopulateOther" sap:creatable="false"
				sap:deletable="false" sap:pageable="false" sap:addressable="false" sap:content-version="1"/><EntitySet Name="IWOAutoPopulateL2Set" EntityType="ZODATA_IWO_REQUEST_SRV.IWOAutoPopulateL2" sap:creatable="false" sap:deletable="false"
				sap:pageable="false" sap:addressable="false" sap:content-version="1"/><EntitySet Name="IWOHelpSet" EntityType="ZODATA_IWO_REQUEST_SRV.IWOHelp" sap:creatable="false" sap:updatable="false" sap:deletable="false"
				sap:pageable="false" sap:content-version="1"/><EntitySet Name="IWOContactsSet" EntityType="ZODATA_IWO_REQUEST_SRV.IWOContacts" sap:creatable="false" sap:updatable="false"
				sap:deletable="false" sap:pageable="false" sap:content-version="1"/><EntitySet Name="SearchIWOClientNameSet" EntityType="ZODATA_IWO_REQUEST_SRV.SearchIWOClientName" sap:creatable="false" sap:updatable="false"
				sap:deletable="false" sap:pageable="false" sap:addressable="false" sap:content-version="1"/><EntitySet Name="SearchIWOOrigWBSSet" EntityType="ZODATA_IWO_REQUEST_SRV.SearchIWOOrigWBS" sap:creatable="false" sap:updatable="false"
				sap:deletable="false" sap:pageable="false" sap:addressable="false" sap:content-version="1"/><EntitySet Name="SearchIWOOrigBukrsSet" EntityType="ZODATA_IWO_REQUEST_SRV.SearchIWOOrigBukrs" sap:creatable="false" sap:updatable="false"
				sap:deletable="false" sap:pageable="false" sap:addressable="false" sap:content-version="1"/><EntitySet Name="SearchIWOPerfBukrsSet" EntityType="ZODATA_IWO_REQUEST_SRV.SearchIWOPerfBukrs" sap:creatable="false" sap:updatable="false"
				sap:deletable="false" sap:pageable="false" sap:addressable="false" sap:content-version="1"/><EntitySet Name="SearchIWOPerfWBSSet" EntityType="ZODATA_IWO_REQUEST_SRV.SearchIWOPerfWBS" sap:creatable="false" sap:updatable="false"
				sap:deletable="false" sap:pageable="false" sap:addressable="false" sap:content-version="1"/><EntitySet Name="SearchIWOProjNameSet" EntityType="ZODATA_IWO_REQUEST_SRV.SearchIWOProjName" sap:creatable="false" sap:updatable="false"
				sap:deletable="false" sap:pageable="false" sap:addressable="false" sap:content-version="1"/><EntitySet Name="SearchIWOStatusSet" EntityType="ZODATA_IWO_REQUEST_SRV.SearchIWOStatus" sap:creatable="false" sap:updatable="false"
				sap:deletable="false" sap:pageable="false" sap:addressable="false" sap:content-version="1"/><EntitySet Name="SearchIndSrvOffSet" EntityType="ZODATA_IWO_REQUEST_SRV.SearchIndSrvOff" sap:creatable="false" sap:updatable="false"
				sap:deletable="false" sap:pageable="false" sap:content-version="1"/><EntitySet Name="IWOSTATUSSet" EntityType="ZODATA_IWO_REQUEST_SRV.IWOSTATUS" sap:creatable="false" sap:updatable="false"
				sap:deletable="false" sap:pageable="false" sap:content-version="1"/><EntitySet Name="IWOSummarySet" EntityType="ZODATA_IWO_REQUEST_SRV.IWOSummary" sap:creatable="false" sap:updatable="false"
				sap:deletable="false" sap:pageable="false" sap:content-version="1"/><EntitySet Name="SearchIWOWBSSet" EntityType="ZODATA_IWO_REQUEST_SRV.SearchIWOWBS" sap:creatable="false" sap:updatable="false"
				sap:deletable="false" sap:pageable="false" sap:content-version="1"/><EntitySet Name="CurrentUserAdminCheckSet" EntityType="ZODATA_IWO_REQUEST_SRV.CurrentUserAdminCheck" sap:creatable="false"
				sap:updatable="false" sap:deletable="false" sap:pageable="false" sap:content-version="1"/><EntitySet Name="IWOAttachLineSet" EntityType="ZODATA_IWO_REQUEST_SRV.IWOAttachLine" sap:creatable="false" sap:updatable="false"
				sap:deletable="false" sap:pageable="false" sap:content-version="1"/><EntitySet Name="IWOReqStatusSet" EntityType="ZODATA_IWO_REQUEST_SRV.IWOReqStatus" sap:creatable="false" sap:updatable="false"
				sap:deletable="false" sap:pageable="false" sap:content-version="1"/><EntitySet Name="SearchWBSTypeIntOrRevSet" EntityType="ZODATA_IWO_REQUEST_SRV.SearchWBSTypeIntOrRev" sap:creatable="false"
				sap:updatable="false" sap:deletable="false" sap:searchable="true" sap:pageable="false" sap:content-version="1"/>
				<AssociationSet Name="RequesttoOtherSet" Association="ZODATA_IWO_REQUEST_SRV.RequesttoOther" sap:creatable="false" sap:updatable="false"
					sap:deletable="false" sap:content-version="1"><End EntitySet="IWORequestSet" Role="FromRole_RequesttoOther"/><End EntitySet="IWOOtherSet" Role="ToRole_RequesttoOther"/></AssociationSet>
				<AssociationSet Name="UploadErrorSet" Association="ZODATA_IWO_REQUEST_SRV.UploadError" sap:creatable="false" sap:updatable="false"
					sap:deletable="false" sap:content-version="1"><End EntitySet="IWOFileUploadSet" Role="FromRole_UploadError"/><End EntitySet="IWOErrLinesSet" Role="ToRole_UploadError"/></AssociationSet>
				<AssociationSet Name="RequesttoLabor1Set" Association="ZODATA_IWO_REQUEST_SRV.RequesttoLabor1" sap:creatable="false" sap:updatable="false"
					sap:deletable="false" sap:content-version="1"><End EntitySet="IWORequestSet" Role="FromRole_RequesttoLabor1"/><End EntitySet="IWOLabor1Set" Role="ToRole_RequesttoLabor1"/></AssociationSet>
				<AssociationSet Name="Labor1ToL1AutoPop_AssocSet" Association="ZODATA_IWO_REQUEST_SRV.Labor1ToL1AutoPop" sap:creatable="false"
					sap:updatable="false" sap:deletable="false" sap:content-version="1"><End EntitySet="IWOLabor1Set" Role="FromRole_Labor1ToL1AutoPop"/><End EntitySet="IWOAutoPopulateL1Set" Role="ToRole_Labor1ToL1AutoPop"/></AssociationSet>
				<AssociationSet Name="RequesttoLabor2Set" Association="ZODATA_IWO_REQUEST_SRV.RequesttoLabor2" sap:creatable="false" sap:updatable="false"
					sap:deletable="false" sap:content-version="1"><End EntitySet="IWORequestSet" Role="FromRole_RequesttoLabor2"/><End EntitySet="IWOLabor2Set" Role="ToRole_RequesttoLabor2"/></AssociationSet>
				<AssociationSet Name="IwoAttachtoLineSet" Association="ZODATA_IWO_REQUEST_SRV.IwoAttachtoLine" sap:creatable="false" sap:updatable="false"
					sap:deletable="false" sap:content-version="1"><End EntitySet="IWOAttachSet" Role="FromRole_IwoAttachtoLine"/><End EntitySet="IWOAttachLineSet" Role="ToRole_IwoAttachtoLine"/></AssociationSet>
				<AssociationSet Name="RequestToErrLinesSet" Association="ZODATA_IWO_REQUEST_SRV.RequestToErrors" sap:creatable="false" sap:updatable="false"
					sap:deletable="false" sap:content-version="1"><End EntitySet="IWORequestSet" Role="FromRole_RequestToErrors"/><End EntitySet="IWOErrLinesSet" Role="ToRole_RequestToErrors"/></AssociationSet>
				<FunctionImport Name="OrigWBSFromIWONo" ReturnType="Collection(ZODATA_IWO_REQUEST_SRV.SearchIWOWBS)" EntitySet="SearchIWOWBSSet"
					m:HttpMethod="GET" sap:label="Searc IWO WBS" sap:action-for="ZODATA_IWO_REQUEST_SRV.SearchIWOWBS"><Parameter Name="IWO" Type="Edm.String" Mode="In" MaxLength="24"/></FunctionImport>
			</EntityContainer><atom:link xmlns:atom="http://www.w3.org/2005/Atom" rel="self" href="./sap/ZODATA_IWO_REQUEST_SRV/$metadata"/><atom:link xmlns:atom="http://www.w3.org/2005/Atom" rel="latest-version" href="./sap/ZODATA_IWO_REQUEST_SRV/$metadata"/></Schema>
	</edmx:DataServices>
</edmx:Edmx>