<?xml version="1.0" encoding="utf-8"?>
<edmx:Edmx Version="1.0" xmlns:edmx="http://schemas.microsoft.com/ado/2007/06/edmx"
	xmlns:m="http://schemas.microsoft.com/ado/2007/08/dataservices/metadata" xmlns:sap="http://www.sap.com/Protocols/SAPData">
	<edmx:DataServices m:DataServiceVersion="2.0">
		<Schema Namespace="ZODATA_WBS_HELP_SRV" xml:lang="en" sap:schema-version="1" xmlns="http://schemas.microsoft.com/ado/2008/09/edm">
			<EntityType Name="WBS_Help" sap:content-version="1">
				<Key><PropertyRef Name="Seq_num"/></Key><Property Name="Seq_num" Type="Edm.String" Nullable="false" MaxLength="3" sap:unicode="false" sap:label="Sequence No" sap:creatable="false"
					sap:updatable="false" sap:filterable="false"/><Property Name="Text" Type="Edm.String" Nullable="false" MaxLength="100" sap:unicode="false" sap:label="Text" sap:creatable="false"
					sap:updatable="false" sap:sortable="false" sap:filterable="false"/></EntityType>
			<EntityContainer Name="ZODATA_WBS_HELP_SRV_Entities" m:IsDefaultEntityContainer="true" sap:supported-formats="atom json xlsx"><EntitySet Name="WBS_HelpSet" EntityType="ZODATA_WBS_HELP_SRV.WBS_Help" sap:creatable="false" sap:updatable="false" sap:deletable="false"
				sap:pageable="false" sap:addressable="false" sap:content-version="1"/></EntityContainer><atom:link rel="self"
				href="https://webidecp-utasxm81qu.dispatcher.us4.hana.ondemand.com/destinations/MDD_DXC/sap/opu/odata/sap/ZODATA_WBS_HELP_SRV/$metadata"
				xmlns:atom="http://www.w3.org/2005/Atom"/><atom:link rel="latest-version"
				href="https://webidecp-utasxm81qu.dispatcher.us4.hana.ondemand.com/destinations/MDD_DXC/sap/opu/odata/sap/ZODATA_WBS_HELP_SRV/$metadata"
				xmlns:atom="http://www.w3.org/2005/Atom"/></Schema>
	</edmx:DataServices>
</edmx:Edmx>